DateTime,cb2,cb3,water level,temperature a,temperature b
1995-01-01 0:00,NaN,NaN,232.68,3.55,-5.35
1995-01-02 0:00,NaN,NaN,232.69,2.45,-7.25
1995-01-03 0:00,NaN,NaN,232.76,0.2,-9.05
1995-01-04 0:00,NaN,NaN,232.305,-3.05,-8.25
1995-01-05 0:00,NaN,NaN,232.27,-0.05,-6.15
1995-01-06 0:00,NaN,NaN,232.11,3.85,-3.75
1995-01-07 0:00,NaN,NaN,232.14,3.85,-6.2
1995-01-08 0:00,NaN,NaN,232.11,3.05,-5.4
1995-01-09 0:00,NaN,NaN,232.14,4.55,-5.1
1995-01-10 0:00,NaN,NaN,231.78,5.1,-2.75
1995-01-11 0:00,NaN,NaN,231.63,8.65,-2.4
1995-01-12 0:00,NaN,NaN,231.54,1.9,-8.1
1995-01-13 0:00,NaN,NaN,231.38,0.9,-8.1
1995-01-14 0:00,NaN,NaN,231.38,0.15,-6.35
1995-01-15 0:00,NaN,NaN,231.39,1.9,-1.1
1995-01-16 0:00,NaN,NaN,231.36,4.25,-1.55
1995-01-17 0:00,NaN,NaN,231.08,8.4,-2.95
1995-01-18 0:00,NaN,NaN,231.085,6.35,-1.15
1995-01-19 0:00,NaN,NaN,231.09,5.6,-3.15
1995-01-20 0:00,NaN,NaN,231.1,3.65,-1.3
1995-01-21 0:00,NaN,NaN,231.1,6.4,-2.3
1995-01-22 0:00,NaN,NaN,231.1,10.8,0.7
1995-01-23 0:00,NaN,NaN,231.11,11.7,1.45
1995-01-24 0:00,NaN,NaN,231.12,9.2,1.7
1995-01-25 0:00,NaN,NaN,231.12,12.1,3
1995-01-26 0:00,NaN,NaN,231.12,9.25,0.9
1995-01-27 0:00,NaN,NaN,231.14,6.35,0.05
1995-01-28 0:00,NaN,NaN,231.05,6.65,-0.8
1995-01-29 0:00,NaN,NaN,231.05,6.45,-0.2
1995-01-30 0:00,NaN,NaN,231.05,9.9,0.15
1995-01-31 0:00,NaN,NaN,231.05,7.45,3.35
1995-02-01 0:00,NaN,NaN,230.98,9.35,3.1
1995-02-02 0:00,NaN,NaN,230.99,6.4,-2.6
1995-02-03 0:00,NaN,NaN,230.99,7.2,-0.2
1995-02-04 0:00,NaN,NaN,230.74,6.8,1.3
1995-02-05 0:00,NaN,NaN,230.74,10.55,3.85
1995-02-06 0:00,NaN,NaN,230.74,9.7,4.3
1995-02-07 0:00,NaN,NaN,230.74,9.55,3.95
1995-02-08 0:00,NaN,NaN,230.74,9.8,0.35
1995-02-09 0:00,NaN,NaN,230.74,8.65,0.15
1995-02-10 0:00,NaN,NaN,230.75,5.25,-2.2
1995-02-11 0:00,NaN,NaN,230.75,7.6,-0.25
1995-02-12 0:00,NaN,NaN,230.59,10.4,1.9
1995-02-13 0:00,NaN,NaN,230.6,9.8,1.35
1995-02-14 0:00,NaN,NaN,230.48,11.2,0.7
1995-02-15 0:00,NaN,NaN,230.335,13.5,2.9
1995-02-16 0:00,NaN,NaN,230.23,11.7,3.85
1995-02-17 0:00,NaN,NaN,230.15,12.65,2.9
1995-02-18 0:00,NaN,NaN,230.01,7.45,-3.35
1995-02-19 0:00,NaN,NaN,229.75,7.95,0.15
1995-02-20 0:00,NaN,NaN,229.54,12.3,3.65
1995-02-21 0:00,NaN,NaN,229.26,8.3,2.2
1995-02-22 0:00,NaN,NaN,229.01,3.5,-5
1995-02-23 0:00,NaN,NaN,228.7,4.75,-2.95
1995-02-24 0:00,NaN,NaN,228.39,10.1,0.95
1995-02-25 0:00,NaN,NaN,228.06,13.5,3.1
1995-02-26 0:00,NaN,NaN,228.05,4.75,-5.35
1995-02-27 0:00,NaN,NaN,227.87,3.8,-6.2
1995-02-28 0:00,NaN,NaN,227.51,3.85,-4.55
1995-03-01 0:00,NaN,NaN,227.1,5.7,-1.25
1995-03-02 0:00,NaN,NaN,226.59,7.2,-0.9
1995-03-03 0:00,NaN,NaN,225.96,5.05,-4.35
1995-03-04 0:00,NaN,NaN,225.31,2.5,-8.2
1995-03-05 0:00,NaN,NaN,224.86,7.35,-5
1995-03-06 0:00,NaN,NaN,224.3,4.85,-3.25
1995-03-07 0:00,NaN,NaN,223.64,5.45,-3.55
1995-03-08 0:00,NaN,NaN,223,3.85,-5.75
1995-03-09 0:00,NaN,NaN,222.35,7.2,-2.9
1995-03-10 0:00,NaN,NaN,221.65,10.45,-0.15
1995-03-11 0:00,NaN,NaN,221.09,12.65,1.7
1995-03-12 0:00,NaN,NaN,220.69,8.35,1.45
1995-03-13 0:00,NaN,NaN,220.5,9.85,2.75
1995-03-14 0:00,NaN,NaN,220.085,10.5,-0.5
1995-03-15 0:00,NaN,NaN,219.7,6.75,-1.65
1995-03-16 0:00,NaN,NaN,219.2,8.2,-1.7
1995-03-17 0:00,NaN,NaN,218.5,8.5,-0.25
1995-03-18 0:00,NaN,NaN,217.83,9.15,1.6
1995-03-19 0:00,NaN,NaN,217.34,9.6,2
1995-03-20 0:00,NaN,NaN,216.8,8,0.4
1995-03-21 0:00,NaN,NaN,216.57,5.6,-0.95
1995-03-22 0:00,NaN,NaN,216.15,8.6,0.5
1995-03-23 0:00,NaN,NaN,215.94,8.75,2.1
1995-03-24 0:00,NaN,NaN,215.71,11.4,3.65
1995-03-25 0:00,NaN,NaN,215.39,8.4,3.4
1995-03-26 0:00,NaN,NaN,215.17,9.05,1.65
1995-03-27 0:00,NaN,NaN,215.04,9.25,1.15
1995-03-28 0:00,NaN,NaN,214.72,6.25,-1.05
1995-03-29 0:00,NaN,NaN,214.375,9.9,-0.35
1995-03-30 0:00,NaN,NaN,214.17,3.7,-4.95
1995-03-31 0:00,NaN,NaN,213.91,4.75,-2.45
1995-04-01 0:00,NaN,NaN,213.48,8.45,1.55
1995-04-02 0:00,NaN,NaN,213.54,12,6.7
1995-04-03 0:00,NaN,NaN,213.6,14.95,7.25
1995-04-04 0:00,NaN,NaN,213.73,13,6.3
1995-04-05 0:00,NaN,NaN,213.88,12.15,4.95
1995-04-06 0:00,NaN,NaN,214.08,10.85,4.85
1995-04-07 0:00,NaN,NaN,214.25,11.4,4.9
1995-04-08 0:00,NaN,NaN,214.45,15.1,5.85
1995-04-09 0:00,NaN,NaN,214.78,11.85,5.55
1995-04-10 0:00,NaN,NaN,214.97,12.35,5.6
1995-04-11 0:00,NaN,NaN,215.09,13.3,5.2
1995-04-12 0:00,NaN,NaN,215.19,13.1,6.35
1995-04-13 0:00,NaN,NaN,215.325,9.95,4.2
1995-04-14 0:00,NaN,NaN,215.29,8.45,1.65
1995-04-15 0:00,NaN,NaN,215.35,7.8,1.75
1995-04-16 0:00,NaN,NaN,215.46,8.15,-2.6
1995-04-17 0:00,NaN,NaN,215.6,10.8,1.45
1995-04-18 0:00,NaN,NaN,215.62,11.4,3.45
1995-04-19 0:00,NaN,NaN,215.49,9.75,2.7
1995-04-20 0:00,NaN,NaN,215.41,6.8,-2.65
1995-04-21 0:00,NaN,NaN,215.06,6.1,-1.5
1995-04-22 0:00,NaN,NaN,214.71,5.5,-3
1995-04-23 0:00,NaN,NaN,214.57,7,-1.45
1995-04-24 0:00,NaN,NaN,214.62,5.4,-3.3
1995-04-25 0:00,NaN,NaN,214.27,6.3,-3.6
1995-04-26 0:00,NaN,NaN,213.91,9,-0.85
1995-04-27 0:00,NaN,NaN,213.725,10.7,2.75
1995-04-28 0:00,NaN,NaN,213.63,12.2,1.85
1995-04-29 0:00,NaN,NaN,213.51,9.85,3.25
1995-04-30 0:00,NaN,NaN,213.5,10.8,4.9
1995-05-01 0:00,NaN,NaN,NaN,14.6,6.6
1995-05-02 0:00,NaN,NaN,213.75,14.55,7.15
1995-05-03 0:00,NaN,NaN,213.85,15.9,7.15
1995-05-04 0:00,NaN,NaN,NaN,15.9,7.4
1995-05-05 0:00,NaN,NaN,214.19,16.8,8.15
1995-05-06 0:00,NaN,NaN,214.39,17.25,8.85
1995-05-07 0:00,NaN,NaN,214.73,19.2,8.75
1995-05-08 0:00,NaN,NaN,215.08,18.4,8.25
1995-05-09 0:00,NaN,NaN,215.35,16.95,7.25
1995-05-10 0:00,NaN,NaN,215.77,15.4,5.7
1995-05-11 0:00,NaN,NaN,216.07,13.35,3.45
1995-05-12 0:00,NaN,NaN,216.37,10.85,0.5
1995-05-13 0:00,NaN,NaN,216.68,5.6,-4.3
1995-05-14 0:00,NaN,NaN,216.8,7.45,-0.3
1995-05-15 0:00,NaN,NaN,216.98,12.8,3.1
1995-05-16 0:00,NaN,NaN,217.08,14.7,5.3
1995-05-17 0:00,NaN,NaN,217.2,14.4,5.2
1995-05-18 0:00,NaN,NaN,217.53,14.95,5.45
1995-05-19 0:00,NaN,NaN,217.82,10.7,3.2
1995-05-20 0:00,NaN,NaN,218.11,12.25,2.7
1995-05-21 0:00,NaN,NaN,218.39,11.2,3.9
1995-05-22 0:00,NaN,NaN,218.64,14.25,6.6
1995-05-23 0:00,NaN,NaN,218.8,16,7.95
1995-05-24 0:00,NaN,NaN,219.035,15.25,8.95
1995-05-25 0:00,NaN,NaN,219.36,13,7.05
1995-05-26 0:00,NaN,NaN,219.92,15.4,6.8
1995-05-27 0:00,NaN,NaN,220.34,18.05,9.35
1995-05-28 0:00,NaN,NaN,220.8,21.8,12
1995-05-29 0:00,NaN,NaN,221.3,14.5,7.4
1995-05-30 0:00,NaN,NaN,221.81,13.15,3.2
1995-05-31 0:00,NaN,NaN,222.22,11.35,0.75
1995-06-01 0:00,NaN,NaN,222.54,13.6,3.35
1995-06-02 0:00,NaN,NaN,222.72,13.2,4.75
1995-06-03 0:00,NaN,NaN,222.95,13.85,6.2
1995-06-04 0:00,NaN,NaN,223.27,14.85,7.25
1995-06-05 0:00,NaN,NaN,223.66,15.65,6.55
1995-06-06 0:00,NaN,NaN,224.13,15.35,7.6
1995-06-07 0:00,NaN,NaN,224.41,15,7.35
1995-06-08 0:00,NaN,NaN,224.73,15.15,7.4
1995-06-09 0:00,NaN,NaN,225.08,14.15,4.95
1995-06-10 0:00,NaN,NaN,225.52,13.95,3.15
1995-06-11 0:00,NaN,NaN,225.9,12.9,2.65
1995-06-12 0:00,NaN,NaN,226.19,13.95,4.55
1995-06-13 0:00,NaN,NaN,226.34,13,5.35
1995-06-14 0:00,NaN,NaN,226.3,14.4,4.9
1995-06-15 0:00,NaN,NaN,226.5,14.6,5.35
1995-06-16 0:00,NaN,NaN,226.67,14.65,5.5
1995-06-17 0:00,NaN,NaN,226.78,18.25,8.5
1995-06-18 0:00,NaN,NaN,226.98,19.7,11.2
1995-06-19 0:00,NaN,NaN,227.38,19.9,12.45
1995-06-20 0:00,NaN,NaN,227.45,20.15,12.9
1995-06-21 0:00,NaN,NaN,227.55,19.4,10.35
1995-06-22 0:00,NaN,NaN,227.59,19.7,10.6
1995-06-23 0:00,NaN,NaN,227.66,19,11.75
1995-06-24 0:00,NaN,NaN,227.82,14.25,8.35
1995-06-25 0:00,NaN,NaN,228.07,15.65,8
1995-06-26 0:00,NaN,NaN,228.29,19,11.2
1995-06-27 0:00,NaN,NaN,228.29,19.35,9.7
1995-06-28 0:00,NaN,NaN,228.27,20.5,11.25
1995-06-29 0:00,NaN,NaN,228.3,21.35,10.5
1995-06-30 0:00,NaN,NaN,228.26,21.5,12.75
1995-07-01 0:00,NaN,NaN,228.19,22.95,14.8
1995-07-02 0:00,NaN,NaN,228.32,21.1,13
1995-07-03 0:00,NaN,NaN,228.41,18.6,8.85
1995-07-04 0:00,NaN,NaN,228.18,15.7,5.5
1995-07-05 0:00,NaN,NaN,228.12,16.75,6.85
1995-07-06 0:00,NaN,NaN,228.07,18.8,9.2
1995-07-07 0:00,NaN,NaN,227.97,20.05,11.3
1995-07-08 0:00,NaN,NaN,227.81,21.65,13.25
1995-07-09 0:00,NaN,NaN,227.99,21.85,12.95
1995-07-10 0:00,NaN,NaN,228.04,22.15,12.8
1995-07-11 0:00,NaN,NaN,227.81,20.15,10.75
1995-07-12 0:00,NaN,NaN,227.45,21.1,12.3
1995-07-13 0:00,NaN,NaN,227.11,20.4,12.8
1995-07-14 0:00,NaN,NaN,226.92,20.2,12.95
1995-07-15 0:00,NaN,NaN,227.06,20.25,11.95
1995-07-16 0:00,NaN,NaN,227.18,18.95,12.55
1995-07-17 0:00,NaN,NaN,227.26,19.65,12.95
1995-07-18 0:00,NaN,NaN,227.17,22,13.75
1995-07-19 0:00,NaN,NaN,227.14,23.95,15.55
1995-07-20 0:00,NaN,NaN,227.05,25.05,17.95
1995-07-21 0:00,NaN,NaN,226.92,24.2,18.3
1995-07-22 0:00,NaN,NaN,226.74,20.65,14.05
1995-07-23 0:00,NaN,NaN,226.74,21.95,14.75
1995-07-24 0:00,NaN,NaN,226.77,21.6,15.35
1995-07-25 0:00,NaN,NaN,226.725,24.45,17.2
1995-07-26 0:00,NaN,NaN,226.31,21.65,14.9
1995-07-27 0:00,NaN,NaN,226.17,20.1,12.4
1995-07-28 0:00,NaN,NaN,225.83,20.2,13.95
1995-07-29 0:00,NaN,NaN,225.68,22.45,15.2
1995-07-30 0:00,NaN,NaN,225.43,21,14.35
1995-07-31 0:00,NaN,NaN,225.44,21.35,12.55
1995-08-01 0:00,NaN,NaN,225.26,21.25,11.9
1995-08-02 0:00,NaN,NaN,225.23,23.95,13.95
1995-08-03 0:00,NaN,NaN,225.09,21.85,14.5
1995-08-04 0:00,NaN,NaN,224.97,23.9,14.7
1995-08-05 0:00,NaN,NaN,224.67,20.35,13.5
1995-08-06 0:00,NaN,NaN,224.69,17.85,12
1995-08-07 0:00,NaN,NaN,224.74,18.2,10.05
1995-08-08 0:00,NaN,NaN,224.71,19.6,9.8
1995-08-09 0:00,NaN,NaN,224.68,20.9,12.1
1995-08-10 0:00,NaN,NaN,224.64,22.45,14.15
1995-08-11 0:00,NaN,NaN,224.67,22.6,13.95
1995-08-12 0:00,NaN,NaN,224.67,21.75,13.85
1995-08-13 0:00,NaN,NaN,224.69,21.45,12.15
1995-08-14 0:00,NaN,NaN,224.7,22,12.7
1995-08-15 0:00,NaN,NaN,224.65,20.5,11.2
1995-08-16 0:00,NaN,NaN,224.67,19.2,11.85
1995-08-17 0:00,NaN,NaN,224.65,20.55,12.5
1995-08-18 0:00,NaN,NaN,224.6,17.95,11
1995-08-19 0:00,NaN,NaN,224.6,21.05,11.1
1995-08-20 0:00,NaN,NaN,224.61,21.45,11.85
1995-08-21 0:00,NaN,NaN,224.61,20.85,11.55
1995-08-22 0:00,NaN,NaN,224.67,18.75,9.4
1995-08-23 0:00,NaN,NaN,224.6,19.9,8.55
1995-08-24 0:00,NaN,NaN,224.57,19.35,10.1
1995-08-25 0:00,NaN,NaN,224.37,18.4,10.15
1995-08-26 0:00,NaN,NaN,224.18,20.05,11.4
1995-08-27 0:00,NaN,NaN,224.18,19.1,10.55
1995-08-28 0:00,NaN,NaN,224.12,17.55,8.4
1995-08-29 0:00,NaN,NaN,224.02,13.95,7.4
1995-08-30 0:00,NaN,NaN,223.735,14.85,8
1995-08-31 0:00,NaN,NaN,223.61,16.55,8.3
1995-09-01 0:00,NaN,NaN,223.34,14.4,7.75
1995-09-02 0:00,NaN,NaN,223.17,15.45,9.6
1995-09-03 0:00,NaN,NaN,222.99,15.8,9.25
1995-09-04 0:00,NaN,NaN,222.97,16.2,7.6
1995-09-05 0:00,NaN,NaN,222.98,14.95,6.2
1995-09-06 0:00,NaN,NaN,222.98,19.35,8.8
1995-09-07 0:00,NaN,NaN,222.99,22,11.25
1995-09-08 0:00,NaN,NaN,222.99,17.1,7
1995-09-09 0:00,NaN,NaN,222.97,15.55,8
1995-09-10 0:00,NaN,NaN,222.97,19.3,10.75
1995-09-11 0:00,NaN,NaN,222.96,15.5,7.85
1995-09-12 0:00,NaN,NaN,222.96,13.95,6.75
1995-09-13 0:00,NaN,NaN,222.99,13.6,3.95
1995-09-14 0:00,NaN,NaN,223.01,14.15,4.1
1995-09-15 0:00,NaN,NaN,223.01,14.3,6.15
1995-09-16 0:00,NaN,NaN,223.01,14.05,5.85
1995-09-17 0:00,NaN,NaN,223.02,13.4,6.4
1995-09-18 0:00,NaN,NaN,223.03,13.4,7.35
1995-09-19 0:00,NaN,NaN,223.12,13.8,4
1995-09-20 0:00,NaN,NaN,223.18,13.9,3.2
1995-09-21 0:00,NaN,NaN,223.28,13.1,4.8
1995-09-22 0:00,NaN,NaN,223.3,13.05,3.9
1995-09-23 0:00,NaN,NaN,223.32,12.7,3.35
1995-09-24 0:00,NaN,NaN,223.33,11.3,3.05
1995-09-25 0:00,NaN,NaN,223.35,11.8,0.85
1995-09-26 0:00,NaN,NaN,223.43,10.8,1.6
1995-09-27 0:00,NaN,NaN,223.47,12.05,5.1
1995-09-28 0:00,NaN,NaN,223.5,14.85,7.95
1995-09-29 0:00,NaN,NaN,223.58,12.25,4.3
1995-09-30 0:00,NaN,NaN,223.61,12.55,5.35
1995-10-01 0:00,NaN,NaN,223.66,17.95,10.55
1995-10-02 0:00,NaN,NaN,223.71,20.9,12.15
1995-10-03 0:00,NaN,NaN,223.72,17.65,10.6
1995-10-04 0:00,NaN,NaN,223.75,18.85,9.5
1995-10-05 0:00,NaN,NaN,223.8,13.25,6.05
1995-10-06 0:00,NaN,NaN,223.89,15.8,8.3
1995-10-07 0:00,NaN,NaN,223.94,16.4,8.15
1995-10-08 0:00,NaN,NaN,223.97,16.75,9.2
1995-10-09 0:00,NaN,NaN,224.05,16.05,10.55
1995-10-10 0:00,NaN,NaN,224.1,17.2,9.85
1995-10-11 0:00,NaN,NaN,223.89,15.65,7.9
1995-10-12 0:00,NaN,NaN,223.91,15.85,6.4
1995-10-13 0:00,NaN,NaN,223.93,15.7,7.1
1995-10-14 0:00,NaN,NaN,223.85,15.4,7.5
1995-10-15 0:00,NaN,NaN,223.87,15.7,6.6
1995-10-16 0:00,NaN,NaN,223.88,14.9,7.3
1995-10-17 0:00,NaN,NaN,223.85,15.65,7.4
1995-10-18 0:00,NaN,NaN,223.56,13.8,7.4
1995-10-19 0:00,NaN,NaN,223.32,16.15,7.6
1995-10-20 0:00,NaN,NaN,223.27,14.4,6.05
1995-10-21 0:00,NaN,NaN,222.96,11.45,4.3
1995-10-22 0:00,NaN,NaN,222.94,12.6,5.3
1995-10-23 0:00,NaN,NaN,222.93,14.2,6.15
1995-10-24 0:00,NaN,NaN,222.62,14.3,6.75
1995-10-25 0:00,NaN,NaN,222.56,14.75,8.85
1995-10-26 0:00,NaN,NaN,222.45,17,9.2
1995-10-27 0:00,NaN,NaN,222.18,17.85,10.15
1995-10-28 0:00,NaN,NaN,222.1,16.95,8.8
1995-10-29 0:00,NaN,NaN,222.09,13.5,6.05
1995-10-30 0:00,NaN,NaN,222.09,14.05,5.9
1995-10-31 0:00,NaN,NaN,222,13,5.05
1995-11-01 0:00,NaN,NaN,221.88,14.2,7.5
1995-11-02 0:00,NaN,NaN,221.87,11.05,6.8
1995-11-03 0:00,NaN,NaN,221.8,8.35,2.8
1995-11-04 0:00,NaN,NaN,221.61,6.85,0.85
1995-11-05 0:00,NaN,NaN,221.36,6.1,1.4
1995-11-06 0:00,NaN,NaN,221.13,7.85,2.8
1995-11-07 0:00,NaN,NaN,220.65,11.05,6.95
1995-11-08 0:00,NaN,NaN,220.48,8.85,5.95
1995-11-09 0:00,NaN,NaN,220.195,9.3,5.65
1995-11-10 0:00,NaN,NaN,219.91,12.75,2.25
1995-11-11 0:00,NaN,NaN,219.71,18.3,6.3
1995-11-12 0:00,NaN,NaN,219.76,13.55,4.85
1995-11-13 0:00,NaN,NaN,219.81,8.35,-0.3
1995-11-14 0:00,NaN,NaN,219.59,9.15,2.95
1995-11-15 0:00,NaN,NaN,219.52,12.6,3.95
1995-11-16 0:00,NaN,NaN,219.33,13.25,7.05
1995-11-17 0:00,NaN,NaN,219.05,11.95,3.65
1995-11-18 0:00,NaN,NaN,218.95,5.3,0.4
1995-11-19 0:00,NaN,NaN,218.84,3.45,1.35
1995-11-20 0:00,NaN,NaN,218.74,7.15,4.45
1995-11-21 0:00,NaN,NaN,218.31,11.05,4.75
1995-11-22 0:00,NaN,NaN,217.895,8.85,0.45
1995-11-23 0:00,NaN,NaN,217.57,8.95,0.5
1995-11-24 0:00,NaN,NaN,217.26,8.95,1.05
1995-11-25 0:00,NaN,NaN,217.1,7.8,0.05
1995-11-26 0:00,NaN,NaN,217.15,7.05,-1.4
1995-11-27 0:00,NaN,NaN,217.15,5.85,-2.25
1995-11-28 0:00,NaN,NaN,216.93,6.4,-2.05
1995-11-29 0:00,NaN,NaN,216.54,5.5,-1
1995-11-30 0:00,NaN,NaN,216.08,7.95,0.45
1995-12-01 0:00,NaN,NaN,215.67,7.1,1.5
1995-12-02 0:00,NaN,NaN,215.24,7.25,-0.25
1995-12-03 0:00,NaN,NaN,215.06,9.4,0.25
1995-12-04 0:00,NaN,NaN,215.18,9.05,1.1
1995-12-05 0:00,NaN,NaN,214.53,1.2,-3.1
1995-12-06 0:00,NaN,NaN,214.47,2.5,-5.4
1995-12-07 0:00,NaN,NaN,214.43,1.55,-4.3
1995-12-08 0:00,NaN,NaN,214.06,4.4,-0.8
1995-12-09 0:00,NaN,NaN,213.62,6.6,0.3
1995-12-10 0:00,NaN,NaN,213.24,7.15,1.8
1995-12-11 0:00,NaN,NaN,212.72,6.7,0.95
1995-12-12 0:00,NaN,NaN,212.21,5.9,0.45
1995-12-13 0:00,NaN,NaN,211.69,1.85,-3.15
1995-12-14 0:00,NaN,NaN,211.32,-2.2,-7.3
1995-12-15 0:00,NaN,NaN,211.13,-2.85,-4.6
1995-12-16 0:00,NaN,NaN,211.02,6.15,0.45
1995-12-17 0:00,NaN,NaN,211.06,9.85,0.5
1995-12-18 0:00,NaN,NaN,211.08,5.7,-0.4
1995-12-19 0:00,NaN,NaN,210.77,7,1.4
1995-12-20 0:00,NaN,NaN,210.53,8.95,2.95
1995-12-21 0:00,NaN,NaN,210.37,10.5,3.9
1995-12-22 0:00,NaN,NaN,210.35,8.95,3.05
1995-12-23 0:00,NaN,NaN,210.38,10.55,3.35
1995-12-24 0:00,NaN,NaN,210.43,10.85,2.2
1995-12-25 0:00,NaN,NaN,210.46,12.7,3.95
1995-12-26 0:00,NaN,NaN,210.52,11.2,2.85
1995-12-27 0:00,NaN,NaN,210.63,1.9,-3.25
1995-12-28 0:00,NaN,NaN,210.55,6.25,-1.3
1995-12-29 0:00,NaN,NaN,210.17,6.55,-1.35
1995-12-30 0:00,NaN,NaN,NaN,9.85,0.85
1995-12-31 0:00,NaN,NaN,NaN,6.6,-0.75
1996-01-01 0:00,NaN,NaN,209.94,9.15,0.4
1996-01-02 0:00,NaN,NaN,209.98,8.1,-1
1996-01-03 0:00,NaN,NaN,210.075,5.5,2.1
1996-01-04 0:00,NaN,NaN,210.11,5.85,1.6
1996-01-05 0:00,NaN,NaN,210.13,6.1,0.25
1996-01-06 0:00,NaN,NaN,210.17,7.75,-0.7
1996-01-07 0:00,NaN,NaN,210.21,5.7,-0.2
1996-01-08 0:00,NaN,NaN,210.26,10.05,0.05
1996-01-09 0:00,NaN,NaN,210.23,11,1.65
1996-01-10 0:00,NaN,NaN,210.28,7.75,-1.95
1996-01-11 0:00,NaN,NaN,210.34,7.7,-2.05
1996-01-12 0:00,NaN,NaN,210.38,7.2,-1.65
1996-01-13 0:00,NaN,NaN,210.34,9.6,-0.95
1996-01-14 0:00,NaN,NaN,210.39,6.45,1.65
1996-01-15 0:00,NaN,NaN,210.43,10.05,2.2
1996-01-16 0:00,NaN,NaN,210.46,9.4,2.1
1996-01-17 0:00,NaN,NaN,210.31,7.4,0.2
1996-01-18 0:00,NaN,NaN,209.92,6.65,-0.5
1996-01-19 0:00,NaN,NaN,209.67,7.3,-1.65
1996-01-20 0:00,NaN,NaN,209.35,6.9,-1.7
1996-01-21 0:00,NaN,NaN,209.35,7.75,-1
1996-01-22 0:00,NaN,NaN,209.38,12.7,0.75
1996-01-23 0:00,NaN,NaN,209.09,10.8,-0.05
1996-01-24 0:00,NaN,NaN,208.98,5.3,-2.8
1996-01-25 0:00,NaN,NaN,208.77,6.25,-1.75
1996-01-26 0:00,NaN,NaN,208.54,6.85,-2.05
1996-01-27 0:00,NaN,NaN,208.24,7.85,-2.25
1996-01-28 0:00,NaN,NaN,208.21,8.45,-0.95
1996-01-29 0:00,NaN,NaN,208.16,6.95,-1.6
1996-01-30 0:00,NaN,NaN,208.21,8.85,1
1996-01-31 0:00,NaN,NaN,208.21,7.55,-1
1996-02-01 0:00,NaN,NaN,208.22,5.55,-2.3
1996-02-02 0:00,NaN,NaN,208.23,5.15,-1.6
1996-02-03 0:00,NaN,NaN,208.25,6.95,-0.65
1996-02-04 0:00,NaN,NaN,208.25,3.35,-3.4
1996-02-05 0:00,NaN,NaN,208.28,3.35,-7.3
1996-02-06 0:00,NaN,NaN,208.31,5,-6.65
1996-02-07 0:00,NaN,NaN,208.28,7,-5.35
1996-02-08 0:00,NaN,NaN,207.87,4.5,-7.2
1996-02-09 0:00,NaN,NaN,207.42,5.35,-4.2
1996-02-10 0:00,NaN,NaN,207.05,5.65,-3.4
1996-02-11 0:00,NaN,NaN,206.94,5.95,-5
1996-02-12 0:00,NaN,NaN,206.94,8.3,-2.7
1996-02-13 0:00,NaN,NaN,206.97,8.2,-2.9
1996-02-14 0:00,NaN,NaN,206.97,2.05,-7.7
1996-02-15 0:00,NaN,NaN,206.935,1.5,-6.8
1996-02-16 0:00,NaN,NaN,206.82,0.85,-6.15
1996-02-17 0:00,NaN,NaN,206.47,4.65,-1.3
1996-02-18 0:00,NaN,NaN,206.47,7.3,-0.1
1996-02-19 0:00,NaN,NaN,206.46,6.25,-3.35
1996-02-20 0:00,NaN,NaN,205.98,-1.35,-10.65
1996-02-21 0:00,NaN,NaN,205.13,-3.5,-12.85
1996-02-22 0:00,NaN,NaN,204.33,-0.7,-10.35
1996-02-23 0:00,NaN,NaN,204.07,1.55,-7.45
1996-02-24 0:00,NaN,NaN,203.41,7.3,-3.15
1996-02-25 0:00,NaN,NaN,203.21,8.75,-1.95
1996-02-26 0:00,NaN,NaN,203.22,5.35,-3.35
1996-02-27 0:00,NaN,NaN,203.22,6,-3.05
1996-02-28 0:00,NaN,NaN,203.23,5.05,-1.2
1996-02-29 0:00,NaN,NaN,203.25,5.1,-1.95
1996-03-01 0:00,NaN,NaN,203.22,5.75,-2.8
1996-03-02 0:00,NaN,NaN,202.8,4,-4.9
1996-03-03 0:00,NaN,NaN,202.72,3.55,-5.8
1996-03-04 0:00,NaN,NaN,202.23,5.3,-4.6
1996-03-05 0:00,NaN,NaN,201.45,4.35,-4.5
1996-03-06 0:00,NaN,NaN,201.02,4.95,-7.35
1996-03-07 0:00,NaN,NaN,200.24,3.1,-6.65
1996-03-08 0:00,NaN,NaN,199.34,7.05,-2.8
1996-03-09 0:00,NaN,NaN,198.82,7.85,-2.15
1996-03-10 0:00,NaN,NaN,198.5,6.75,-2.15
1996-03-11 0:00,NaN,NaN,198.13,6.35,-1.85
1996-03-12 0:00,NaN,NaN,197.56,6.55,-0.95
1996-03-13 0:00,NaN,NaN,196.87,7,-1.7
1996-03-14 0:00,NaN,NaN,196,6.1,-2
1996-03-15 0:00,NaN,NaN,195.06,5.85,-3.7
1996-03-16 0:00,NaN,NaN,194.64,5.85,-3.75
1996-03-17 0:00,NaN,NaN,194.47,6.9,-3.05
1996-03-18 0:00,NaN,NaN,194.14,6.4,-2.65
1996-03-19 0:00,NaN,NaN,193.76,10.2,-0.45
1996-03-20 0:00,NaN,NaN,193.48,9.2,1.1
1996-03-21 0:00,NaN,NaN,193.22,9.5,2
1996-03-22 0:00,NaN,NaN,192.84,13.45,3.9
1996-03-23 0:00,NaN,NaN,192.71,13.1,4.4
1996-03-24 0:00,NaN,NaN,192.85,13.1,6.2
1996-03-25 0:00,NaN,NaN,192.95,14.15,6.05
1996-03-26 0:00,NaN,NaN,193.17,10.4,3.2
1996-03-27 0:00,NaN,NaN,193.33,9.3,0.7
1996-03-28 0:00,NaN,NaN,193.34,9.5,0.4
1996-03-29 0:00,NaN,NaN,193.31,7.5,0.95
1996-03-30 0:00,NaN,NaN,193.38,7,1.1
1996-03-31 0:00,NaN,NaN,193.2,6.95,0.95
1996-04-01 0:00,NaN,NaN,193,11.8,2.25
1996-04-02 0:00,NaN,NaN,192.38,6.75,-3.1
1996-04-03 0:00,NaN,NaN,191.57,4.05,-6.9
1996-04-04 0:00,NaN,NaN,190.94,4,-3.95
1996-04-05 0:00,NaN,NaN,190.6,7,0.05
1996-04-06 0:00,NaN,NaN,190.17,10.1,1.8
1996-04-07 0:00,NaN,NaN,189.82,8.85,1.75
1996-04-08 0:00,NaN,NaN,189.6,9.65,2.6
1996-04-09 0:00,NaN,NaN,189.7,9.65,2.3
1996-04-10 0:00,NaN,NaN,189.76,11.65,3.55
1996-04-11 0:00,NaN,NaN,189.83,12.6,4.45
1996-04-12 0:00,NaN,NaN,189.88,13.7,5.2
1996-04-13 0:00,NaN,NaN,189.66,13.9,5
1996-04-14 0:00,NaN,NaN,189.58,9.95,2.05
1996-04-15 0:00,NaN,NaN,189.8,11.35,1.1
1996-04-16 0:00,NaN,NaN,189.79,14.1,3.1
1996-04-17 0:00,NaN,NaN,189.95,9,-1.65
1996-04-18 0:00,NaN,NaN,190.3,9.4,1.6
1996-04-19 0:00,NaN,NaN,190.45,13.7,4.6
1996-04-20 0:00,NaN,NaN,190.45,15.35,3.95
1996-04-21 0:00,NaN,NaN,190.7,13.55,6.75
1996-04-22 0:00,NaN,NaN,191.09,14.65,4.55
1996-04-23 0:00,NaN,NaN,191.77,10.9,1.95
1996-04-24 0:00,NaN,NaN,191.85,9.5,0.85
1996-04-25 0:00,NaN,NaN,192.21,12.05,1.8
1996-04-26 0:00,NaN,NaN,192.44,10.25,-0.25
1996-04-27 0:00,NaN,NaN,192.48,12.35,1.9
1996-04-28 0:00,NaN,NaN,192.59,12.55,2
1996-04-29 0:00,NaN,NaN,192.86,11.5,1.2
1996-04-30 0:00,NaN,NaN,193.01,12,1.25
1996-05-01 0:00,NaN,NaN,193.27,10.7,1.3
1996-05-02 0:00,NaN,NaN,193.66,10.05,0.5
1996-05-03 0:00,NaN,NaN,193.85,9.55,-0.25
1996-05-04 0:00,NaN,NaN,193.62,12.9,2.15
1996-05-05 0:00,NaN,NaN,193.8,15.45,4.35
1996-05-06 0:00,NaN,NaN,194.12,15.2,3.65
1996-05-07 0:00,NaN,NaN,193.93,14.7,2.95
1996-05-08 0:00,NaN,NaN,194.31,13.45,2.65
1996-05-09 0:00,NaN,NaN,194.57,13.75,3.15
1996-05-10 0:00,NaN,NaN,194.68,10.2,1.4
1996-05-11 0:00,NaN,NaN,194.9,9.1,-0.9
1996-05-12 0:00,NaN,NaN,195.36,10,-1.65
1996-05-13 0:00,NaN,NaN,195.69,7.65,-0.25
1996-05-14 0:00,NaN,NaN,195.79,11.25,3.15
1996-05-15 0:00,NaN,NaN,196.07,13.8,6.25
1996-05-16 0:00,NaN,NaN,196.43,16.15,6.95
1996-05-17 0:00,NaN,NaN,197.24,15.7,7.5
1996-05-18 0:00,NaN,NaN,198.42,18,7.35
1996-05-19 0:00,NaN,NaN,199.86,10.55,1.95
1996-05-20 0:00,NaN,NaN,200.66,11.35,1.75
1996-05-21 0:00,NaN,NaN,201.15,10.3,1.9
1996-05-22 0:00,NaN,NaN,201.645,13.45,4.95
1996-05-23 0:00,NaN,NaN,202.04,15.15,7.2
1996-05-24 0:00,NaN,NaN,202.51,19.3,9.2
1996-05-25 0:00,NaN,NaN,203.2,16.7,9.25
1996-05-26 0:00,NaN,NaN,204.14,17.85,9.7
1996-05-27 0:00,NaN,NaN,205.27,17.75,8.45
1996-05-28 0:00,NaN,NaN,206.4,15.3,7.95
1996-05-29 0:00,NaN,NaN,207.04,16.4,10.45
1996-05-30 0:00,NaN,NaN,207.72,20.3,11.8
1996-05-31 0:00,NaN,NaN,208.71,16.3,10.35
1996-06-01 0:00,NaN,NaN,209.71,10.75,5.65
1996-06-02 0:00,NaN,NaN,210.71,9.95,2.45
1996-06-03 0:00,NaN,NaN,211.67,11.4,2.05
1996-06-04 0:00,NaN,NaN,212.18,16.6,6.8
1996-06-05 0:00,NaN,NaN,212.72,18.95,10.1
1996-06-06 0:00,NaN,NaN,213.01,22.3,11.05
1996-06-07 0:00,NaN,NaN,213.66,22,11.3
1996-06-08 0:00,NaN,NaN,214.49,20.5,10.2
1996-06-09 0:00,NaN,NaN,215.19,21.9,10.4
1996-06-10 0:00,NaN,NaN,215.99,20.7,10.3
1996-06-11 0:00,NaN,NaN,216.71,22.3,11.45
1996-06-12 0:00,NaN,NaN,217.46,21.35,12.05
1996-06-13 0:00,NaN,NaN,218.13,21.8,11.65
1996-06-14 0:00,NaN,NaN,218.81,19.5,11.15
1996-06-15 0:00,NaN,NaN,219.39,20.55,11.8
1996-06-16 0:00,NaN,NaN,220.13,20.85,11.1
1996-06-17 0:00,NaN,NaN,220.77,21.45,10.8
1996-06-18 0:00,NaN,NaN,221.15,21.4,11.75
1996-06-19 0:00,NaN,NaN,221.55,21.35,10.7
1996-06-20 0:00,NaN,NaN,221.65,18.35,9.75
1996-06-21 0:00,NaN,NaN,221.88,15.1,8.65
1996-06-22 0:00,NaN,NaN,222.28,13.75,4.5
1996-06-23 0:00,NaN,NaN,222.69,14.5,3.4
1996-06-24 0:00,NaN,NaN,223.01,13.95,2.9
1996-06-25 0:00,NaN,NaN,223.14,13.65,2.7
1996-06-26 0:00,NaN,NaN,223.01,15.3,5.25
1996-06-27 0:00,NaN,NaN,222.91,16.9,8.8
1996-06-28 0:00,NaN,NaN,222.93,19.05,9.95
1996-06-29 0:00,NaN,NaN,222.79,18.15,9.75
1996-06-30 0:00,NaN,NaN,222.95,17.9,9.3
1996-07-01 0:00,NaN,NaN,223.15,16.55,9.7
1996-07-02 0:00,NaN,NaN,223.18,14.5,5.15
1996-07-03 0:00,NaN,NaN,223.075,16.55,8.5
1996-07-04 0:00,NaN,NaN,223.06,16.75,10.45
1996-07-05 0:00,NaN,NaN,223.13,16.5,10.9
1996-07-06 0:00,NaN,NaN,223.16,14.3,7.55
1996-07-07 0:00,NaN,NaN,223.31,14.8,9.1
1996-07-08 0:00,NaN,NaN,223.64,13.85,2.9
1996-07-09 0:00,NaN,NaN,223.69,14.35,6.15
1996-07-10 0:00,NaN,NaN,223.73,16.55,7.3
1996-07-11 0:00,NaN,NaN,223.75,18.35,8.6
1996-07-12 0:00,NaN,NaN,223.76,18.25,8.8
1996-07-13 0:00,NaN,NaN,223.9,20.9,9.75
1996-07-14 0:00,NaN,NaN,224,20.4,10.55
1996-07-15 0:00,NaN,NaN,224.1,22.25,11.85
1996-07-16 0:00,NaN,NaN,224.18,22.65,12.6
1996-07-17 0:00,NaN,NaN,224.23,23.2,13.15
1996-07-18 0:00,NaN,NaN,NaN,22.95,13.3
1996-07-19 0:00,NaN,NaN,NaN,22.35,13.5
1996-07-20 0:00,NaN,NaN,NaN,20.45,12.1
1996-07-21 0:00,NaN,NaN,NaN,21.5,12.55
1996-07-22 0:00,NaN,NaN,224.5,22.6,15.2
1996-07-23 0:00,NaN,NaN,224.55,22.2,16.85
1996-07-24 0:00,NaN,NaN,224.59,23.45,17.4
1996-07-25 0:00,NaN,NaN,224.64,23.65,15.7
1996-07-26 0:00,NaN,NaN,224.68,18.9,14.25
1996-07-27 0:00,NaN,NaN,224.72,20.25,10.65
1996-07-28 0:00,NaN,NaN,224.85,20,11.45
1996-07-29 0:00,NaN,NaN,224.89,21.05,12.25
1996-07-30 0:00,NaN,NaN,224.92,19.05,9.45
1996-07-31 0:00,NaN,NaN,224.96,20.65,11.4
1996-08-01 0:00,NaN,NaN,224.98,21.9,13.3
1996-08-02 0:00,NaN,NaN,NaN,17.5,12.1
1996-08-03 0:00,NaN,NaN,225.06,17.95,10.15
1996-08-04 0:00,NaN,NaN,225.12,20.2,12.2
1996-08-05 0:00,NaN,NaN,225.17,20.2,11.35
1996-08-06 0:00,NaN,NaN,225.2,18.95,13.35
1996-08-07 0:00,NaN,NaN,225.22,19.35,11.45
1996-08-08 0:00,NaN,NaN,225.36,20.1,11.95
1996-08-09 0:00,NaN,NaN,225.43,23.15,13.2
1996-08-10 0:00,NaN,NaN,225.47,21.55,14.35
1996-08-11 0:00,NaN,NaN,225.49,19.4,10.75
1996-08-12 0:00,NaN,NaN,225.51,17.7,8.65
1996-08-13 0:00,NaN,NaN,225.54,17.7,8.15
1996-08-14 0:00,NaN,NaN,225.56,18.4,8.75
1996-08-15 0:00,NaN,NaN,225.58,19.1,9.85
1996-08-16 0:00,NaN,NaN,225.6,20.2,11.8
1996-08-17 0:00,NaN,NaN,225.61,20.45,12.45
1996-08-18 0:00,NaN,NaN,225.62,20.15,11.55
1996-08-19 0:00,NaN,NaN,225.63,20.7,13.4
1996-08-20 0:00,NaN,NaN,225.63,19.6,11.9
1996-08-21 0:00,NaN,NaN,225.64,18.8,10.35
1996-08-22 0:00,NaN,NaN,225.64,18.7,9.4
1996-08-23 0:00,NaN,NaN,225.65,17.25,10.55
1996-08-24 0:00,NaN,NaN,225.69,16.65,7.5
1996-08-25 0:00,NaN,NaN,225.71,15.2,8.65
1996-08-26 0:00,NaN,NaN,225.73,16.4,9.2
1996-08-27 0:00,NaN,NaN,225.75,14.65,8.6
1996-08-28 0:00,NaN,NaN,225.78,15.45,6.75
1996-08-29 0:00,NaN,NaN,225.8,15.85,5.7
1996-08-30 0:00,NaN,NaN,225.8,15.15,5.9
1996-08-31 0:00,NaN,NaN,225.8,15.85,7.15
1996-09-01 0:00,NaN,NaN,225.8,16.25,6.6
1996-09-02 0:00,NaN,NaN,225.81,13.75,5.95
1996-09-03 0:00,NaN,NaN,225.81,13.85,4.55
1996-09-04 0:00,NaN,NaN,225.82,16,7.25
1996-09-05 0:00,NaN,NaN,225.82,16.3,8.85
1996-09-06 0:00,NaN,NaN,225.83,17.5,9.15
1996-09-07 0:00,NaN,NaN,225.83,17.5,9.85
1996-09-08 0:00,NaN,NaN,225.84,15.85,8.5
1996-09-09 0:00,NaN,NaN,225.83,13.65,6.25
1996-09-10 0:00,NaN,NaN,225.83,13.5,5.1
1996-09-11 0:00,NaN,NaN,225.84,13.75,5.4
1996-09-12 0:00,NaN,NaN,225.84,16.2,6.75
1996-09-13 0:00,NaN,NaN,225.84,13.65,6.2
1996-09-14 0:00,NaN,NaN,225.84,14.15,5.8
1996-09-15 0:00,NaN,NaN,225.84,12.9,6.15
1996-09-16 0:00,NaN,NaN,225.84,15.65,7.6
1996-09-17 0:00,NaN,NaN,225.74,14.3,5.1
1996-09-18 0:00,NaN,NaN,225.48,16.45,6.55
1996-09-19 0:00,NaN,NaN,225.49,15,5.45
1996-09-20 0:00,NaN,NaN,225.16,11.75,3.95
1996-09-21 0:00,NaN,NaN,224.85,12.25,5.1
1996-09-22 0:00,NaN,NaN,224.81,12,3.1
1996-09-23 0:00,NaN,NaN,224.71,11.8,3.15
1996-09-24 0:00,NaN,NaN,224.45,13,5.05
1996-09-25 0:00,NaN,NaN,224.12,14.75,4.8
1996-09-26 0:00,NaN,NaN,223.85,13.55,5.5
1996-09-27 0:00,NaN,NaN,223.73,16.4,8.95
1996-09-28 0:00,NaN,NaN,223.44,16.3,8.9
1996-09-29 0:00,NaN,NaN,223.29,15.85,9.5
1996-09-30 0:00,NaN,NaN,223.31,18.15,11.1
1996-10-01 0:00,NaN,NaN,223.04,14.2,6.2
1996-10-02 0:00,NaN,NaN,222.92,10.3,1.95
1996-10-03 0:00,NaN,NaN,222.83,12.85,4.4
1996-10-04 0:00,NaN,NaN,222.77,10.8,4.4
1996-10-05 0:00,NaN,NaN,222.55,11.65,2.75
1996-10-06 0:00,NaN,NaN,222.6,8.1,-1.55
1996-10-07 0:00,NaN,NaN,222.57,8.6,-1.5
1996-10-08 0:00,NaN,NaN,222.35,10.5,2.2
1996-10-09 0:00,NaN,NaN,222.2,11.7,4.2
1996-10-10 0:00,NaN,NaN,222.11,13.6,4.15
1996-10-11 0:00,NaN,NaN,221.96,11.9,3.95
1996-10-12 0:00,NaN,NaN,221.9,13.15,5.25
1996-10-13 0:00,NaN,NaN,221.88,13.5,3.95
1996-10-14 0:00,NaN,NaN,222.01,15.6,4.85
1996-10-15 0:00,NaN,NaN,221.82,12.4,2.45
1996-10-16 0:00,NaN,NaN,221.82,10.8,1.65
1996-10-17 0:00,NaN,NaN,221.82,10.45,2.65
1996-10-18 0:00,NaN,NaN,221.66,11.9,4.05
1996-10-19 0:00,NaN,NaN,221.56,15.7,6.75
1996-10-20 0:00,NaN,NaN,221.67,14.5,7.15
1996-10-21 0:00,NaN,NaN,221.8,14.05,7.85
1996-10-22 0:00,NaN,NaN,221.73,17.05,10.7
1996-10-23 0:00,NaN,NaN,221.82,17.4,11
1996-10-24 0:00,NaN,NaN,221.85,14.85,9.1
1996-10-25 0:00,NaN,NaN,221.86,13.7,8.15
1996-10-26 0:00,NaN,NaN,221.94,13.85,5.1
1996-10-27 0:00,NaN,NaN,222.03,13.95,7.4
1996-10-28 0:00,NaN,NaN,221.95,14.3,6.25
1996-10-29 0:00,NaN,NaN,221.62,11.4,2.85
1996-10-30 0:00,NaN,NaN,221.25,9.2,2.55
1996-10-31 0:00,NaN,NaN,220.96,8.3,5.25
1996-11-01 0:00,NaN,NaN,220.71,9.65,5.75
1996-11-02 0:00,NaN,NaN,220.65,11.55,8.25
1996-11-03 0:00,NaN,NaN,220.7,11.2,8.25
1996-11-04 0:00,NaN,NaN,220.74,12.3,6.8
1996-11-05 0:00,NaN,NaN,220.31,11.75,2.75
1996-11-06 0:00,NaN,NaN,220.01,9.4,3.25
1996-11-07 0:00,NaN,NaN,219.71,11.75,3.9
1996-11-08 0:00,NaN,NaN,219.735,11.45,3.5
1996-11-09 0:00,NaN,NaN,219.36,11.5,3.3
1996-11-10 0:00,NaN,NaN,219.41,9.65,3.1
1996-11-11 0:00,NaN,NaN,219.45,10.6,1.55
1996-11-12 0:00,NaN,NaN,219.45,8.8,2.65
1996-11-13 0:00,NaN,NaN,219.3,9.3,0.05
1996-11-14 0:00,NaN,NaN,219.13,5.95,-1.85
1996-11-15 0:00,NaN,NaN,219.13,2.4,-5.9
1996-11-16 0:00,NaN,NaN,219.08,1.35,-5.75
1996-11-17 0:00,NaN,NaN,219.08,3.1,-4.85
1996-11-18 0:00,NaN,NaN,219.15,4.25,-5.25
1996-11-19 0:00,NaN,NaN,218.955,6.3,-5.8
1996-11-20 0:00,NaN,NaN,218.86,6.05,-4.75
1996-11-21 0:00,NaN,NaN,218.48,8.3,0
1996-11-22 0:00,NaN,NaN,218.29,5.7,0.05
1996-11-23 0:00,NaN,NaN,218.03,7.15,-0.95
1996-11-24 0:00,NaN,NaN,218.09,6.55,-1.05
1996-11-25 0:00,NaN,NaN,218.12,7.45,-1.8
1996-11-26 0:00,NaN,NaN,218.04,9.85,-0.35
1996-11-27 0:00,NaN,NaN,217.94,10.95,2.65
1996-11-28 0:00,NaN,NaN,217.8,4.45,-5.45
1996-11-29 0:00,NaN,NaN,217.37,6.6,-2.1
1996-11-30 0:00,NaN,NaN,217.11,11,1.05
1996-12-01 0:00,NaN,NaN,217.59,9.6,0.25
1996-12-02 0:00,NaN,NaN,217.72,10,1.7
1996-12-03 0:00,NaN,NaN,217.81,8.2,1.65
1996-12-04 0:00,NaN,NaN,217.66,6.65,0.05
1996-12-05 0:00,NaN,NaN,217.5,6.85,1.1
1996-12-06 0:00,NaN,NaN,217.34,5.15,-0.75
1996-12-07 0:00,NaN,NaN,217.17,6.6,-0.35
1996-12-08 0:00,NaN,NaN,217.31,7.55,-1.9
1996-12-09 0:00,NaN,NaN,217.38,6.3,-3.25
1996-12-10 0:00,NaN,NaN,217.45,7.2,-2.4
1996-12-11 0:00,NaN,NaN,217.44,4.75,-2.5
1996-12-12 0:00,NaN,NaN,217.45,10.7,0.3
1996-12-13 0:00,NaN,NaN,217.37,10.05,3.15
1996-12-14 0:00,NaN,NaN,217.11,7.15,0.35
1996-12-15 0:00,NaN,NaN,217.13,4.65,-0.35
1996-12-16 0:00,NaN,NaN,217.18,4.45,0.45
1996-12-17 0:00,NaN,NaN,216.97,6.65,1
1996-12-18 0:00,NaN,NaN,216.79,8.7,1.6
1996-12-19 0:00,NaN,NaN,216.84,10.1,4.35
1996-12-20 0:00,NaN,NaN,216.91,8.2,-0.3
1996-12-21 0:00,NaN,NaN,216.94,7.4,1.15
1996-12-22 0:00,NaN,NaN,216.98,7.95,3.2
1996-12-23 0:00,NaN,NaN,217.06,9.75,3.05
1996-12-24 0:00,NaN,NaN,217.1,5.45,-1.8
1996-12-25 0:00,NaN,NaN,217.15,5.3,-1.95
1996-12-26 0:00,NaN,NaN,217.24,3.2,-3.15
1996-12-27 0:00,NaN,NaN,217.18,0,-1.8
1996-12-28 0:00,NaN,NaN,217.03,-1.45,-4.4
1996-12-29 0:00,NaN,NaN,216.42,-3.65,-7.4
1996-12-30 0:00,NaN,NaN,215.76,-4.15,-5.4
1996-12-31 0:00,NaN,NaN,215.155,-3.25,-6.6
1997-01-01 0:00,NaN,NaN,214.47,-2.65,-5.35
1997-01-02 0:00,NaN,NaN,213.85,0.4,-4.9
1997-01-03 0:00,NaN,NaN,213.21,-0.35,-4.75
1997-01-04 0:00,NaN,NaN,212.85,1.55,-6.8
1997-01-05 0:00,NaN,NaN,212.58,3.45,-5.9
1997-01-06 0:00,NaN,NaN,212.41,0.2,-8.15
1997-01-07 0:00,NaN,NaN,212.16,0.75,-5.9
1997-01-08 0:00,NaN,NaN,211.55,0.85,-5.75
1997-01-09 0:00,NaN,NaN,211,3.05,-4.6
1997-01-10 0:00,NaN,NaN,210.84,3.65,-3.15
1997-01-11 0:00,NaN,NaN,210.32,4.4,-0.1
1997-01-12 0:00,NaN,NaN,209.9,7.3,2
1997-01-13 0:00,NaN,NaN,209.74,6.6,-1.25
1997-01-14 0:00,NaN,NaN,209.13,6.25,-1.4
1997-01-15 0:00,NaN,NaN,208.455,5.9,-1.2
1997-01-16 0:00,NaN,NaN,208.14,5.7,-1.1
1997-01-17 0:00,NaN,NaN,207.7,4.75,-1.55
1997-01-18 0:00,NaN,NaN,207.46,6.75,-0.3
1997-01-19 0:00,NaN,NaN,207.25,7.4,-0.5
1997-01-20 0:00,NaN,NaN,207.24,7.05,0.1
1997-01-21 0:00,NaN,NaN,206.91,10.25,1.3
1997-01-22 0:00,NaN,NaN,206.57,12,2.05
1997-01-23 0:00,NaN,NaN,206.45,9.65,1.75
1997-01-24 0:00,NaN,NaN,206.47,8.5,-0.25
1997-01-25 0:00,NaN,NaN,206.5,9.45,1.3
1997-01-26 0:00,NaN,NaN,206.53,7.75,1.15
1997-01-27 0:00,NaN,NaN,206.51,7.65,-0.4
1997-01-28 0:00,NaN,NaN,206.12,2.05,-3.5
1997-01-29 0:00,NaN,NaN,205.765,6.55,-0.85
1997-01-30 0:00,NaN,NaN,205.65,7.2,0.25
1997-01-31 0:00,NaN,NaN,205.37,8.6,1.3
1997-02-01 0:00,NaN,NaN,205,7.7,-0.1
1997-02-02 0:00,NaN,NaN,204.64,10.35,-0.6
1997-02-03 0:00,NaN,NaN,204.38,7.45,-1.9
1997-02-04 0:00,NaN,NaN,204,7.7,-1.85
1997-02-05 0:00,NaN,NaN,203.54,5.6,-1.2
1997-02-06 0:00,NaN,NaN,203.28,8.25,1.45
1997-02-07 0:00,NaN,NaN,203.06,8.3,0.4
1997-02-08 0:00,NaN,NaN,202.71,7.9,1.3
1997-02-09 0:00,NaN,NaN,202.79,9.2,1.9
1997-02-10 0:00,NaN,NaN,202.85,9.3,1.85
1997-02-11 0:00,NaN,NaN,202.53,9.15,1
1997-02-12 0:00,NaN,NaN,202.46,12.05,3.65
1997-02-13 0:00,NaN,NaN,202.14,9.5,0.75
1997-02-14 0:00,NaN,NaN,201.94,11.45,1.9
1997-02-15 0:00,NaN,NaN,201.88,7.7,-2.75
1997-02-16 0:00,NaN,NaN,201.92,7.55,1.65
1997-02-17 0:00,NaN,NaN,201.91,8.9,-0.65
1997-02-18 0:00,NaN,NaN,201.73,9.25,0.85
1997-02-19 0:00,NaN,NaN,201.33,7.65,2.4
1997-02-20 0:00,NaN,NaN,201.04,8.9,1.9
1997-02-21 0:00,NaN,NaN,200.98,8.4,1.3
1997-02-22 0:00,NaN,NaN,200.96,11.25,3.4
1997-02-23 0:00,NaN,NaN,201.02,9.35,2.85
1997-02-24 0:00,NaN,NaN,201.15,10.8,2.55
1997-02-25 0:00,NaN,NaN,200.745,14.85,4.65
1997-02-26 0:00,NaN,NaN,200.53,11.75,3.3
1997-02-27 0:00,NaN,NaN,200.65,9.5,2.1
1997-02-28 0:00,NaN,NaN,200.72,13.3,5.4
1997-03-01 0:00,NaN,NaN,200.85,12.6,4.65
1997-03-02 0:00,NaN,NaN,200.95,13.8,4.6
1997-03-03 0:00,NaN,NaN,201.06,13.55,5.05
1997-03-04 0:00,NaN,NaN,201.13,15.55,6.1
1997-03-05 0:00,NaN,NaN,201.15,9.7,4.9
1997-03-06 0:00,NaN,NaN,201.21,11.9,4
1997-03-07 0:00,NaN,NaN,201.35,8.9,2.95
1997-03-08 0:00,NaN,NaN,201.55,9.85,2.4
1997-03-09 0:00,NaN,NaN,201.72,11.7,3.1
1997-03-10 0:00,NaN,NaN,201.92,11.75,4.15
1997-03-11 0:00,NaN,NaN,202.1,13.05,4.75
1997-03-12 0:00,NaN,NaN,202.315,11.05,3.9
1997-03-13 0:00,NaN,NaN,202.53,11.4,3.8
1997-03-14 0:00,NaN,NaN,202.66,8.5,1.85
1997-03-15 0:00,NaN,NaN,202.77,11.1,2.3
1997-03-16 0:00,NaN,NaN,202.89,11.9,4.5
1997-03-17 0:00,NaN,NaN,203,14.05,6.45
1997-03-18 0:00,NaN,NaN,203.12,12.5,5.9
1997-03-19 0:00,NaN,NaN,203.28,10.55,2.55
1997-03-20 0:00,NaN,NaN,203.33,9.5,1.15
1997-03-21 0:00,NaN,NaN,203.61,7.4,1.75
1997-03-22 0:00,NaN,NaN,203.75,8.6,2.25
1997-03-23 0:00,NaN,NaN,203.9,9.9,2.5
1997-03-24 0:00,NaN,NaN,204.2,9.15,-0.1
1997-03-25 0:00,NaN,NaN,204.23,9.2,-1.1
1997-03-26 0:00,NaN,NaN,203.905,9.85,1.6
1997-03-27 0:00,NaN,NaN,203.79,12,3.35
1997-03-28 0:00,NaN,NaN,203.94,11.2,3.2
1997-03-29 0:00,NaN,NaN,204.09,7.65,0.2
1997-03-30 0:00,NaN,NaN,204.27,6.6,1.15
1997-03-31 0:00,NaN,NaN,204.46,9.2,2.25
1997-04-01 0:00,NaN,NaN,204.64,10.95,2.45
1997-04-02 0:00,NaN,NaN,204.6,11.2,3.05
1997-04-03 0:00,NaN,NaN,204.77,12.5,2.9
1997-04-04 0:00,NaN,NaN,205.09,11.7,2.45
1997-04-05 0:00,NaN,NaN,205.31,9.85,2.4
1997-04-06 0:00,NaN,NaN,205.52,10.7,4.35
1997-04-07 0:00,NaN,NaN,205.77,12.6,5
1997-04-08 0:00,NaN,NaN,205.92,14.85,4.25
1997-04-09 0:00,NaN,NaN,205.99,11.25,2.75
1997-04-10 0:00,NaN,NaN,206.1,11.45,3.7
1997-04-11 0:00,NaN,NaN,206.42,13.6,4.9
1997-04-12 0:00,NaN,NaN,206.73,11.15,5.1
1997-04-13 0:00,NaN,NaN,207.03,9.8,3.5
1997-04-14 0:00,NaN,NaN,207.35,11.15,4.05
1997-04-15 0:00,NaN,NaN,207.53,12.7,4.7
1997-04-16 0:00,NaN,NaN,207.76,11.85,5.35
1997-04-17 0:00,NaN,NaN,207.85,9.45,1.7
1997-04-18 0:00,NaN,NaN,207.73,11.25,-0.85
1997-04-19 0:00,NaN,NaN,207.71,9.25,0.9
1997-04-20 0:00,NaN,NaN,207.93,11.95,1
1997-04-21 0:00,NaN,NaN,208.03,6.35,0.4
1997-04-22 0:00,NaN,NaN,208.14,6.45,1.25
1997-04-23 0:00,NaN,NaN,208.16,7.75,0.95
1997-04-24 0:00,NaN,NaN,208.15,11.2,2.65
1997-04-25 0:00,NaN,NaN,207.98,14.4,4.05
1997-04-26 0:00,NaN,NaN,207.75,16.15,5.3
1997-04-27 0:00,NaN,NaN,207.85,13.65,3.4
1997-04-28 0:00,NaN,NaN,208.11,14.65,4.8
1997-04-29 0:00,NaN,NaN,208.61,14.6,4.85
1997-04-30 0:00,NaN,NaN,209.3,13.35,2.9
1997-05-01 0:00,NaN,NaN,209.63,13.15,5.1
1997-05-02 0:00,NaN,NaN,210,15.6,6.85
1997-05-03 0:00,NaN,NaN,210,16.65,8.35
1997-05-04 0:00,NaN,NaN,210.63,20.4,8.4
1997-05-05 0:00,NaN,NaN,211.14,17,6.85
1997-05-06 0:00,NaN,NaN,211.81,10.75,1
1997-05-07 0:00,NaN,NaN,211.84,6.65,-2.1
1997-05-08 0:00,NaN,NaN,212.07,6.55,-3.05
1997-05-09 0:00,NaN,NaN,212.29,10.25,0.8
1997-05-10 0:00,NaN,NaN,212.45,15.2,4
1997-05-11 0:00,NaN,NaN,212.6,13.4,5.5
1997-05-12 0:00,NaN,NaN,212.79,12.05,4.2
1997-05-13 0:00,NaN,NaN,212.83,14.65,5.5
1997-05-14 0:00,NaN,NaN,213.17,14.25,4.95
1997-05-15 0:00,NaN,NaN,213.24,15.95,6.35
1997-05-16 0:00,NaN,NaN,213.38,17.55,5.85
1997-05-17 0:00,NaN,NaN,213.68,15.45,4.95
1997-05-18 0:00,NaN,NaN,214.08,15.75,5.15
1997-05-19 0:00,NaN,NaN,214.39,17.25,7.45
1997-05-20 0:00,NaN,NaN,214.74,15.5,6.45
1997-05-21 0:00,NaN,NaN,214.74,14.3,3.55
1997-05-22 0:00,NaN,NaN,214.85,13.9,4.35
1997-05-23 0:00,NaN,NaN,214.97,17.3,7.2
1997-05-24 0:00,NaN,NaN,215.26,17.5,8.55
1997-05-25 0:00,NaN,NaN,215.57,17.75,8.4
1997-05-26 0:00,NaN,NaN,215.91,19,11.4
1997-05-27 0:00,NaN,NaN,216.19,19.5,12.8
1997-05-28 0:00,NaN,NaN,216.35,22.1,11.15
1997-05-29 0:00,NaN,NaN,216.48,20.7,9.95
1997-05-30 0:00,NaN,NaN,216.62,19.35,10.65
1997-05-31 0:00,NaN,NaN,216.78,18.65,9.45
1997-06-01 0:00,NaN,NaN,217.1,15.6,5.2
1997-06-02 0:00,NaN,NaN,217.34,16.15,4.9
1997-06-03 0:00,NaN,NaN,217.44,17.05,7.85
1997-06-04 0:00,NaN,NaN,217.535,16.4,6.25
1997-06-05 0:00,NaN,NaN,218.28,17.25,7.1
1997-06-06 0:00,NaN,NaN,218.64,20.05,10.1
1997-06-07 0:00,NaN,NaN,218.77,20.9,11.35
1997-06-08 0:00,NaN,NaN,219.12,19.45,10.05
1997-06-09 0:00,NaN,NaN,219.45,20.5,10.9
1997-06-10 0:00,NaN,NaN,219.45,19.55,13.8
1997-06-11 0:00,NaN,NaN,219.36,21.05,13.75
1997-06-12 0:00,NaN,NaN,219.25,21.45,11.4
1997-06-13 0:00,NaN,NaN,219.15,22.5,12.9
1997-06-14 0:00,NaN,NaN,219.03,16.45,8.95
1997-06-15 0:00,NaN,NaN,219.21,19.35,10.55
1997-06-16 0:00,NaN,NaN,219.33,16.85,9.3
1997-06-17 0:00,NaN,NaN,219.4,15.25,7.65
1997-06-18 0:00,NaN,NaN,219.49,15.35,6.75
1997-06-19 0:00,NaN,NaN,219.42,16.35,6.5
1997-06-20 0:00,NaN,NaN,219.28,16.4,8.3
1997-06-21 0:00,NaN,NaN,219.19,15.35,9.2
1997-06-22 0:00,NaN,NaN,219.28,14.7,4.6
1997-06-23 0:00,NaN,NaN,219.35,14,4.15
1997-06-24 0:00,NaN,NaN,219.23,16.25,6.3
1997-06-25 0:00,NaN,NaN,219.09,15.4,8.05
1997-06-26 0:00,NaN,NaN,218.99,15.45,6.5
1997-06-27 0:00,NaN,NaN,218.8,13.9,3.45
1997-06-28 0:00,NaN,NaN,218.6,11.05,1.35
1997-06-29 0:00,NaN,NaN,218.78,11.95,1.55
1997-06-30 0:00,NaN,NaN,218.93,12,3.3
1997-07-01 0:00,NaN,NaN,218.89,15.45,5.95
1997-07-02 0:00,NaN,NaN,218.93,15.7,7.95
1997-07-03 0:00,NaN,NaN,218.975,13.55,5
1997-07-04 0:00,NaN,NaN,219.05,13.6,5
1997-07-05 0:00,NaN,NaN,219.12,13.9,4.5
1997-07-06 0:00,NaN,NaN,219.22,16.35,7.25
1997-07-07 0:00,NaN,NaN,219.28,16.85,8.25
1997-07-08 0:00,NaN,NaN,219.34,17.95,9.65
1997-07-09 0:00,NaN,NaN,219.38,17.4,10.1
1997-07-10 0:00,NaN,NaN,219.44,17.55,8.1
1997-07-11 0:00,NaN,NaN,219.48,17.45,9.45
1997-07-12 0:00,NaN,NaN,219.54,18.65,10.65
1997-07-13 0:00,NaN,NaN,219.63,20.2,12.35
1997-07-14 0:00,NaN,NaN,219.75,21.8,12.9
1997-07-15 0:00,NaN,NaN,219.92,22.5,13.45
1997-07-16 0:00,NaN,NaN,220.015,22.05,15.4
1997-07-17 0:00,NaN,NaN,220.06,17.5,10.15
1997-07-18 0:00,NaN,NaN,220.14,16.4,8.95
1997-07-19 0:00,NaN,NaN,220.21,17.65,7.5
1997-07-20 0:00,NaN,NaN,220.26,17.9,9.3
1997-07-21 0:00,NaN,NaN,220.31,19.15,10.85
1997-07-22 0:00,NaN,NaN,220.34,21.25,12.6
1997-07-23 0:00,NaN,NaN,220.36,22.65,11.85
1997-07-24 0:00,NaN,NaN,220.39,19.2,9.65
1997-07-25 0:00,NaN,NaN,220.45,18,9.65
1997-07-26 0:00,NaN,NaN,220.56,19.5,12.05
1997-07-27 0:00,NaN,NaN,220.51,21.6,12.7
1997-07-28 0:00,NaN,NaN,220.55,23.05,12.55
1997-07-29 0:00,NaN,NaN,220.56,22.85,11.45
1997-07-30 0:00,NaN,NaN,220.58,22.6,13.15
1997-07-31 0:00,NaN,NaN,220.6,21.8,12.75
1997-08-01 0:00,NaN,NaN,220.6,20.95,12.4
1997-08-02 0:00,NaN,NaN,220.62,20.6,12.4
1997-08-03 0:00,NaN,NaN,220.63,24.1,15.15
1997-08-04 0:00,NaN,NaN,220.65,24.1,16.1
1997-08-05 0:00,NaN,NaN,220.66,22.15,11.95
1997-08-06 0:00,NaN,NaN,220.7,21.7,10.8
1997-08-07 0:00,NaN,NaN,220.74,20.8,11.65
1997-08-08 0:00,NaN,NaN,220.77,21.95,12.85
1997-08-09 0:00,NaN,NaN,220.77,24.55,15.65
1997-08-10 0:00,NaN,NaN,220.8,25.95,16.35
1997-08-11 0:00,NaN,NaN,220.85,18.35,8.35
1997-08-12 0:00,NaN,NaN,221.09,20.65,12.1
1997-08-13 0:00,NaN,NaN,221.15,22.2,14.2
1997-08-14 0:00,NaN,NaN,221.2,23.35,13.95
1997-08-15 0:00,NaN,NaN,221.24,21.7,14.35
1997-08-16 0:00,NaN,NaN,221.28,22.2,11.85
1997-08-17 0:00,NaN,NaN,221.33,21.5,10.95
1997-08-18 0:00,NaN,NaN,221.38,22.8,11.9
1997-08-19 0:00,NaN,NaN,221.46,21.9,12.8
1997-08-20 0:00,NaN,NaN,221.52,23.4,13.6
1997-08-21 0:00,NaN,NaN,221.58,23.05,13.1
1997-08-22 0:00,NaN,NaN,221.5,23.4,13.15
1997-08-23 0:00,NaN,NaN,221.41,23.5,13
1997-08-24 0:00,NaN,NaN,221.43,22.9,13.1
1997-08-25 0:00,NaN,NaN,221.46,21.35,11.35
1997-08-26 0:00,NaN,NaN,221.3,19.4,10.5
1997-08-27 0:00,NaN,NaN,221.32,20.8,11.65
1997-08-28 0:00,NaN,NaN,221.33,16.45,6.1
1997-08-29 0:00,NaN,NaN,221.37,16.35,7
1997-08-30 0:00,NaN,NaN,221.4,18.9,10.35
1997-08-31 0:00,NaN,NaN,221.41,20.85,13.35
1997-09-01 0:00,NaN,NaN,221.45,18.4,10.55
1997-09-02 0:00,NaN,NaN,221.43,16.2,6.4
1997-09-03 0:00,NaN,NaN,221.43,17.5,8.6
1997-09-04 0:00,NaN,NaN,221.46,17.3,9.6
1997-09-05 0:00,NaN,NaN,221.37,20.3,12.25
1997-09-06 0:00,NaN,NaN,221.31,19.8,11.95
1997-09-07 0:00,NaN,NaN,221.33,20.6,12.15
1997-09-08 0:00,NaN,NaN,221.34,20.55,11.15
1997-09-09 0:00,NaN,NaN,221.25,18.25,11.3
1997-09-10 0:00,NaN,NaN,221.19,19.4,12.05
1997-09-11 0:00,NaN,NaN,220.93,20.45,12.8
1997-09-12 0:00,NaN,NaN,220.73,20.25,12.95
1997-09-13 0:00,NaN,NaN,220.39,14.75,7.75
1997-09-14 0:00,NaN,NaN,220.43,15.25,7.2
1997-09-15 0:00,NaN,NaN,220.45,15,8.65
1997-09-16 0:00,NaN,NaN,220.48,17.4,9.35
1997-09-17 0:00,NaN,NaN,220.5,19.55,9.7
1997-09-18 0:00,NaN,NaN,220.53,18.8,10.05
1997-09-19 0:00,NaN,NaN,220.29,19.35,9.95
1997-09-20 0:00,NaN,NaN,220.13,16.9,9.05
1997-09-21 0:00,NaN,NaN,220.17,18.25,8.8
1997-09-22 0:00,NaN,NaN,220.16,17.7,7.5
1997-09-23 0:00,NaN,NaN,219.94,19.35,8.7
1997-09-24 0:00,NaN,NaN,219.91,19.1,9.4
1997-09-25 0:00,NaN,NaN,219.91,18.05,9.5
1997-09-26 0:00,NaN,NaN,219.85,18.3,8.95
1997-09-27 0:00,NaN,NaN,219.47,17.95,8.3
1997-09-28 0:00,NaN,NaN,219.46,17.9,9.25
1997-09-29 0:00,NaN,NaN,219.48,20,10.35
1997-09-30 0:00,NaN,NaN,219.5,19.75,11.55
1997-10-01 0:00,NaN,NaN,219.48,20,11.7
1997-10-02 0:00,NaN,NaN,219.49,18.45,11.4
1997-10-03 0:00,NaN,NaN,219.49,17.9,10.8
1997-10-04 0:00,NaN,NaN,219.53,18.25,11.15
1997-10-05 0:00,NaN,NaN,219.53,19.75,11.05
1997-10-06 0:00,NaN,NaN,219.51,18.35,10.45
1997-10-07 0:00,NaN,NaN,219.295,17.95,8.7
1997-10-08 0:00,NaN,NaN,219.09,19.55,10.55
1997-10-09 0:00,NaN,NaN,218.88,19.9,11.55
1997-10-10 0:00,NaN,NaN,218.51,18.6,10.8
1997-10-11 0:00,NaN,NaN,218.21,21.05,11.6
1997-10-12 0:00,NaN,NaN,218.2,14.15,7.25
1997-10-13 0:00,NaN,NaN,218.23,11.35,0.8
1997-10-14 0:00,NaN,NaN,218.01,10.75,-0.1
1997-10-15 0:00,NaN,NaN,217.7,7.4,0.65
1997-10-16 0:00,NaN,NaN,217.34,13.65,6.3
1997-10-17 0:00,NaN,NaN,217.06,15.5,6.2
1997-10-18 0:00,NaN,NaN,216.68,15.95,7.55
1997-10-19 0:00,NaN,NaN,216.58,16.75,8.15
1997-10-20 0:00,NaN,NaN,216.53,15.95,8.85
1997-10-21 0:00,NaN,NaN,216.27,17.8,9.85
1997-10-22 0:00,NaN,NaN,216.045,15.7,7.3
1997-10-23 0:00,NaN,NaN,215.77,14.35,6.2
1997-10-24 0:00,NaN,NaN,215.57,14.75,5.5
1997-10-25 0:00,NaN,NaN,215.24,12.5,5.4
1997-10-26 0:00,NaN,NaN,215.08,12.5,5.3
1997-10-27 0:00,NaN,NaN,215.05,14.4,6
1997-10-28 0:00,NaN,NaN,214.66,11.4,4.35
1997-10-29 0:00,NaN,NaN,214.26,7.1,1.2
1997-10-30 0:00,NaN,NaN,213.78,5.15,-0.05
1997-10-31 0:00,NaN,NaN,213.18,5.7,1.65
1997-11-01 0:00,NaN,NaN,212.6,6.5,2.4
1997-11-02 0:00,NaN,NaN,212.06,7.8,1.35
1997-11-03 0:00,NaN,NaN,211.52,12.2,4.05
1997-11-04 0:00,NaN,NaN,211.3,12.5,6.35
1997-11-05 0:00,NaN,NaN,210.85,13.15,5.15
1997-11-06 0:00,NaN,NaN,210.56,10.55,5.05
1997-11-07 0:00,NaN,NaN,211.11,10.3,2.7
1997-11-08 0:00,NaN,NaN,211.12,11.4,2.2
1997-11-09 0:00,NaN,NaN,211.24,12.5,3.45
1997-11-10 0:00,NaN,NaN,211.31,7.5,1.65
1997-11-11 0:00,NaN,NaN,211.39,7.95,-1.05
1997-11-12 0:00,NaN,NaN,211.42,6.8,-2.5
1997-11-13 0:00,NaN,NaN,211.48,7.4,-0.75
1997-11-14 0:00,NaN,NaN,211.44,10.5,0.9
1997-11-15 0:00,NaN,NaN,211.32,10.85,4.35
1997-11-16 0:00,NaN,NaN,211.3,12.25,5.2
1997-11-17 0:00,NaN,NaN,211.38,12.15,5.55
1997-11-18 0:00,NaN,NaN,211.41,12.3,3.05
1997-11-19 0:00,NaN,NaN,211.245,10.85,4.35
1997-11-20 0:00,NaN,NaN,210.94,6.5,1.4
1997-11-21 0:00,NaN,NaN,210.55,7.95,-0.85
1997-11-22 0:00,NaN,NaN,210.3,5.9,-2.35
1997-11-23 0:00,NaN,NaN,210.29,7.4,-0.15
1997-11-24 0:00,NaN,NaN,210.19,11.7,3
1997-11-25 0:00,NaN,NaN,209.9,9,0.5
1997-11-26 0:00,NaN,NaN,209.68,9.55,0.05
1997-11-27 0:00,NaN,NaN,209.66,11.65,3.05
1997-11-28 0:00,NaN,NaN,209.41,9.15,2.25
1997-11-29 0:00,NaN,NaN,208.88,10.8,-0.35
1997-11-30 0:00,NaN,NaN,208.94,8.35,-2.6
1997-12-01 0:00,NaN,NaN,209,10,0.35
1997-12-02 0:00,NaN,NaN,208.51,8.9,0.4
1997-12-03 0:00,NaN,NaN,207.93,3.6,-5.5
1997-12-04 0:00,NaN,NaN,207.735,-1.45,-6.95
1997-12-05 0:00,NaN,NaN,207.4,-0.8,-5.55
1997-12-06 0:00,NaN,NaN,207.04,0.15,-1.85
1997-12-07 0:00,NaN,NaN,206.59,6.3,2
1997-12-08 0:00,NaN,NaN,206.29,7.1,3
1997-12-09 0:00,NaN,NaN,206.06,9.7,0.7
1997-12-10 0:00,NaN,NaN,206.07,7.75,0.55
1997-12-11 0:00,NaN,NaN,205.89,13.55,3.95
1997-12-12 0:00,NaN,NaN,205.78,8.95,-0.1
1997-12-13 0:00,NaN,NaN,205.78,4,-1.4
1997-12-14 0:00,NaN,NaN,205.84,5.4,-0.15
1997-12-15 0:00,NaN,NaN,205.9,4.15,-2.95
1997-12-16 0:00,NaN,NaN,205.94,0.9,-3.25
1997-12-17 0:00,NaN,NaN,205.91,9.35,2.05
1997-12-18 0:00,NaN,NaN,206.04,13.35,2.6
1997-12-19 0:00,NaN,NaN,206.24,7.7,1.15
1997-12-20 0:00,NaN,NaN,206.43,7.2,-2.7
1997-12-21 0:00,NaN,NaN,206.37,8.35,0.15
1997-12-22 0:00,NaN,NaN,206.51,7.3,-0.9
1997-12-23 0:00,NaN,NaN,206.6,8.75,0.15
1997-12-24 0:00,NaN,NaN,206.61,9.5,3.8
1997-12-25 0:00,NaN,NaN,206.66,13.75,5.9
1997-12-26 0:00,NaN,NaN,206.72,7.75,-0.9
1997-12-27 0:00,NaN,NaN,206.78,5.85,-3.2
1997-12-28 0:00,NaN,NaN,206.88,7.6,-0.75
1997-12-29 0:00,NaN,NaN,206.9,6.5,-0.5
1997-12-30 0:00,NaN,NaN,206.945,9.1,-0.5
1997-12-31 0:00,NaN,NaN,206.98,3.65,-0.1
1998-01-01 0:00,NaN,NaN,207,5.35,-1.65
1998-01-02 0:00,NaN,NaN,207.05,7.35,0.7
1998-01-03 0:00,NaN,NaN,207.14,13.15,2.45
1998-01-04 0:00,NaN,NaN,207.13,10.25,2.15
1998-01-05 0:00,NaN,NaN,207.2,9.6,1.15
1998-01-06 0:00,NaN,NaN,207.22,8.3,0.3
1998-01-07 0:00,NaN,NaN,207.27,8.3,0.9
1998-01-08 0:00,NaN,NaN,207.3,9.55,1.65
1998-01-09 0:00,NaN,NaN,207.33,9.45,3.9
1998-01-10 0:00,NaN,NaN,207.34,6.8,3.9
1998-01-11 0:00,NaN,NaN,207.38,5.15,5.4
1998-01-12 0:00,NaN,NaN,207.39,9.3,3.95
1998-01-13 0:00,NaN,NaN,207.43,13.15,2
1998-01-14 0:00,NaN,NaN,207.485,5.9,-4.35
1998-01-15 0:00,NaN,NaN,207.53,5.9,-1.8
1998-01-16 0:00,NaN,NaN,207.55,7.95,-1.8
1998-01-17 0:00,NaN,NaN,207.6,6.7,-0.35
1998-01-18 0:00,NaN,NaN,207.61,6.4,0.25
1998-01-19 0:00,NaN,NaN,207.62,10.6,-1.15
1998-01-20 0:00,NaN,NaN,207.68,4.3,-4.45
1998-01-21 0:00,NaN,NaN,207.7,0.05,-6.25
1998-01-22 0:00,NaN,NaN,207.69,0,-3.35
1998-01-23 0:00,NaN,NaN,207.46,1.25,-3.95
1998-01-24 0:00,NaN,NaN,207.48,1.85,-4.25
1998-01-25 0:00,NaN,NaN,207.49,-0.95,-7.45
1998-01-26 0:00,NaN,NaN,NaN,0,-2.85
1998-01-27 0:00,NaN,NaN,207.55,2.8,-4.3
1998-01-28 0:00,NaN,NaN,207.56,5.6,-1.3
1998-01-29 0:00,NaN,NaN,207.57,4.1,-0.75
1998-01-30 0:00,NaN,NaN,207.57,6.25,-1.55
1998-01-31 0:00,NaN,NaN,207.4,4.55,0.5
1998-02-01 0:00,NaN,NaN,207.4,5.75,0
1998-02-02 0:00,NaN,NaN,207.42,5.55,-1.15
1998-02-03 0:00,NaN,NaN,206.95,5.6,-1.35
1998-02-04 0:00,NaN,NaN,206.61,8.05,-0.45
1998-02-05 0:00,NaN,NaN,206.46,6.6,-1.45
1998-02-06 0:00,NaN,NaN,206.33,3.65,-0.9
1998-02-07 0:00,NaN,NaN,206.03,4.75,-1.15
1998-02-08 0:00,NaN,NaN,205.78,7.85,2.1
1998-02-09 0:00,NaN,NaN,205.75,8.15,1.65
1998-02-10 0:00,NaN,NaN,205.52,8.85,2.7
1998-02-11 0:00,NaN,NaN,205.47,9.5,3.3
1998-02-12 0:00,NaN,NaN,205.47,10.15,3.9
1998-02-13 0:00,NaN,NaN,205.5,11.35,5.15
1998-02-14 0:00,NaN,NaN,205.54,13,6.35
1998-02-15 0:00,NaN,NaN,205.55,14.4,7.15
1998-02-16 0:00,NaN,NaN,205.62,11.6,5.8
1998-02-17 0:00,NaN,NaN,205.62,9,4.2
1998-02-18 0:00,NaN,NaN,205.62,10.7,4.65
1998-02-19 0:00,NaN,NaN,205.49,11.15,6.15
1998-02-20 0:00,NaN,NaN,205.54,13.3,6.75
1998-02-21 0:00,NaN,NaN,205.49,8.25,4.7
1998-02-22 0:00,NaN,NaN,205.47,5.5,-2.75
1998-02-23 0:00,NaN,NaN,205.35,5.15,-7.05
1998-02-24 0:00,NaN,NaN,205.165,6.7,-4
1998-02-25 0:00,NaN,NaN,205.15,5.6,-0.75
1998-02-26 0:00,NaN,NaN,204.94,8.6,1.7
1998-02-27 0:00,NaN,NaN,204.95,8.45,3.1
1998-02-28 0:00,NaN,NaN,204.68,5.9,0.6
1998-03-01 0:00,NaN,NaN,204.75,8.6,0.15
1998-03-02 0:00,NaN,NaN,204.75,9.25,-0.95
1998-03-03 0:00,NaN,NaN,204.71,12.1,3.8
1998-03-04 0:00,NaN,NaN,204.72,13.2,5.45
1998-03-05 0:00,NaN,NaN,204.71,10.05,2.1
1998-03-06 0:00,NaN,NaN,204.53,11,4.65
1998-03-07 0:00,NaN,NaN,204.37,10.2,3.05
1998-03-08 0:00,NaN,NaN,204.34,10.9,1.8
1998-03-09 0:00,NaN,NaN,204.43,7.2,-3.35
1998-03-10 0:00,NaN,NaN,204.535,6,-3.95
1998-03-11 0:00,NaN,NaN,204.4,7.6,-2.6
1998-03-12 0:00,NaN,NaN,204.26,4.6,-6.3
1998-03-13 0:00,NaN,NaN,204.21,4.8,-5
1998-03-14 0:00,NaN,NaN,203.98,4.85,-4.3
1998-03-15 0:00,NaN,NaN,204.01,7.25,0.35
1998-03-16 0:00,NaN,NaN,204.05,8.4,2.75
1998-03-17 0:00,NaN,NaN,203.84,9.55,3.55
1998-03-18 0:00,NaN,NaN,203.84,10.6,4.4
1998-03-19 0:00,NaN,NaN,203.74,10.2,4.25
1998-03-20 0:00,NaN,NaN,203.75,9.35,3.65
1998-03-21 0:00,NaN,NaN,203.71,8.05,3.1
1998-03-22 0:00,NaN,NaN,203.75,8.55,1.75
1998-03-23 0:00,NaN,NaN,203.8,8.8,1.5
1998-03-24 0:00,NaN,NaN,203.3,6.5,-2.35
1998-03-25 0:00,NaN,NaN,202.59,5.65,-1.4
1998-03-26 0:00,NaN,NaN,201.93,10.05,2.65
1998-03-27 0:00,NaN,NaN,201.23,12.75,5.6
1998-03-28 0:00,NaN,NaN,200.83,13.85,5.6
1998-03-29 0:00,NaN,NaN,200.84,12.3,3.35
1998-03-30 0:00,NaN,NaN,200.96,11.8,2.2
1998-03-31 0:00,NaN,NaN,200.47,14.1,4.25
1998-04-01 0:00,NaN,NaN,200.31,14.1,3.55
1998-04-02 0:00,NaN,NaN,199.96,13.25,4.1
1998-04-03 0:00,NaN,NaN,199.58,16.95,7.4
1998-04-04 0:00,NaN,NaN,199.28,11.1,3.8
1998-04-05 0:00,NaN,NaN,199.57,7.25,0.35
1998-04-06 0:00,NaN,NaN,199.7,9.05,0.05
1998-04-07 0:00,NaN,NaN,199.2,10.25,0.4
1998-04-08 0:00,NaN,NaN,198.94,7.15,-1.95
1998-04-09 0:00,NaN,NaN,198.65,6.8,-2.85
1998-04-10 0:00,NaN,NaN,198.68,6.5,-3.35
1998-04-11 0:00,NaN,NaN,198.55,4.7,-5.9
1998-04-12 0:00,NaN,NaN,198.54,5.45,-4.8
1998-04-13 0:00,NaN,NaN,198.63,3.95,-5.9
1998-04-14 0:00,NaN,NaN,198.65,5.75,-4.4
1998-04-15 0:00,NaN,NaN,198.23,7.2,-1.8
1998-04-16 0:00,NaN,NaN,197.57,7.3,-2.35
1998-04-17 0:00,NaN,NaN,196.7,7.65,-1.75
1998-04-18 0:00,NaN,NaN,196.12,5.6,-3.05
1998-04-19 0:00,NaN,NaN,195.99,8.2,-0.45
1998-04-20 0:00,NaN,NaN,195.99,12.1,1.85
1998-04-21 0:00,NaN,NaN,195.53,13.65,4.2
1998-04-22 0:00,NaN,NaN,195.44,14.6,4.2
1998-04-23 0:00,NaN,NaN,195.59,13.05,5.3
1998-04-24 0:00,NaN,NaN,195.8,15.25,5.45
1998-04-25 0:00,NaN,NaN,195.73,18.5,9.7
1998-04-26 0:00,NaN,NaN,196.12,9.6,5.95
1998-04-27 0:00,NaN,NaN,196.77,8.15,-1.35
1998-04-28 0:00,NaN,NaN,197.15,8.7,0.5
1998-04-29 0:00,NaN,NaN,197.33,11.2,1.2
1998-04-30 0:00,NaN,NaN,197.56,10.7,-0.8
1998-05-01 0:00,NaN,NaN,197.71,11,0.25
1998-05-02 0:00,NaN,NaN,197.87,9.2,1.3
1998-05-03 0:00,NaN,NaN,198.05,9.75,-1
1998-05-04 0:00,NaN,NaN,198.24,7.55,-0.85
1998-05-05 0:00,NaN,NaN,198.26,9.35,1.05
1998-05-06 0:00,NaN,NaN,198.39,12.55,2.9
1998-05-07 0:00,NaN,NaN,198.47,15.25,5.65
1998-05-08 0:00,NaN,NaN,198.75,16.95,7.15
1998-05-09 0:00,NaN,NaN,199.12,16.55,9.05
1998-05-10 0:00,NaN,NaN,199.7,17.9,10.9
1998-05-11 0:00,NaN,NaN,200.41,18.7,10.5
1998-05-12 0:00,NaN,NaN,201.05,16.05,8.15
1998-05-13 0:00,NaN,NaN,201.65,16.6,8.4
1998-05-14 0:00,NaN,NaN,202.28,16.95,8.25
1998-05-15 0:00,NaN,NaN,202.93,15.75,7.95
1998-05-16 0:00,NaN,NaN,203.89,16.6,7.9
1998-05-17 0:00,NaN,NaN,204.63,14.45,7.7
1998-05-18 0:00,NaN,NaN,205.22,16.25,7.6
1998-05-19 0:00,NaN,NaN,205.79,17.45,7.65
1998-05-20 0:00,NaN,NaN,206.225,16.85,7.35
1998-05-21 0:00,NaN,NaN,206.66,15.35,6.3
1998-05-22 0:00,NaN,NaN,207.08,16,7.5
1998-05-23 0:00,NaN,NaN,207.43,16.2,7.25
1998-05-24 0:00,NaN,NaN,207.89,15.05,6.3
1998-05-25 0:00,NaN,NaN,208.31,15.7,5.15
1998-05-26 0:00,NaN,NaN,208.62,13.4,5.2
1998-05-27 0:00,NaN,NaN,209.01,13.3,4.6
1998-05-28 0:00,NaN,NaN,209.43,10.7,2.35
1998-05-29 0:00,NaN,NaN,209.81,14.05,4.45
1998-05-30 0:00,NaN,NaN,210.13,14.5,7.15
1998-05-31 0:00,NaN,NaN,210.38,15,7.6
1998-06-01 0:00,NaN,NaN,210.77,18.3,10
1998-06-02 0:00,NaN,NaN,211.11,15.8,10.1
1998-06-03 0:00,NaN,NaN,211.455,17.55,9.2
1998-06-04 0:00,NaN,NaN,211.94,21.1,12.4
1998-06-05 0:00,NaN,NaN,212.38,20.9,13.15
1998-06-06 0:00,NaN,NaN,212.73,18.55,8.75
1998-06-07 0:00,NaN,NaN,213.29,14.35,6.7
1998-06-08 0:00,NaN,NaN,213.81,17.35,8.5
1998-06-09 0:00,NaN,NaN,214.13,19.45,11.7
1998-06-10 0:00,NaN,NaN,214.41,14.35,8.1
1998-06-11 0:00,NaN,NaN,214.57,11.9,3.95
1998-06-12 0:00,NaN,NaN,214.81,11.45,1.4
1998-06-13 0:00,NaN,NaN,215.01,11.8,4.4
1998-06-14 0:00,NaN,NaN,215.21,14.1,5.2
1998-06-15 0:00,NaN,NaN,215.41,15,4.35
1998-06-16 0:00,NaN,NaN,215.58,13.95,4.9
1998-06-17 0:00,NaN,NaN,215.76,14.6,6.7
1998-06-18 0:00,NaN,NaN,215.95,18.95,10.4
1998-06-19 0:00,NaN,NaN,216.06,22.65,13.95
1998-06-20 0:00,NaN,NaN,216.08,22.6,14.7
1998-06-21 0:00,NaN,NaN,216.21,20.7,15.2
1998-06-22 0:00,NaN,NaN,216.41,17.35,12.45
1998-06-23 0:00,NaN,NaN,216.37,19.3,10.65
1998-06-24 0:00,NaN,NaN,216.53,19.45,12.45
1998-06-25 0:00,NaN,NaN,216.61,17.7,10.5
1998-06-26 0:00,NaN,NaN,216.48,17.05,12.4
1998-06-27 0:00,NaN,NaN,216.4,19,14.4
1998-06-28 0:00,NaN,NaN,216.52,17.35,11.6
1998-06-29 0:00,NaN,NaN,216.58,21.35,13.85
1998-06-30 0:00,NaN,NaN,216.4,17.75,13.7
1998-07-01 0:00,NaN,NaN,216.245,20.1,14.95
1998-07-02 0:00,NaN,NaN,216.17,19.3,11.4
1998-07-03 0:00,NaN,NaN,216,18.5,9.15
1998-07-04 0:00,NaN,NaN,215.99,18.3,10.15
1998-07-05 0:00,NaN,NaN,216.03,19.7,11.4
1998-07-06 0:00,NaN,NaN,216.08,20.7,14.15
1998-07-07 0:00,NaN,NaN,215.92,15.75,9.4
1998-07-08 0:00,NaN,NaN,215.86,16.5,8.2
1998-07-09 0:00,NaN,NaN,215.87,17.35,9.3
1998-07-10 0:00,NaN,NaN,215.91,18.05,10.9
1998-07-11 0:00,NaN,NaN,215.85,17.9,10.6
1998-07-12 0:00,NaN,NaN,215.88,20.35,13.2
1998-07-13 0:00,NaN,NaN,215.91,17.05,14.3
1998-07-14 0:00,NaN,NaN,215.94,16.05,9.8
1998-07-15 0:00,NaN,NaN,215.96,17.15,8.95
1998-07-16 0:00,NaN,NaN,215.99,17.55,11.4
1998-07-17 0:00,NaN,NaN,215.91,20.5,13.05
1998-07-18 0:00,NaN,NaN,215.89,21.15,15.45
1998-07-19 0:00,NaN,NaN,215.91,25.95,17
1998-07-20 0:00,NaN,NaN,215.92,26.75,16.1
1998-07-21 0:00,NaN,NaN,215.92,17.45,11.2
1998-07-22 0:00,NaN,NaN,215.89,21.35,13.3
1998-07-23 0:00,NaN,NaN,215.925,21.05,15.55
1998-07-24 0:00,NaN,NaN,215.82,17.45,13
1998-07-25 0:00,NaN,NaN,215.83,19.45,13.4
1998-07-26 0:00,NaN,NaN,215.83,20.95,15.6
1998-07-27 0:00,NaN,NaN,215.84,17.2,11.2
1998-07-28 0:00,NaN,NaN,215.85,19.25,11.65
1998-07-29 0:00,NaN,NaN,215.85,20.95,14.05
1998-07-30 0:00,NaN,NaN,215.85,20.75,14.6
1998-07-31 0:00,NaN,NaN,215.85,15.35,11.25
1998-08-01 0:00,NaN,NaN,215.85,14.15,7.75
1998-08-02 0:00,NaN,NaN,215.92,15.05,6.05
1998-08-03 0:00,NaN,NaN,215.95,14.75,5.2
1998-08-04 0:00,NaN,NaN,216.81,16.75,9.25
1998-08-05 0:00,NaN,NaN,217.27,20.1,12
1998-08-06 0:00,NaN,NaN,217.52,20.05,12.85
1998-08-07 0:00,NaN,NaN,217.71,21.7,14.35
1998-08-08 0:00,NaN,NaN,217.79,23.55,15.8
1998-08-09 0:00,NaN,NaN,217.91,24.95,16.9
1998-08-10 0:00,NaN,NaN,217.94,25.45,17.35
1998-08-11 0:00,NaN,NaN,217.96,25.75,17.05
1998-08-12 0:00,NaN,NaN,217.97,22.4,15.7
1998-08-13 0:00,NaN,NaN,217.98,21.15,13.8
1998-08-14 0:00,NaN,NaN,218,22.45,12.75
1998-08-15 0:00,NaN,NaN,218.05,22.85,14.45
1998-08-16 0:00,NaN,NaN,218.21,21.3,12.95
1998-08-17 0:00,NaN,NaN,218.27,20.7,13.45
1998-08-18 0:00,NaN,NaN,218.34,19.15,11
1998-08-19 0:00,NaN,NaN,218.48,19.35,11.8
1998-08-20 0:00,NaN,NaN,218.55,20,12.2
1998-08-21 0:00,NaN,NaN,218.6,20,11.95
1998-08-22 0:00,NaN,NaN,218.63,19.1,12.65
1998-08-23 0:00,NaN,NaN,218.66,21.1,12.65
1998-08-24 0:00,NaN,NaN,218.7,20.4,12.5
1998-08-25 0:00,NaN,NaN,218.72,20.9,12
1998-08-26 0:00,NaN,NaN,218.77,20.2,13.8
1998-08-27 0:00,NaN,NaN,218.8,19.9,12.95
1998-08-28 0:00,NaN,NaN,218.83,16.15,8.95
1998-08-29 0:00,NaN,NaN,218.84,14,7.75
1998-08-30 0:00,NaN,NaN,218.85,18.2,11.2
1998-08-31 0:00,NaN,NaN,218.86,22.2,14.1
1998-09-01 0:00,NaN,NaN,218.87,21.7,15.65
1998-09-02 0:00,NaN,NaN,218.96,22.45,15.2
1998-09-03 0:00,NaN,NaN,219,20.1,12.9
1998-09-04 0:00,NaN,NaN,219.02,20.4,13.3
1998-09-05 0:00,NaN,NaN,219.04,17.1,10.65
1998-09-06 0:00,NaN,NaN,219.05,20.3,11.95
1998-09-07 0:00,NaN,NaN,219.04,15.95,9.3
1998-09-08 0:00,NaN,NaN,219.08,15.75,9.7
1998-09-09 0:00,NaN,NaN,219.09,22.45,14
1998-09-10 0:00,NaN,NaN,219.12,17.7,11.05
1998-09-11 0:00,NaN,NaN,219.15,15.25,6.85
1998-09-12 0:00,NaN,NaN,219.19,13.55,3.4
1998-09-13 0:00,NaN,NaN,219.24,13.25,4.25
1998-09-14 0:00,NaN,NaN,219.32,13.1,2.25
1998-09-15 0:00,NaN,NaN,219.42,15.25,5.85
1998-09-16 0:00,NaN,NaN,219.53,17.8,8.75
1998-09-17 0:00,NaN,NaN,219.65,16.15,8.25
1998-09-18 0:00,NaN,NaN,219.7,15.45,8.65
1998-09-19 0:00,NaN,NaN,219.73,16.95,9.75
1998-09-20 0:00,NaN,NaN,219.77,16.45,8.65
1998-09-21 0:00,NaN,NaN,219.81,15.65,8.15
1998-09-22 0:00,NaN,NaN,219.83,17.25,7.55
1998-09-23 0:00,NaN,NaN,219.84,15.8,7
1998-09-24 0:00,NaN,NaN,219.89,16.55,6.6
1998-09-25 0:00,NaN,NaN,219.89,17.25,7.4
1998-09-26 0:00,NaN,NaN,220.01,18.8,7.8
1998-09-27 0:00,NaN,NaN,220.18,15.9,6.25
1998-09-28 0:00,NaN,NaN,220.26,14.55,5.95
1998-09-29 0:00,NaN,NaN,220.33,16.65,6.55
1998-09-30 0:00,NaN,NaN,220.36,14.4,4.85
1998-10-01 0:00,NaN,NaN,220.41,13.55,4.35
1998-10-02 0:00,NaN,NaN,220.49,12.55,3.75
1998-10-03 0:00,NaN,NaN,220.57,13.7,5.1
1998-10-04 0:00,NaN,NaN,220.63,12.15,2.6
1998-10-05 0:00,NaN,NaN,220.73,11.7,3
1998-10-06 0:00,NaN,NaN,220.85,11.15,2.4
1998-10-07 0:00,NaN,NaN,220.92,10.45,0.9
1998-10-08 0:00,NaN,NaN,221.01,9.2,0.25
1998-10-09 0:00,NaN,NaN,221.09,10.4,2.2
1998-10-10 0:00,NaN,NaN,221.18,12.6,2.75
1998-10-11 0:00,NaN,NaN,221.27,12.7,3.95
1998-10-12 0:00,NaN,NaN,221.52,14.95,5.75
1998-10-13 0:00,NaN,NaN,222.38,12.8,5
1998-10-14 0:00,NaN,NaN,222.66,12.6,7.55
1998-10-15 0:00,NaN,NaN,222.88,13.85,8.65
1998-10-16 0:00,NaN,NaN,223.04,15.35,9.35
1998-10-17 0:00,NaN,NaN,223.15,15.15,8.95
1998-10-18 0:00,NaN,NaN,223.28,13,5.5
1998-10-19 0:00,NaN,NaN,223.49,10.5,0.95
1998-10-20 0:00,NaN,NaN,223.53,9.8,2.85
1998-10-21 0:00,NaN,NaN,223.65,11.35,4.95
1998-10-22 0:00,NaN,NaN,223.77,11.9,5.75
1998-10-23 0:00,NaN,NaN,223.88,14.1,7.1
1998-10-24 0:00,NaN,NaN,223.97,16.85,8.4
1998-10-25 0:00,NaN,NaN,224.04,13.45,6.2
1998-10-26 0:00,NaN,NaN,224.17,11,3.4
1998-10-27 0:00,NaN,NaN,224.23,9.8,3.6
1998-10-28 0:00,NaN,NaN,224.32,13.25,7.1
1998-10-29 0:00,NaN,NaN,224.26,11.65,6.15
1998-10-30 0:00,NaN,NaN,224.23,9.6,3
1998-10-31 0:00,NaN,NaN,224.27,9.65,3.7
1998-11-01 0:00,NaN,NaN,224.31,10.4,5.65
1998-11-02 0:00,NaN,NaN,224.35,13.45,5.15
1998-11-03 0:00,NaN,NaN,224.38,13.95,4.5
1998-11-04 0:00,NaN,NaN,224.41,8.4,0.6
1998-11-05 0:00,NaN,NaN,224.52,6.9,0.25
1998-11-06 0:00,NaN,NaN,224.54,7.75,0.45
1998-11-07 0:00,NaN,NaN,224.53,8.75,3.15
1998-11-08 0:00,NaN,NaN,224.57,9.15,3.25
1998-11-09 0:00,NaN,NaN,224.62,12.05,4.85
1998-11-10 0:00,NaN,NaN,224.66,11.55,4
1998-11-11 0:00,NaN,NaN,224.7,8.05,0.05
1998-11-12 0:00,NaN,NaN,224.77,7.6,-0.1
1998-11-13 0:00,NaN,NaN,224.74,8.75,-1.1
1998-11-14 0:00,NaN,NaN,224.75,10.8,1.4
1998-11-15 0:00,NaN,NaN,224.77,8.6,1.3
1998-11-16 0:00,NaN,NaN,224.81,5.85,-1.7
1998-11-17 0:00,NaN,NaN,224.72,5.55,0.35
1998-11-18 0:00,NaN,NaN,224.53,4.15,-1.65
1998-11-19 0:00,NaN,NaN,224.27,2.45,-2.6
1998-11-20 0:00,NaN,NaN,223.78,1.45,-2.65
1998-11-21 0:00,NaN,NaN,223.49,0.9,-3.55
1998-11-22 0:00,NaN,NaN,223.27,-1.65,-6.55
1998-11-23 0:00,NaN,NaN,223.11,0.8,-5.2
1998-11-24 0:00,NaN,NaN,222.56,0.65,-3.55
1998-11-25 0:00,NaN,NaN,222.25,3.55,-1.8
1998-11-26 0:00,NaN,NaN,222.2,5.75,-2.6
1998-11-27 0:00,NaN,NaN,222.01,5.3,-1.65
1998-11-28 0:00,NaN,NaN,221.91,8.2,-0.25
1998-11-29 0:00,NaN,NaN,221.96,4.55,-4.1
1998-11-30 0:00,NaN,NaN,221.96,3.95,-5.35
1998-12-01 0:00,NaN,NaN,221.41,2,-4.35
1998-12-02 0:00,NaN,NaN,220.875,1.65,-3.7
1998-12-03 0:00,NaN,NaN,220.35,1.1,-4.95
1998-12-04 0:00,NaN,NaN,219.79,2.4,-4.05
1998-12-05 0:00,NaN,NaN,219.28,2.75,-3.65
1998-12-06 0:00,NaN,NaN,219.05,2.9,-3.85
1998-12-07 0:00,NaN,NaN,218.95,3.55,-2.55
1998-12-08 0:00,NaN,NaN,218.41,5,-1.05
1998-12-09 0:00,NaN,NaN,218.01,4.65,1.05
1998-12-10 0:00,NaN,NaN,217.45,9,0.2
1998-12-11 0:00,NaN,NaN,217.07,10.7,1.5
1998-12-12 0:00,NaN,NaN,216.93,11.3,2.55
1998-12-13 0:00,NaN,NaN,217.06,10.45,5.3
1998-12-14 0:00,NaN,NaN,217.1,10.15,4.85
1998-12-15 0:00,NaN,NaN,217.15,10.05,5.9
1998-12-16 0:00,NaN,NaN,217.19,9.15,5.2
1998-12-17 0:00,NaN,NaN,217.23,9.75,5.25
1998-12-18 0:00,NaN,NaN,217.09,8.2,4.3
1998-12-19 0:00,NaN,NaN,217.12,4.95,1.5
1998-12-20 0:00,NaN,NaN,217.13,6.2,-3.45
1998-12-21 0:00,NaN,NaN,217.17,1.85,-5.15
1998-12-22 0:00,NaN,NaN,216.8,0.05,-2.75
1998-12-23 0:00,NaN,NaN,216.78,1.5,-2
1998-12-24 0:00,NaN,NaN,216.7,3,-4.5
1998-12-25 0:00,NaN,NaN,216.67,3.75,-2.05
1998-12-26 0:00,NaN,NaN,216.7,6.1,0.7
1998-12-27 0:00,NaN,NaN,216.68,9.65,3.55
1998-12-28 0:00,NaN,NaN,216.68,4.75,1.1
1998-12-29 0:00,NaN,NaN,216.68,7.4,0
1998-12-30 0:00,NaN,NaN,216.7,7.05,-1.9
1998-12-31 0:00,NaN,NaN,216.75,7.25,-0.45
1999-01-01 0:00,NaN,NaN,216.76,5.3,-0.3
1999-01-02 0:00,NaN,NaN,216.79,5.1,-2.15
1999-01-03 0:00,NaN,NaN,216.82,8.65,1.25
1999-01-04 0:00,NaN,NaN,216.84,10.95,4.1
1999-01-05 0:00,NaN,NaN,216.87,11.55,5.2
1999-01-06 0:00,NaN,NaN,216.88,8.5,4.85
1999-01-07 0:00,NaN,NaN,216.9,7.35,3.5
1999-01-08 0:00,NaN,NaN,216.92,6.6,-0.75
1999-01-09 0:00,NaN,NaN,216.94,6.2,-2.65
1999-01-10 0:00,NaN,NaN,217,0.8,-6.75
1999-01-11 0:00,NaN,NaN,217.04,-1.85,-8.75
1999-01-12 0:00,NaN,NaN,216.74,1.1,-7.8
1999-01-13 0:00,NaN,NaN,216.31,2.5,-5.2
1999-01-14 0:00,NaN,NaN,216.33,4.45,-3
1999-01-15 0:00,NaN,NaN,216.33,6.65,-1.6
1999-01-16 0:00,NaN,NaN,216.33,5.35,0.2
1999-01-17 0:00,NaN,NaN,216.34,5.65,-1.6
1999-01-18 0:00,NaN,NaN,216.38,5.65,-1.65
1999-01-19 0:00,NaN,NaN,216.4,5.95,-1.35
1999-01-20 0:00,NaN,NaN,216.42,6.55,-0.05
1999-01-21 0:00,NaN,NaN,216.45,5.5,1.15
1999-01-22 0:00,NaN,NaN,216.45,6.8,1.3
1999-01-23 0:00,NaN,NaN,216.46,6.65,-0.2
1999-01-24 0:00,NaN,NaN,216.48,6.55,-0.45
1999-01-25 0:00,NaN,NaN,216.49,7.65,0.7
1999-01-26 0:00,NaN,NaN,216.51,7.25,0.15
1999-01-27 0:00,NaN,NaN,216.48,6.75,-0.85
1999-01-28 0:00,NaN,NaN,216.49,7.3,-0.05
1999-01-29 0:00,NaN,NaN,216.56,8.05,-0.7
1999-01-30 0:00,NaN,NaN,216.57,2.45,-4.4
1999-01-31 0:00,NaN,NaN,216.49,-3.15,-8.6
1999-02-01 0:00,NaN,NaN,216.43,-3.35,-9.15
1999-02-02 0:00,NaN,NaN,216.2,0.7,-5.2
1999-02-03 0:00,NaN,NaN,215.78,4.05,-1.8
1999-02-04 0:00,NaN,NaN,215.46,2.85,0.5
1999-02-05 0:00,NaN,NaN,215.25,6.1,0.55
1999-02-06 0:00,NaN,NaN,215.05,7,-0.65
1999-02-07 0:00,NaN,NaN,215.09,6.95,-1.95
1999-02-08 0:00,NaN,NaN,215.08,6.2,-2.7
1999-02-09 0:00,NaN,NaN,214.99,6.45,-3.3
1999-02-10 0:00,NaN,NaN,214.92,0.1,-10.65
1999-02-11 0:00,NaN,NaN,214.51,1.35,-11.3
1999-02-12 0:00,NaN,NaN,214.34,0.65,-8.4
1999-02-13 0:00,NaN,NaN,214.08,-2.05,-10.45
1999-02-14 0:00,NaN,NaN,213.81,-2.7,-9.2
1999-02-15 0:00,NaN,NaN,213.71,-0.75,-8.25
1999-02-16 0:00,NaN,NaN,213.735,5,-3.4
1999-02-17 0:00,NaN,NaN,213.47,5.75,-3.3
1999-02-18 0:00,NaN,NaN,213.17,7.9,-2.2
1999-02-19 0:00,NaN,NaN,212.97,7.2,1.25
1999-02-20 0:00,NaN,NaN,212.84,8.25,0.95
1999-02-21 0:00,NaN,NaN,212.85,13.1,2.2
1999-02-22 0:00,NaN,NaN,212.86,8.75,1.3
1999-02-23 0:00,NaN,NaN,212.61,6.25,-3.1
1999-02-24 0:00,NaN,NaN,212.34,8.1,-0.7
1999-02-25 0:00,NaN,NaN,212.15,8.25,1.3
1999-02-26 0:00,NaN,NaN,211.95,8.25,2.15
1999-02-27 0:00,NaN,NaN,211.66,8.25,2
1999-02-28 0:00,NaN,NaN,211.63,7.15,0.55
1999-03-01 0:00,NaN,NaN,211.51,6.1,-0.55
1999-03-02 0:00,NaN,NaN,211.19,7.15,2
1999-03-03 0:00,NaN,NaN,210.915,9.55,1
1999-03-04 0:00,NaN,NaN,210.54,6.85,-4.05
1999-03-05 0:00,NaN,NaN,210.28,4.35,-5
1999-03-06 0:00,NaN,NaN,209.91,2.6,-6.6
1999-03-07 0:00,NaN,NaN,209.56,4.55,-5.35
1999-03-08 0:00,NaN,NaN,209.3,11.3,-0.5
1999-03-09 0:00,NaN,NaN,208.87,10.7,2.5
1999-03-10 0:00,NaN,NaN,208.72,12.25,5.25
1999-03-11 0:00,NaN,NaN,208.47,11.4,3.6
1999-03-12 0:00,NaN,NaN,208.42,12.5,3.6
1999-03-13 0:00,NaN,NaN,208.44,11.15,1.3
1999-03-14 0:00,NaN,NaN,208.46,11.35,1.5
1999-03-15 0:00,NaN,NaN,208.47,12.25,3.5
1999-03-16 0:00,NaN,NaN,208.5,8.8,3.4
1999-03-17 0:00,NaN,NaN,208.5,8.9,2.15
1999-03-18 0:00,NaN,NaN,208.49,8.3,1.1
1999-03-19 0:00,NaN,NaN,208.36,9.45,0.15
1999-03-20 0:00,NaN,NaN,208.27,5.9,0.75
1999-03-21 0:00,NaN,NaN,207.98,6.5,0.35
1999-03-22 0:00,NaN,NaN,207.81,8.2,-1.15
1999-03-23 0:00,NaN,NaN,207.44,9.7,1.2
1999-03-24 0:00,NaN,NaN,207.06,10.75,1.85
1999-03-25 0:00,NaN,NaN,207.09,11.65,1.9
1999-03-26 0:00,NaN,NaN,206.8,5.8,-3.2
1999-03-27 0:00,NaN,NaN,206.83,4.1,-5.6
1999-03-28 0:00,NaN,NaN,206.88,6.25,-4.4
1999-03-29 0:00,NaN,NaN,206.91,7.8,0.75
1999-03-30 0:00,NaN,NaN,206.65,10.45,3.2
1999-03-31 0:00,NaN,NaN,206.69,13.1,4.85
1999-04-01 0:00,NaN,NaN,206.76,15.05,4.65
1999-04-02 0:00,NaN,NaN,206.82,13,5.1
1999-04-03 0:00,NaN,NaN,206.88,13.35,3.35
1999-04-04 0:00,NaN,NaN,207.02,15.7,6.35
1999-04-05 0:00,NaN,NaN,207.27,14.9,6.8
1999-04-06 0:00,NaN,NaN,207.51,17.15,7.05
1999-04-07 0:00,NaN,NaN,207.79,11.8,2.5
1999-04-08 0:00,NaN,NaN,207.98,7.8,-2.95
1999-04-09 0:00,NaN,NaN,208.18,9.95,-0.8
1999-04-10 0:00,NaN,NaN,208.29,9.4,1.05
1999-04-11 0:00,NaN,NaN,208.4,9.95,0.65
1999-04-12 0:00,NaN,NaN,208.47,8.5,0.75
1999-04-13 0:00,NaN,NaN,208.36,8.45,-0.6
1999-04-14 0:00,NaN,NaN,208.4,7.75,0.2
1999-04-15 0:00,NaN,NaN,208.13,4.8,-6.1
1999-04-16 0:00,NaN,NaN,207.77,6.25,-4.1
1999-04-17 0:00,NaN,NaN,207.63,6.8,-2.95
1999-04-18 0:00,NaN,NaN,207.76,8.1,-2.1
1999-04-19 0:00,NaN,NaN,207.775,8.95,1.3
1999-04-20 0:00,NaN,NaN,207.83,14.3,3.65
1999-04-21 0:00,NaN,NaN,207.66,14.15,5.25
1999-04-22 0:00,NaN,NaN,207.72,10.6,0.3
1999-04-23 0:00,NaN,NaN,207.8,8.85,0.75
1999-04-24 0:00,NaN,NaN,207.84,9.3,1.55
1999-04-25 0:00,NaN,NaN,207.94,13.25,3.75
1999-04-26 0:00,NaN,NaN,208.06,10.8,1.95
1999-04-27 0:00,NaN,NaN,208.22,10.5,1.65
1999-04-28 0:00,NaN,NaN,208.31,10.55,2.8
1999-04-29 0:00,NaN,NaN,208.45,14.45,4.85
1999-04-30 0:00,NaN,NaN,208.67,13.7,5.25
1999-05-01 0:00,NaN,NaN,209.95,14.6,6.2
1999-05-02 0:00,NaN,NaN,209.23,14.95,5.4
1999-05-03 0:00,NaN,NaN,209.67,12.85,3.9
1999-05-04 0:00,NaN,NaN,210.02,12.15,3.4
1999-05-05 0:00,NaN,NaN,210.8,15.1,5.7
1999-05-06 0:00,NaN,NaN,211.43,18.7,7.15
1999-05-07 0:00,NaN,NaN,212.04,17.75,7.75
1999-05-08 0:00,NaN,NaN,212.89,14.9,6.25
1999-05-09 0:00,NaN,NaN,213.82,16.2,8.15
1999-05-10 0:00,NaN,NaN,214.5,17.65,10.2
1999-05-11 0:00,NaN,NaN,215.37,18.15,11.65
1999-05-12 0:00,NaN,NaN,216.24,19.8,12.05
1999-05-13 0:00,NaN,NaN,217.2,18.15,11.45
1999-05-14 0:00,NaN,NaN,217.2,15.8,8.1
1999-05-15 0:00,NaN,NaN,219.03,13.85,5.6
1999-05-16 0:00,NaN,NaN,219.86,15.8,6
1999-05-17 0:00,NaN,NaN,220.5,12.2,2.9
1999-05-18 0:00,NaN,NaN,221.74,12.9,4.1
1999-05-19 0:00,NaN,NaN,222.49,11.3,1.75
1999-05-20 0:00,NaN,NaN,222.77,11.55,1.55
1999-05-21 0:00,NaN,NaN,222.93,11.45,1.85
1999-05-22 0:00,NaN,NaN,223.03,13.9,5.6
1999-05-23 0:00,NaN,NaN,223.13,13.55,6.5
1999-05-24 0:00,NaN,NaN,223.3,15.4,8.7
1999-05-25 0:00,NaN,NaN,223.61,17.05,8.15
1999-05-26 0:00,NaN,NaN,223.89,19.8,11.15
1999-05-27 0:00,NaN,NaN,224.27,20.35,10.85
1999-05-28 0:00,NaN,NaN,224.63,19.3,10.35
1999-05-29 0:00,NaN,NaN,225.04,19.2,10.9
1999-05-30 0:00,NaN,NaN,225.51,19.65,12.85
1999-05-31 0:00,NaN,NaN,225.87,20.75,13.15
1999-06-01 0:00,NaN,NaN,226.21,21.95,13.2
1999-06-02 0:00,NaN,NaN,226.47,18.4,12.3
1999-06-03 0:00,NaN,NaN,226.74,17.75,10.05
1999-06-04 0:00,NaN,NaN,226.92,16.7,8.2
1999-06-05 0:00,NaN,NaN,227.22,13.4,9
1999-06-06 0:00,NaN,NaN,227.57,12.95,4.15
1999-06-07 0:00,NaN,NaN,227.77,11.8,4.65
1999-06-08 0:00,NaN,NaN,227.91,12.7,4.8
1999-06-09 0:00,NaN,NaN,228.08,13.9,6.75
1999-06-10 0:00,NaN,NaN,228.29,16.1,6.75
1999-06-11 0:00,NaN,NaN,228.45,17.2,8.25
1999-06-12 0:00,NaN,NaN,228.6,18,8.05
1999-06-13 0:00,NaN,NaN,228.74,15.8,8.65
1999-06-14 0:00,NaN,NaN,228.86,17.6,7.95
1999-06-15 0:00,NaN,NaN,229,16.1,7.45
1999-06-16 0:00,NaN,NaN,229.12,19,9.5
1999-06-17 0:00,NaN,NaN,229.24,16.5,7.4
1999-06-18 0:00,NaN,NaN,229.35,19.35,10.5
1999-06-19 0:00,NaN,NaN,229.45,18.2,9.45
1999-06-20 0:00,NaN,NaN,229.59,17.9,9.7
1999-06-21 0:00,NaN,NaN,229.72,16.55,8.75
1999-06-22 0:00,NaN,NaN,229.82,16.15,6.85
1999-06-23 0:00,NaN,NaN,229.91,17.2,9
1999-06-24 0:00,NaN,NaN,229.96,20.55,11
1999-06-25 0:00,NaN,NaN,230.11,22.75,12.9
1999-06-26 0:00,NaN,NaN,230.19,17.55,10.45
1999-06-27 0:00,NaN,NaN,230.29,17.6,10
1999-06-28 0:00,NaN,NaN,230.37,17.95,8.65
1999-06-29 0:00,NaN,NaN,230.46,20.65,10.95
1999-06-30 0:00,NaN,NaN,230.56,18.9,10.5
1999-07-01 0:00,NaN,NaN,230.66,21.45,13.7
1999-07-02 0:00,NaN,NaN,230.73,25.2,16.9
1999-07-03 0:00,NaN,NaN,230.8,21.75,16
1999-07-04 0:00,NaN,NaN,230.87,20.05,14.85
1999-07-05 0:00,NaN,NaN,230.93,20.4,11.2
1999-07-06 0:00,NaN,NaN,230.98,17.5,8.2
1999-07-07 0:00,NaN,NaN,231.04,18.7,9.3
1999-07-08 0:00,NaN,NaN,231.08,18.95,10.65
1999-07-09 0:00,NaN,NaN,231.11,19.9,11.75
1999-07-10 0:00,NaN,NaN,231.15,19.45,10.65
1999-07-11 0:00,NaN,NaN,231.2,20.7,12
1999-07-12 0:00,NaN,NaN,231.24,20.85,12.6
1999-07-13 0:00,NaN,NaN,231.27,19.95,11.6
1999-07-14 0:00,NaN,NaN,231.33,18,9.9
1999-07-15 0:00,NaN,NaN,231.36,18.15,10.9
1999-07-16 0:00,NaN,NaN,231.41,20.85,12.75
1999-07-17 0:00,NaN,NaN,231.44,22.6,14.5
1999-07-18 0:00,NaN,NaN,231.48,21.1,12.85
1999-07-19 0:00,NaN,NaN,231.56,19,10.35
1999-07-20 0:00,NaN,NaN,231.62,20.2,12.95
1999-07-21 0:00,NaN,NaN,231.64,20.9,12.25
1999-07-22 0:00,NaN,NaN,231.69,16.75,9.6
1999-07-23 0:00,NaN,NaN,231.72,17.85,9.1
1999-07-24 0:00,NaN,NaN,231.74,18,11.1
1999-07-25 0:00,NaN,NaN,231.77,20.35,13.1
1999-07-26 0:00,NaN,NaN,231.78,21.8,14.2
1999-07-27 0:00,NaN,NaN,231.79,20.7,11.75
1999-07-28 0:00,NaN,NaN,231.81,19.85,11
1999-07-29 0:00,NaN,NaN,231.87,21.25,11.3
1999-07-30 0:00,NaN,NaN,231.92,21.5,11.75
1999-07-31 0:00,NaN,NaN,231.95,21.25,9.8
1999-08-01 0:00,NaN,NaN,231.97,19.2,10.55
1999-08-02 0:00,NaN,NaN,232.01,21.65,13.25
1999-08-03 0:00,NaN,NaN,232.04,18.85,13.4
1999-08-04 0:00,NaN,NaN,232.06,24.05,14.4
1999-08-05 0:00,NaN,NaN,232.12,22.4,14.85
1999-08-06 0:00,NaN,NaN,232.13,21.5,14.1
1999-08-07 0:00,NaN,NaN,232.15,20.9,13.2
1999-08-08 0:00,NaN,NaN,232.22,21.5,12.85
1999-08-09 0:00,NaN,NaN,232.28,19.55,13.05
1999-08-10 0:00,NaN,NaN,232.33,18.55,10.1
1999-08-11 0:00,NaN,NaN,232.35,19.05,9.85
1999-08-12 0:00,NaN,NaN,232.37,18.3,9.05
1999-08-13 0:00,NaN,NaN,232.42,18.2,9.8
1999-08-14 0:00,NaN,NaN,232.45,18.5,11.7
1999-08-15 0:00,NaN,NaN,232.47,19,13.05
1999-08-16 0:00,NaN,NaN,232.48,18.4,13.65
1999-08-17 0:00,NaN,NaN,232.49,18.7,11.05
1999-08-18 0:00,NaN,NaN,232.485,17.15,12.3
1999-08-19 0:00,NaN,NaN,232.48,17.8,11.45
1999-08-20 0:00,NaN,NaN,232.48,18.4,11.1
1999-08-21 0:00,NaN,NaN,232.48,19.3,13.2
1999-08-22 0:00,NaN,NaN,232.49,21.55,14.4
1999-08-23 0:00,NaN,NaN,232.49,22.55,15.45
1999-08-24 0:00,NaN,NaN,232.49,23.75,17.3
1999-08-25 0:00,NaN,NaN,232.48,26.15,18.1
1999-08-26 0:00,NaN,NaN,232.48,22.25,15.05
1999-08-27 0:00,NaN,NaN,232.49,22.9,14.55
1999-08-28 0:00,NaN,NaN,232.49,21,12.4
1999-08-29 0:00,NaN,NaN,232.61,18.8,10.25
1999-08-30 0:00,NaN,NaN,232.62,18.7,10.25
1999-08-31 0:00,NaN,NaN,232.63,20,11.7
1999-09-01 0:00,NaN,NaN,232.64,20.35,12.55
1999-09-02 0:00,NaN,NaN,232.65,22.75,14.75
1999-09-03 0:00,NaN,NaN,232.65,20.45,12.15
1999-09-04 0:00,NaN,NaN,232.66,20,9.05
1999-09-05 0:00,NaN,NaN,232.67,21.05,11.2
1999-09-06 0:00,NaN,NaN,232.68,19.8,11.05
1999-09-07 0:00,NaN,NaN,232.69,19,9.3
1999-09-08 0:00,NaN,NaN,232.69,20.8,12.8
1999-09-09 0:00,NaN,NaN,232.69,19.5,12
1999-09-10 0:00,NaN,NaN,232.69,21.85,12.8
1999-09-11 0:00,NaN,NaN,232.69,23,14.2
1999-09-12 0:00,NaN,NaN,232.69,21.45,13.3
1999-09-13 0:00,NaN,NaN,232.69,19.8,11.65
1999-09-14 0:00,NaN,NaN,232.7,14.8,8.25
1999-09-15 0:00,NaN,NaN,232.875,15.9,6.6
1999-09-16 0:00,NaN,NaN,232.93,16,10.2
1999-09-17 0:00,NaN,NaN,232.98,14.45,7.75
1999-09-18 0:00,NaN,NaN,233.07,15.5,8.8
1999-09-19 0:00,NaN,NaN,233.11,17.2,5.6
1999-09-20 0:00,NaN,NaN,233.32,14.05,4.9
1999-09-21 0:00,NaN,NaN,233.37,17.8,6.7
1999-09-22 0:00,NaN,NaN,233.44,18.8,10.8
1999-09-23 0:00,NaN,NaN,233.46,19.2,12.8
1999-09-24 0:00,NaN,NaN,233.51,20.75,13.15
1999-09-25 0:00,NaN,NaN,233.58,18,10.45
1999-09-26 0:00,NaN,NaN,233.65,16.35,7.7
1999-09-27 0:00,NaN,NaN,233.74,17.6,6.75
1999-09-28 0:00,NaN,NaN,233.78,16.4,7.15
1999-09-29 0:00,NaN,NaN,233.83,18.8,10.1
1999-09-30 0:00,NaN,NaN,233.84,15.15,6.55
1999-10-01 0:00,NaN,NaN,233.86,15.45,8.35
1999-10-02 0:00,NaN,NaN,233.91,16.8,9.4
1999-10-03 0:00,NaN,NaN,233.93,11.1,4.85
1999-10-04 0:00,NaN,NaN,233.94,9.65,1.5
1999-10-05 0:00,NaN,NaN,233.97,9.4,1.35
1999-10-06 0:00,NaN,NaN,233.98,9.35,2.8
1999-10-07 0:00,NaN,NaN,233.98,10.55,5.05
1999-10-08 0:00,NaN,NaN,234,10.95,5.05
1999-10-09 0:00,NaN,NaN,234.02,11.5,6
1999-10-10 0:00,NaN,NaN,234.03,11.8,7.35
1999-10-11 0:00,NaN,NaN,234.05,13.7,8.35
1999-10-12 0:00,NaN,NaN,234.05,12.2,6.55
1999-10-13 0:00,NaN,NaN,234.06,16.7,8.95
1999-10-14 0:00,NaN,NaN,234.1,14.15,7.55
1999-10-15 0:00,NaN,NaN,234.11,14.95,6.9
1999-10-16 0:00,NaN,NaN,234.11,15.5,7.15
1999-10-17 0:00,NaN,NaN,234.15,11.7,5.05
1999-10-18 0:00,NaN,NaN,234.17,12.9,3.6
1999-10-19 0:00,NaN,NaN,234.28,13.1,4.5
1999-10-20 0:00,NaN,NaN,234.28,13.6,3
1999-10-21 0:00,NaN,NaN,234.31,13.9,6.15
1999-10-22 0:00,NaN,NaN,234.31,16.3,7.55
1999-10-23 0:00,NaN,NaN,234.33,14.2,5.35
1999-10-24 0:00,NaN,NaN,234.33,14,5.75
1999-10-25 0:00,NaN,NaN,234.36,12.15,5.6
1999-10-26 0:00,NaN,NaN,234.37,11.7,3.9
1999-10-27 0:00,NaN,NaN,234.38,13.85,9.3
1999-10-28 0:00,NaN,NaN,234.4,17.15,11.9
1999-10-29 0:00,NaN,NaN,234.41,20.05,13.2
1999-10-30 0:00,NaN,NaN,234.42,16.9,10.7
1999-10-31 0:00,NaN,NaN,234.44,15.25,6.75
1999-11-01 0:00,NaN,NaN,234.45,16.35,8.3
1999-11-02 0:00,NaN,NaN,234.47,14.05,6.05
1999-11-03 0:00,NaN,NaN,234.31,7.55,1.4
1999-11-04 0:00,NaN,NaN,234.08,7.35,2.3
1999-11-05 0:00,NaN,NaN,233.89,9.95,4.65
1999-11-06 0:00,NaN,NaN,233.65,8.75,0.4
1999-11-07 0:00,NaN,NaN,233.43,7.95,0.75
1999-11-08 0:00,NaN,NaN,233.3,4.55,1.3
1999-11-09 0:00,NaN,NaN,232.91,7.2,0.2
1999-11-10 0:00,NaN,NaN,232.585,7.95,-1.8
1999-11-11 0:00,NaN,NaN,232.26,4.85,-4.45
1999-11-12 0:00,NaN,NaN,231.96,4.8,-1.3
1999-11-13 0:00,NaN,NaN,231.68,6.2,0.3
1999-11-14 0:00,NaN,NaN,231.67,6.35,-0.6
1999-11-15 0:00,NaN,NaN,231.65,6,-2.45
1999-11-16 0:00,NaN,NaN,231.15,4.35,-2.15
1999-11-17 0:00,NaN,NaN,230.67,4.4,-5.45
1999-11-18 0:00,NaN,NaN,230.19,7.9,-2
1999-11-19 0:00,NaN,NaN,229.79,1.6,-7.5
1999-11-20 0:00,NaN,NaN,229.465,-1.05,-8.8
1999-11-21 0:00,NaN,NaN,229.075,-1.85,-11
1999-11-22 0:00,NaN,NaN,228.627,-2.45,-8.3
1999-11-23 0:00,NaN,NaN,228.23,4.4,-3.45
1999-11-24 0:00,NaN,NaN,227.835,7,-1.1
1999-11-25 0:00,NaN,NaN,227.42,5.1,-0.9
1999-11-26 0:00,NaN,NaN,227.05,5.35,-0.5
1999-11-27 0:00,NaN,NaN,226.55,6.65,-0.5
1999-11-28 0:00,NaN,NaN,226.03,7,0.05
1999-11-29 0:00,NaN,NaN,225.795,7.15,0.2
1999-11-30 0:00,NaN,NaN,225.31,6.9,0.7
1999-12-01 0:00,NaN,NaN,224.825,4.5,1.55
1999-12-02 0:00,NaN,NaN,224.3,3.95,2.35
1999-12-03 0:00,NaN,NaN,223.725,5.65,4.1
1999-12-04 0:00,NaN,NaN,223.08,5.15,-0.45
1999-12-05 0:00,NaN,NaN,222.425,6.6,-1.2
1999-12-06 0:00,NaN,NaN,221.83,4,-0.25
1999-12-07 0:00,NaN,NaN,221.185,5.6,2.6
1999-12-08 0:00,NaN,NaN,220.803,5.8,2.2
1999-12-09 0:00,NaN,NaN,220.34,3.7,-2.25
1999-12-10 0:00,NaN,NaN,219.735,6.9,-3.35
1999-12-11 0:00,NaN,NaN,219.125,9.05,-0.6
1999-12-12 0:00,NaN,NaN,218.59,6.65,-0.2
1999-12-13 0:00,NaN,NaN,218.34,7.8,-0.5
1999-12-14 0:00,NaN,NaN,218.09,6.25,-0.4
1999-12-15 0:00,NaN,NaN,217.895,2.15,-4.5
1999-12-16 0:00,NaN,NaN,217.59,-1,-10.75
1999-12-17 0:00,NaN,NaN,217.165,-1.05,-8.3
1999-12-18 0:00,NaN,NaN,216.42,4.5,-4.45
1999-12-19 0:00,NaN,NaN,216.04,7.75,-0.05
1999-12-20 0:00,NaN,NaN,215.845,0.85,-1.95
1999-12-21 0:00,NaN,NaN,215.06,3.55,-2.05
1999-12-22 0:00,NaN,NaN,214.29,6.45,1.95
1999-12-23 0:00,NaN,NaN,213.64,5.6,1.05
1999-12-24 0:00,NaN,NaN,213.13,6.7,0.6
1999-12-25 0:00,NaN,NaN,212.9,8.55,2.45
1999-12-26 0:00,NaN,NaN,212.87,10.05,2.55
1999-12-27 0:00,NaN,NaN,212.9,13.75,3.15
1999-12-28 0:00,NaN,NaN,212.61,3.85,-3.9
1999-12-29 0:00,NaN,NaN,212.17,2.8,-5.05
1999-12-30 0:00,NaN,NaN,211.67,1.45,-4.85
1999-12-31 0:00,NaN,NaN,211.52,4.25,-4.45
2000-01-01 0:00,NaN,NaN,211.42,6.5,-0.55
2000-01-02 0:00,NaN,NaN,211.43,8.2,-1
2000-01-03 0:00,NaN,NaN,211.43,5.9,-1.85
2000-01-04 0:00,NaN,NaN,211.31,5.2,0.25
2000-01-05 0:00,NaN,NaN,210.87,6.35,0.5
2000-01-06 0:00,NaN,NaN,210.5,5.35,0.7
2000-01-07 0:00,NaN,NaN,210.42,5.35,-1.45
2000-01-08 0:00,NaN,NaN,209.94,7.85,-1.45
2000-01-09 0:00,NaN,NaN,209.96,5.4,-1.65
2000-01-10 0:00,NaN,NaN,209.97,3.2,-2.9
2000-01-11 0:00,NaN,NaN,209.48,1.2,-4
2000-01-12 0:00,NaN,NaN,NaN,1.3,-3.65
2000-01-13 0:00,NaN,NaN,NaN,4.25,-4.45
2000-01-14 0:00,NaN,NaN,207.86,5.2,-4.7
2000-01-15 0:00,NaN,NaN,207.31,3.25,-1.8
2000-01-16 0:00,NaN,NaN,206.84,3.6,-1.15
2000-01-17 0:00,NaN,NaN,206.58,5.25,-1.35
2000-01-18 0:00,NaN,NaN,205.92,-1.05,1.6
2000-01-19 0:00,-11.96,-3.04,205.085,3.35,-1.4
2000-01-20 0:00,-11.18,-3.07,204.535,3.05,-2.35
2000-01-21 0:00,NaN,NaN,203.9,-0.75,-1.25
2000-01-22 0:00,NaN,NaN,203.17,2.75,-4.35
2000-01-23 0:00,NaN,NaN,203.15,3.2,-6.25
2000-01-24 0:00,-11.21,-3.26,203.15,2.15,-7.2
2000-01-25 0:00,-10.83,-3.32,203.08,-1.15,-7.3
2000-01-26 0:00,-10.92,-3.34,202.915,0.8,-5.9
2000-01-27 0:00,-10.77,-3.36,202.32,4.05,-2.5
2000-01-28 0:00,-11.92,-3.4,201.76,4.65,0
2000-01-29 0:00,-12.8,-3.42,201.545,5.4,-0.3
2000-01-30 0:00,-12.73,-3.43,201.55,8.2,4.15
2000-01-31 0:00,-12.83,-3.47,201.56,9.8,5.2
2000-02-01 0:00,-13.27,-3.47,201.57,11.7,5.05
2000-02-02 0:00,NaN,NaN,201.56,9.7,0.6
2000-02-03 0:00,NaN,NaN,201.61,7.85,1.5
2000-02-04 0:00,NaN,NaN,201.6,8.9,3.25
2000-02-05 0:00,NaN,NaN,201.62,13.15,4.15
2000-02-06 0:00,NaN,NaN,201.62,10.65,2.95
2000-02-07 0:00,NaN,NaN,201.65,9.75,1.45
2000-02-08 0:00,NaN,NaN,201.6,10.8,2.75
2000-02-09 0:00,NaN,NaN,201.55,9.65,0.2
2000-02-10 0:00,NaN,NaN,201.57,6.8,1.3
2000-02-11 0:00,NaN,NaN,201.55,6.9,1.05
2000-02-12 0:00,NaN,NaN,201.27,4.45,-2.45
2000-02-13 0:00,NaN,NaN,201.3,4.35,-1.7
2000-02-14 0:00,NaN,NaN,201.36,8.95,-0.35
2000-02-15 0:00,NaN,NaN,201.38,10.2,3.4
2000-02-16 0:00,NaN,NaN,201.38,7.25,-1.55
2000-02-17 0:00,NaN,NaN,201.42,7.45,-2.8
2000-02-18 0:00,NaN,NaN,201.45,10.9,2.6
2000-02-19 0:00,NaN,NaN,201.46,10.25,0.45
2000-02-20 0:00,NaN,NaN,201.48,8.1,-1.35
2000-02-21 0:00,NaN,NaN,201.5,5.05,-0.1
2000-02-22 0:00,NaN,NaN,201.5,3.8,-1.7
2000-02-23 0:00,NaN,NaN,201.52,4.6,-1.4
2000-02-24 0:00,NaN,NaN,201.52,9.3,1.9
2000-02-25 0:00,NaN,NaN,201.53,10.3,3.75
2000-02-26 0:00,NaN,NaN,201.57,12.25,4.45
2000-02-27 0:00,NaN,NaN,201.6,12.25,4.5
2000-02-28 0:00,NaN,NaN,201.62,8.75,3.45
2000-02-29 0:00,NaN,NaN,201.64,9.4,1.6
2000-03-01 0:00,NaN,NaN,201.64,8.7,-1.45
2000-03-02 0:00,NaN,NaN,201.7,6.7,-1.95
2000-03-03 0:00,NaN,NaN,201.7,7.05,1.5
2000-03-04 0:00,NaN,NaN,201.71,7,-0.05
2000-03-05 0:00,NaN,NaN,201.74,5.8,0.05
2000-03-06 0:00,NaN,NaN,201.78,9.5,2.5
2000-03-07 0:00,NaN,NaN,201.82,10.9,3.6
2000-03-08 0:00,NaN,NaN,201.87,10.3,3.25
2000-03-09 0:00,-19.11,-3.75,201.89,11.55,5.85
2000-03-10 0:00,-20.26,-3.76,201.97,11.2,5.7
2000-03-11 0:00,-21.08,-3.78,202.03,12.65,6.8
2000-03-12 0:00,-21.76,-3.8,202.08,12.55,6.55
2000-03-13 0:00,-21.54,-3.79,202.235,9.25,4.3
2000-03-14 0:00,-19.72,-3.77,202.235,10.65,2.8
2000-03-15 0:00,-17.97,-3.78,202.35,10.55,2.15
2000-03-16 0:00,-17.58,-3.77,202.2,7.45,1
2000-03-17 0:00,-18.05,-3.77,202.04,7.4,2.55
2000-03-18 0:00,-17.97,-3.78,201.985,6.7,1.8
2000-03-19 0:00,-17.72,-3.77,202.01,8.95,-0.55
2000-03-20 0:00,-18.3,-3.77,202.02,4.3,-2.5
2000-03-21 0:00,-16.18,-3.79,201.88,10,0.5
2000-03-22 0:00,-15.54,-3.8,201.9,9.65,1.3
2000-03-23 0:00,-15.16,-3.84,201.95,12.85,1.8
2000-03-24 0:00,-14.38,-3.83,202.02,11.15,1.2
2000-03-25 0:00,-14.55,-3.84,202.08,9.4,0.4
2000-03-26 0:00,-14.2,-3.86,202.12,7.9,-1.3
2000-03-27 0:00,-14.12,-3.86,202.195,5.05,-2.8
2000-03-28 0:00,-13.97,-3.87,201.915,4.65,-4.25
2000-03-29 0:00,-14.02,-3.88,201.64,6.45,-5.1
2000-03-30 0:00,-13.6,-3.89,201.355,6.75,-4.15
2000-03-31 0:00,-13.02,NaN,200.865,5.25,-2.25
2000-04-01 0:00,-12.66,-3.99,200.535,7.25,-0.8
2000-04-02 0:00,-13.78,-3.99,200.14,13.15,0.95
2000-04-03 0:00,-13.06,-4.06,199.895,10.7,0.7
2000-04-04 0:00,-12.88,-4.06,199.435,7.2,-0.95
2000-04-05 0:00,-12.64,-4.11,199,7.5,-1.55
2000-04-06 0:00,-12.53,-4.11,198.415,6.85,-1.95
2000-04-07 0:00,-14.49,-4.07,197.965,7.65,1.9
2000-04-08 0:00,NaN,NaN,197.33,9.2,0.45
2000-04-09 0:00,NaN,NaN,197.18,11.7,1.65
2000-04-10 0:00,NaN,NaN,196.86,7.7,1.15
2000-04-11 0:00,NaN,NaN,196.07,8.85,-1
2000-04-12 0:00,NaN,NaN,195.25,7.15,-0.1
2000-04-13 0:00,NaN,NaN,194.29,10.2,2.7
2000-04-14 0:00,-14.05,-4.22,193.84,13.1,2.6
2000-04-15 0:00,NaN,NaN,192.66,9.85,0.3
2000-04-16 0:00,NaN,NaN,192.17,10.65,1.65
2000-04-17 0:00,NaN,NaN,192.31,11.25,1.85
2000-04-18 0:00,NaN,NaN,192.33,10.5,1.35
2000-04-19 0:00,NaN,NaN,192.43,10.4,2.4
2000-04-20 0:00,NaN,NaN,192.07,14.2,5.55
2000-04-21 0:00,-14.38,-4.31,191.87,16.9,7.6
2000-04-22 0:00,NaN,NaN,191.57,16.85,8.55
2000-04-23 0:00,NaN,NaN,192.39,9.5,0.35
2000-04-24 0:00,NaN,NaN,192.83,10.55,2.9
2000-04-25 0:00,NaN,NaN,193.09,15.85,6.9
2000-04-26 0:00,NaN,NaN,193.13,11.75,6.55
2000-04-27 0:00,NaN,NaN,193.48,10.75,2.9
2000-04-28 0:00,-15.29,-4.36,193.67,10.35,0.3
2000-04-29 0:00,NaN,NaN,193.85,11.55,1.6
2000-04-30 0:00,NaN,NaN,194.1,14.15,3.65
2000-05-01 0:00,NaN,NaN,194.31,14.2,5.5
2000-05-02 0:00,NaN,NaN,194.57,15.9,6.6
2000-05-03 0:00,NaN,NaN,194.98,16.15,8.1
2000-05-04 0:00,NaN,NaN,195.52,16.95,8.5
2000-05-05 0:00,-15.35,-4.51,195.86,14.6,6.75
2000-05-06 0:00,NaN,NaN,196.9,14.75,6.6
2000-05-07 0:00,NaN,NaN,197.61,15.75,6.05
2000-05-08 0:00,NaN,NaN,198.33,15.25,6.7
2000-05-09 0:00,NaN,NaN,199.13,15.7,6.2
2000-05-10 0:00,NaN,NaN,199.91,14.6,6.15
2000-05-11 0:00,NaN,NaN,200.67,14.8,5.65
2000-05-12 0:00,-15.49,-4.51,201.195,15.5,6.55
2000-05-13 0:00,NaN,NaN,202.47,18.1,8.45
2000-05-14 0:00,NaN,NaN,202.47,17.65,9.35
2000-05-15 0:00,NaN,NaN,203.14,18.9,10.2
2000-05-16 0:00,NaN,NaN,NaN,19.55,9.95
2000-05-17 0:00,NaN,NaN,204.67,13.85,6.8
2000-05-18 0:00,NaN,NaN,205.37,11.55,5
2000-05-19 0:00,-17.23,-4.31,206.06,11.8,2.9
2000-05-20 0:00,NaN,NaN,206.62,14.05,5.7
2000-05-21 0:00,NaN,NaN,207.22,13.4,7.1
2000-05-22 0:00,NaN,NaN,207.77,12.15,4
2000-05-23 0:00,NaN,NaN,208.265,15.65,7.05
2000-05-24 0:00,NaN,NaN,208.76,16.95,8.1
2000-05-25 0:00,NaN,NaN,209.18,16.55,5.75
2000-05-26 0:00,-17.68,-4.05,209.29,18.1,9.4
2000-05-27 0:00,NaN,NaN,209.52,13.7,6.5
2000-05-28 0:00,NaN,NaN,210.43,14.7,7.25
2000-05-29 0:00,NaN,NaN,210.43,16.65,8.15
2000-05-30 0:00,NaN,NaN,210.67,18.8,10.05
2000-05-31 0:00,NaN,NaN,210.83,18.35,10.6
2000-06-01 0:00,NaN,NaN,211.11,20.7,12.65
2000-06-02 0:00,-20.18,-3.88,211.46,22.35,13.05
2000-06-03 0:00,NaN,NaN,211.9,20,12.6
2000-06-04 0:00,NaN,NaN,212.29,16.05,11.8
2000-06-05 0:00,-19.44,-3.78,212.655,12.65,7.85
2000-06-06 0:00,NaN,NaN,212.95,13.4,3.6
2000-06-07 0:00,NaN,NaN,213.15,14.95,7.05
2000-06-08 0:00,NaN,NaN,213.33,17.75,10.1
2000-06-09 0:00,-19.17,-3.61,213.517,17.35,10.4
2000-06-10 0:00,NaN,NaN,213.76,10.1,0.3
2000-06-11 0:00,NaN,NaN,214.13,10.95,0.4
2000-06-12 0:00,NaN,NaN,214.39,14.8,2
2000-06-13 0:00,NaN,NaN,214.7,16.5,5.85
2000-06-14 0:00,NaN,NaN,215.09,18.45,7.6
2000-06-15 0:00,NaN,NaN,215.82,21.45,11.75
2000-06-16 0:00,-16.74,-3.06,216.69,20.95,12.05
2000-06-17 0:00,NaN,NaN,217.48,21.95,12.4
2000-06-18 0:00,NaN,NaN,218.15,22.65,12.75
2000-06-19 0:00,NaN,NaN,218.76,22.5,12.4
2000-06-20 0:00,NaN,NaN,219.16,21.35,12
2000-06-21 0:00,NaN,NaN,219.465,21.15,11.8
2000-06-22 0:00,NaN,NaN,219.72,17.7,10.25
2000-06-23 0:00,-17.97,-2.48,219.96,14.2,8.35
2000-06-24 0:00,NaN,NaN,220.25,15.25,8.7
2000-06-25 0:00,NaN,NaN,220.46,17,9.8
2000-06-26 0:00,NaN,NaN,220.63,19.7,11.75
2000-06-27 0:00,NaN,NaN,220.78,23.8,14.85
2000-06-28 0:00,NaN,NaN,220.89,21.1,11.15
2000-06-29 0:00,NaN,NaN,220.91,19.45,10.9
2000-06-30 0:00,-20.12,-2.28,220.935,21.45,12.85
2000-07-01 0:00,NaN,NaN,220.85,22.4,14.95
2000-07-02 0:00,NaN,NaN,220.9,22.95,16.45
2000-07-03 0:00,NaN,NaN,220.99,21.85,15.2
2000-07-04 0:00,NaN,NaN,220.82,17.15,9.3
2000-07-05 0:00,NaN,NaN,220.63,18.45,10.95
2000-07-06 0:00,-21.85,-2.37,220.325,22.5,16.7
2000-07-07 0:00,-22.4,-2.4,220.15,19.2,11.6
2000-07-08 0:00,NaN,NaN,219.97,17.05,8.9
2000-07-09 0:00,NaN,NaN,219.99,16.75,9
2000-07-10 0:00,NaN,NaN,220.02,15.25,7.2
2000-07-11 0:00,NaN,NaN,219.87,13.9,5
2000-07-12 0:00,NaN,NaN,219.9,14.4,4.85
2000-07-13 0:00,NaN,NaN,219.97,15.75,7.05
2000-07-14 0:00,-19.29,-2.44,219.76,16.6,8.5
2000-07-15 0:00,NaN,NaN,219.86,14.65,7.5
2000-07-16 0:00,NaN,NaN,220.04,15.9,7.4
2000-07-17 0:00,NaN,NaN,220.09,17.2,9.15
2000-07-18 0:00,NaN,NaN,220.01,19.75,11.3
2000-07-19 0:00,NaN,NaN,220.06,21,11.8
2000-07-20 0:00,NaN,NaN,220.11,21.8,12.6
2000-07-21 0:00,-18.34,-2.46,220.09,21.9,13.95
2000-07-22 0:00,NaN,NaN,220.01,23.55,16.2
2000-07-23 0:00,NaN,NaN,220.07,20.15,13.55
2000-07-24 0:00,NaN,NaN,220.13,18.1,10.3
2000-07-25 0:00,-18.38,-2.48,220.08,18.95,11.8
2000-07-26 0:00,NaN,NaN,220.12,17.6,10.9
2000-07-27 0:00,-19.19,-2.48,220.133,19.75,13.05
2000-07-28 0:00,NaN,NaN,220.11,19.05,9.95
2000-07-29 0:00,NaN,NaN,220.14,18.65,9.4
2000-07-30 0:00,NaN,NaN,220.17,18.5,10.45
2000-07-31 0:00,NaN,NaN,220.18,21.55,14.1
2000-08-01 0:00,-20.25,-2.51,220.2,20.3,15.05
2000-08-02 0:00,NaN,NaN,220.21,18.35,12.45
2000-08-03 0:00,NaN,NaN,220.18,14.25,8.1
2000-08-04 0:00,NaN,NaN,220.26,16.45,6.6
2000-08-05 0:00,NaN,NaN,220.35,15.8,6.4
2000-08-06 0:00,NaN,NaN,220.52,16.8,7.25
2000-08-07 0:00,NaN,NaN,220.58,17.15,10.15
2000-08-08 0:00,-17.81,-2.47,220.625,19.1,11
2000-08-09 0:00,NaN,NaN,220.635,20.5,13
2000-08-10 0:00,NaN,NaN,220.65,22.7,14.65
2000-08-11 0:00,NaN,NaN,220.68,24.25,15.2
2000-08-12 0:00,NaN,NaN,220.72,19.1,10.5
2000-08-13 0:00,NaN,NaN,220.74,21.35,11.8
2000-08-14 0:00,NaN,NaN,220.77,21.5,13.35
2000-08-15 0:00,-19.51,-2.5,220.82,22.9,14.3
2000-08-16 0:00,NaN,NaN,220.84,23.05,15.95
2000-08-17 0:00,NaN,NaN,220.82,19.3,16
2000-08-18 0:00,NaN,NaN,NaN,22.5,15.5
2000-08-19 0:00,NaN,NaN,220.85,24.75,15.65
2000-08-20 0:00,NaN,NaN,220.73,23.15,17.1
2000-08-21 0:00,NaN,NaN,220.75,17.7,14.65
2000-08-22 0:00,-21.8,-2.56,220.76,19.25,11.75
2000-08-23 0:00,NaN,NaN,220.76,21.15,14.4
2000-08-24 0:00,NaN,NaN,220.81,21.25,17
2000-08-25 0:00,NaN,NaN,220.81,25.7,18.75
2000-08-26 0:00,NaN,NaN,220.8,17.45,14.95
2000-08-27 0:00,NaN,NaN,220.8,16.9,9.5
2000-08-28 0:00,NaN,NaN,220.83,18.6,9.25
2000-08-29 0:00,-21.76,-2.58,220.83,21.35,12.5
2000-08-30 0:00,NaN,NaN,NaN,17.7,10.55
2000-08-31 0:00,NaN,NaN,220.91,18.65,9.55
2000-09-01 0:00,NaN,NaN,220.92,17.15,10.8
2000-09-02 0:00,NaN,NaN,220.92,18.4,9.3
2000-09-03 0:00,NaN,NaN,220.94,16.7,7.05
2000-09-04 0:00,NaN,NaN,220.95,16.75,8.1
2000-09-05 0:00,-19.14,-2.56,220.97,14.85,8.25
2000-09-06 0:00,NaN,NaN,220.86,15.75,9.4
2000-09-07 0:00,NaN,NaN,220.84,16.75,10.5
2000-09-08 0:00,NaN,NaN,220.72,19.55,13.45
2000-09-09 0:00,NaN,NaN,220.72,20.65,13.45
2000-09-10 0:00,NaN,NaN,220.57,20.9,14.5
2000-09-11 0:00,NaN,NaN,220.56,21.2,13.4
2000-09-12 0:00,-21.47,-2.67,220.255,19.2,11.3
2000-09-13 0:00,NaN,NaN,220.12,21.4,12.05
2000-09-14 0:00,NaN,NaN,220.04,21.2,14.1
2000-09-15 0:00,NaN,NaN,219.92,20.8,14.9
2000-09-16 0:00,NaN,NaN,219.86,18.2,12.05
2000-09-17 0:00,NaN,NaN,219.86,16.5,8.95
2000-09-18 0:00,NaN,NaN,219.88,17.75,8.55
2000-09-19 0:00,-20.97,-2.79,219.79,15.4,6.3
2000-09-20 0:00,NaN,NaN,NaN,12.4,2.85
2000-09-21 0:00,NaN,NaN,219.49,13.55,6.1
2000-09-22 0:00,NaN,NaN,219.46,17.6,10
2000-09-23 0:00,NaN,NaN,219.47,19.55,11.6
2000-09-24 0:00,NaN,NaN,219.48,16.7,9.9
2000-09-25 0:00,NaN,NaN,219.46,19.45,11.25
2000-09-26 0:00,-20.26,-2.81,219.21,18.2,11.9
2000-09-27 0:00,NaN,NaN,218.975,17.15,9.6
2000-09-28 0:00,NaN,NaN,218.77,20.9,9.75
2000-09-29 0:00,NaN,NaN,218.55,12.4,5.6
2000-09-30 0:00,NaN,NaN,218.38,10.25,3.05
2000-10-01 0:00,NaN,NaN,218.21,12.1,3
2000-10-02 0:00,NaN,NaN,218.21,12.5,2.75
2000-10-03 0:00,-13.37,-3.01,217.935,14.7,6.4
2000-10-04 0:00,NaN,NaN,217.87,14.6,9.9
2000-10-05 0:00,NaN,NaN,217.59,13.8,7.15
2000-10-06 0:00,NaN,NaN,217.32,12.25,5.7
2000-10-07 0:00,NaN,NaN,217.03,8.9,3.85
2000-10-08 0:00,NaN,NaN,216.95,10.05,6.35
2000-10-09 0:00,NaN,NaN,216.91,11.7,5.45
2000-10-10 0:00,-16.315,-3.165,216.765,12.55,5.8
2000-10-11 0:00,-15.76,-3.18,216.583,11.25,4.1
2000-10-12 0:00,NaN,NaN,216.55,8.65,1.95
2000-10-13 0:00,NaN,NaN,216.55,9.2,0
2000-10-14 0:00,NaN,NaN,216.64,9.95,1.3
2000-10-15 0:00,NaN,NaN,216.7,8.95,-0.2
2000-10-16 0:00,NaN,NaN,216.76,9.4,1.3
2000-10-17 0:00,-11.15,-3.06,216.725,12.25,4.15
2000-10-18 0:00,NaN,NaN,216.77,13.95,6.4
2000-10-19 0:00,NaN,NaN,216.84,15,7.65
2000-10-20 0:00,NaN,NaN,216.96,14.95,7.6
2000-10-21 0:00,NaN,NaN,217.08,14.3,6.65
2000-10-22 0:00,NaN,NaN,217.29,13.25,6.9
2000-10-23 0:00,NaN,NaN,217.52,15.5,7.65
2000-10-24 0:00,-11.21,-2.91,217.695,16.95,6.85
2000-10-25 0:00,NaN,NaN,217.87,15.1,7.55
2000-10-26 0:00,NaN,NaN,217.99,12.5,5.7
2000-10-27 0:00,NaN,NaN,218.07,13.1,5.95
2000-10-28 0:00,NaN,NaN,218.16,14.95,7.75
2000-10-29 0:00,NaN,NaN,218.21,11.3,4.4
2000-10-30 0:00,NaN,NaN,218.3,12.15,4.6
2000-10-31 0:00,-12.79,-2.77,218.32,10.25,2.7
2000-11-01 0:00,-11.78,-2.72,218.355,9.5,1.8
2000-11-02 0:00,NaN,NaN,218.43,11.8,2.75
2000-11-03 0:00,NaN,NaN,218.42,9.05,0.95
2000-11-04 0:00,NaN,NaN,218.45,6.35,-0.4
2000-11-05 0:00,NaN,NaN,218.49,7.5,0.05
2000-11-06 0:00,NaN,NaN,218.53,11.35,1.9
2000-11-07 0:00,-7.8,-2.58,218.555,8.2,0.75
2000-11-08 0:00,NaN,NaN,218.58,6.3,-0.65
2000-11-09 0:00,NaN,NaN,218.34,6.25,-0.2
2000-11-10 0:00,-6.45,-2.5,218.325,6,-0.55
2000-11-11 0:00,NaN,NaN,218.35,4.15,0.25
2000-11-12 0:00,NaN,NaN,218.36,10.1,4.55
2000-11-13 0:00,NaN,NaN,218.42,8.45,4
2000-11-14 0:00,-6.81,-2.46,218.43,9.25,1.25
2000-11-15 0:00,-6.76,-2.44,218.42,5.75,-2.35
2000-11-16 0:00,NaN,NaN,218.46,6.85,-2.8
2000-11-17 0:00,NaN,NaN,218.47,7.25,-3.2
2000-11-18 0:00,NaN,NaN,218.52,7.4,-2.3
2000-11-19 0:00,NaN,NaN,218.51,8.15,0.25
2000-11-20 0:00,NaN,NaN,218.51,7.45,-1.25
2000-11-21 0:00,-4.67,-2.28,218.525,7.7,0.1
2000-11-22 0:00,-5.78,-2.28,218.577,10.7,2
2000-11-23 0:00,NaN,NaN,218.61,9.65,1.15
2000-11-24 0:00,NaN,NaN,218.67,8.35,0.45
2000-11-25 0:00,NaN,NaN,218.7,10.3,1.6
2000-11-26 0:00,NaN,NaN,218.72,11.75,1.55
2000-11-27 0:00,NaN,NaN,218.8,13.8,3.8
2000-11-28 0:00,-6.88,-2.16,218.995,10.2,6.6
2000-11-29 0:00,-7.53,-2.16,219.04,12.15,5.15
2000-11-30 0:00,NaN,NaN,219.13,12.8,4.3
2000-12-01 0:00,NaN,NaN,219.17,10.85,5.3
2000-12-02 0:00,NaN,NaN,219.2,8.35,1.75
2000-12-03 0:00,NaN,NaN,219.23,7.6,1.2
2000-12-04 0:00,NaN,NaN,219.27,7.4,3.1
2000-12-05 0:00,-6.5,-2.02,219.29,9.25,3.45
2000-12-06 0:00,-6.66,-2.03,219.305,13.55,4.25
2000-12-07 0:00,NaN,NaN,219.37,15.65,6
2000-12-08 0:00,NaN,NaN,219.44,11.3,5.65
2000-12-09 0:00,NaN,NaN,219.51,8.5,1.55
2000-12-10 0:00,NaN,NaN,219.57,10,2.1
2000-12-11 0:00,NaN,NaN,219.6,8.65,3.75
2000-12-12 0:00,-5.23,-1.87,219.605,9.75,6
2000-12-13 0:00,NaN,NaN,219.65,8.55,5
2000-12-14 0:00,NaN,NaN,219.68,7,5
2000-12-15 0:00,NaN,NaN,219.63,6.7,-2.1
2000-12-16 0:00,NaN,NaN,219.66,6.8,-0.75
2000-12-17 0:00,NaN,NaN,219.68,7.65,-0.1
2000-12-18 0:00,NaN,NaN,219.69,9.55,1.65
2000-12-19 0:00,-5.61,-1.79,219.7,6.65,3.3
2000-12-20 0:00,-5.39,-1.76,219.695,7.1,4.1
2000-12-21 0:00,NaN,NaN,219.66,6.9,0.7
2000-12-22 0:00,NaN,NaN,219.6,11.1,0.85
2000-12-23 0:00,NaN,NaN,219.7,9.6,-0.3
2000-12-24 0:00,NaN,NaN,219.7,8.4,0.2
2000-12-25 0:00,NaN,NaN,219.72,9.2,-0.55
2000-12-26 0:00,-3.69,-1.65,219.73,8.7,0.9
2000-12-27 0:00,-3.64,-1.63,219.75,5.2,-1.4
2000-12-28 0:00,NaN,NaN,219.79,6.2,-0.7
2000-12-29 0:00,NaN,NaN,219.75,6.2,-1.2
2000-12-30 0:00,NaN,NaN,219.81,3.6,-4.5
2000-12-31 0:00,NaN,NaN,219.63,2.15,-3.05
2001-01-01 0:00,NaN,NaN,219.56,8.35,0.45
2001-01-02 0:00,-3,-1.54,219.56,8.2,2.5
2001-01-03 0:00,-3.21,-1.53,219.573,7.65,-1.9
2001-01-04 0:00,NaN,NaN,219.45,8.2,-0.7
2001-01-05 0:00,NaN,NaN,219.36,10,1.55
2001-01-06 0:00,NaN,NaN,219.37,5.4,0.05
2001-01-07 0:00,NaN,NaN,219.44,5.85,-1.7
2001-01-08 0:00,NaN,NaN,219.46,4.65,-5.1
2001-01-09 0:00,-1.55,-1.5,219.17,5.2,-3.95
2001-01-10 0:00,-1.7,-1.51,219.09,8.95,-0.2
2001-01-11 0:00,NaN,NaN,219.1,8.45,1.2
2001-01-12 0:00,NaN,NaN,218.97,8.35,1.5
2001-01-13 0:00,NaN,NaN,218.99,7.25,-1.45
2001-01-14 0:00,NaN,NaN,219.02,5.45,-1.2
2001-01-15 0:00,NaN,NaN,218.97,4.1,-3.75
2001-01-16 0:00,-2.66,-1.54,218.59,4,-2
2001-01-17 0:00,-2.59,-1.57,218.227,4.85,-3.65
2001-01-18 0:00,NaN,NaN,217.91,4.75,-3.1
2001-01-19 0:00,NaN,NaN,217.81,6.1,-3.75
2001-01-20 0:00,NaN,NaN,217.59,7,-2.3
2001-01-21 0:00,NaN,NaN,217.54,8.25,0.6
2001-01-22 0:00,NaN,NaN,217.55,6.9,1.4
2001-01-23 0:00,-3.99,-1.7,217.295,10.4,2.15
2001-01-24 0:00,NaN,NaN,217.09,8.5,3.85
2001-01-25 0:00,NaN,NaN,217.01,4.95,-0.05
2001-01-26 0:00,NaN,NaN,216.98,6.9,-3.75
2001-01-27 0:00,NaN,NaN,216.81,7.6,-1.45
2001-01-28 0:00,NaN,NaN,216.82,2.4,-4.95
2001-01-29 0:00,NaN,NaN,216.85,3.85,-5.3
2001-01-30 0:00,-2.97,-1.8,216.595,4.95,-5.65
2001-01-31 0:00,-3.37,-1.83,216.295,5.6,-4.3
2001-02-01 0:00,NaN,NaN,NaN,4.35,-5.7
2001-02-02 0:00,NaN,NaN,216.16,4.65,-4.55
2001-02-03 0:00,NaN,NaN,216.17,8.15,0.65
2001-02-04 0:00,NaN,NaN,216.2,9.8,-0.6
2001-02-05 0:00,NaN,NaN,216.21,8.95,-0.4
2001-02-06 0:00,-6.22,-1.86,216.14,12.3,2.6
2001-02-07 0:00,-6.97,-1.93,215.81,10.9,2.9
2001-02-08 0:00,NaN,NaN,215.65,7.85,-0.85
2001-02-09 0:00,NaN,NaN,215.4,4.55,-3.3
2001-02-10 0:00,NaN,NaN,215.09,7.25,-0.45
2001-02-11 0:00,NaN,NaN,214.77,13.4,4
2001-02-12 0:00,NaN,NaN,214.66,11.3,5.15
2001-02-13 0:00,-9.25,-2.14,214.13,6.8,-0.9
2001-02-14 0:00,-8.76,-2.25,213.415,5.75,-3.3
2001-02-15 0:00,NaN,NaN,212.49,7.7,-0.45
2001-02-16 0:00,NaN,NaN,212.02,4.3,-0.4
2001-02-17 0:00,NaN,NaN,211.57,6.3,-1.95
2001-02-18 0:00,NaN,NaN,211.14,3.3,-4.65
2001-02-19 0:00,NaN,NaN,210.54,3.75,-0.75
2001-02-20 0:00,-12.28,-2.8,209.865,4.55,-0.65
2001-02-21 0:00,NaN,NaN,209.4,4.1,0.95
2001-02-22 0:00,-13.04,-2.93,208.83,5.7,2.8
2001-02-23 0:00,NaN,NaN,208.5,3.6,0.4
2001-02-24 0:00,NaN,NaN,208.02,5.05,-3.1
2001-02-25 0:00,NaN,NaN,207.35,2.05,-7.8
2001-02-26 0:00,NaN,NaN,206.72,0.2,-7.2
2001-02-27 0:00,-13.61,-3.27,206.175,2.15,-7
2001-02-28 0:00,NaN,NaN,205.57,1.35,-8.9
2001-03-01 0:00,NaN,NaN,204.94,3.8,-7.3
2001-03-02 0:00,NaN,NaN,204.27,9.75,-0.6
2001-03-03 0:00,NaN,NaN,203.75,13.8,2.6
2001-03-04 0:00,NaN,NaN,203.25,9.85,2.4
2001-03-05 0:00,NaN,NaN,203.13,12.45,4.55
2001-03-06 0:00,-13.5,-3.86,202.695,14.25,5.9
2001-03-07 0:00,-13.2,-3.91,202.405,14.5,6
2001-03-08 0:00,NaN,NaN,202.33,12.85,1.45
2001-03-09 0:00,NaN,NaN,202.33,10.8,0.05
2001-03-10 0:00,NaN,NaN,202.31,12.2,2.4
2001-03-11 0:00,NaN,NaN,202.35,16.2,6.45
2001-03-12 0:00,-14.59,-3.99,202.41,11.25,3.8
2001-03-13 0:00,-13.54,-4,202.24,8.2,-2.25
2001-03-14 0:00,-15.02,-3.98,201.915,11.8,2.15
2001-03-15 0:00,-17.08,-3.99,201.89,14,4.1
2001-03-16 0:00,NaN,NaN,201.87,14.2,2.95
2001-03-17 0:00,NaN,NaN,201.71,9.7,1.4
2001-03-18 0:00,NaN,NaN,201.53,11.15,2.85
2001-03-19 0:00,NaN,NaN,201.17,12.3,3.05
2001-03-20 0:00,-16.91,-4.04,200.8,15.8,6.35
2001-03-21 0:00,-16.46,-4.09,199.98,15.8,7.55
2001-03-22 0:00,NaN,NaN,199.5,15.8,8
2001-03-23 0:00,NaN,NaN,199.28,15.85,9.65
2001-03-24 0:00,NaN,NaN,199.17,19.45,9.8
2001-03-25 0:00,NaN,NaN,199.35,12.85,1.45
2001-03-26 0:00,NaN,NaN,199.47,10.45,0.35
2001-03-27 0:00,-15.91,-4.23,199.115,9.85,0.4
2001-03-28 0:00,NaN,NaN,198.77,11.85,1.4
2001-03-29 0:00,NaN,NaN,198.79,8.2,-1.75
2001-03-30 0:00,NaN,NaN,198.68,8.75,-2.2
2001-03-31 0:00,NaN,NaN,198.61,8.85,3.05
2001-04-01 0:00,NaN,NaN,198.65,14,5.4
2001-04-02 0:00,NaN,NaN,198.66,15.05,5.75
2001-04-03 0:00,-18.3,-4.28,198.32,12.15,4.4
2001-04-04 0:00,-17.9,-4.3,198.327,9.8,4.1
2001-04-05 0:00,NaN,NaN,197.74,12.3,3.95
2001-04-06 0:00,NaN,NaN,197.39,17.15,6.65
2001-04-07 0:00,NaN,NaN,197.17,9.55,-0.35
2001-04-08 0:00,NaN,NaN,197.28,8.55,-1.6
2001-04-09 0:00,NaN,NaN,197.37,9.8,1
2001-04-10 0:00,-14.37,-4.39,197.355,11.75,2.85
2001-04-11 0:00,-15.52,-4.37,197.23,8.7,-2.35
2001-04-12 0:00,NaN,NaN,197.07,9.8,-0.6
2001-04-13 0:00,NaN,NaN,197.09,9.25,-0.8
2001-04-14 0:00,NaN,NaN,197.1,7,-0.4
2001-04-15 0:00,NaN,NaN,197.15,7.2,1.85
2001-04-16 0:00,NaN,NaN,197.37,8.95,0.9
2001-04-17 0:00,-17.25,-4.34,197.465,9.55,-0.2
2001-04-18 0:00,-16.46,-4.36,197.65,8.95,-0.05
2001-04-19 0:00,NaN,NaN,197.72,7.3,-0.6
2001-04-20 0:00,NaN,NaN,197.88,5.4,-5.6
2001-04-21 0:00,NaN,NaN,198.13,3.65,-7.25
2001-04-22 0:00,NaN,NaN,198.22,6.15,-3.95
2001-04-23 0:00,NaN,NaN,198.46,12.75,2.95
2001-04-24 0:00,-15.6,-4.39,198.52,13.05,5.35
2001-04-25 0:00,-15.09,-4.43,198.675,12.2,4
2001-04-26 0:00,NaN,NaN,199.16,9.85,2.75
2001-04-27 0:00,NaN,NaN,199.5,9.6,2.6
2001-04-28 0:00,NaN,NaN,200.03,13.4,4.3
2001-04-29 0:00,NaN,NaN,200.03,9.9,3.55
2001-04-30 0:00,NaN,NaN,200.38,3.5,-0.8
2001-05-01 0:00,-14.11,-4.4,200.725,7.45,-1.6
2001-05-02 0:00,-14.28,-4.4,200.95,8.95,0.3
2001-05-03 0:00,NaN,NaN,201.11,9.75,-2.25
2001-05-04 0:00,NaN,NaN,201.28,10.5,-0.7
2001-05-05 0:00,NaN,NaN,201.45,8.6,-1.8
2001-05-06 0:00,NaN,NaN,201.6,7.15,-1.75
2001-05-07 0:00,NaN,NaN,201.73,9.85,0.35
2001-05-08 0:00,-14.48,-4.41,201.825,10.7,1.9
2001-05-09 0:00,-14.74,-4.48,201.96,10.65,3.35
2001-05-10 0:00,NaN,NaN,202.07,13.1,3.1
2001-05-11 0:00,NaN,NaN,202.32,16.3,6.1
2001-05-12 0:00,NaN,NaN,202.52,17.3,7.65
2001-05-13 0:00,NaN,NaN,203.02,14.6,6.9
2001-05-14 0:00,NaN,NaN,203.69,15.95,6.9
2001-05-15 0:00,-15.69,-4.4,204.355,14.15,6.45
2001-05-16 0:00,-16.85,-4.38,205.005,17.6,8.3
2001-05-17 0:00,NaN,NaN,205.8,13.9,6.7
2001-05-18 0:00,NaN,NaN,206.76,11.8,4.15
2001-05-19 0:00,NaN,NaN,207.42,12.25,4.3
2001-05-20 0:00,NaN,NaN,208.02,13.65,4.4
2001-05-21 0:00,NaN,NaN,208.53,14.9,5.55
2001-05-22 0:00,-17.31,-4.13,208.905,16.35,5.95
2001-05-23 0:00,-17.18,-4.11,209.44,14.1,5.25
2001-05-24 0:00,NaN,NaN,209.95,15.4,5.4
2001-05-25 0:00,NaN,NaN,210.44,13.85,5.35
2001-05-26 0:00,NaN,NaN,210.87,15.9,8.55
2001-05-27 0:00,NaN,NaN,211.38,19.55,11.1
2001-05-28 0:00,NaN,NaN,211.98,21.3,12.7
2001-05-29 0:00,-20.09,-3.82,212.475,21.5,13.15
2001-05-30 0:00,-21.38,-3.75,213.055,22.85,13.6
2001-05-31 0:00,NaN,NaN,213.76,19.35,11.7
2001-06-01 0:00,NaN,NaN,214.36,18.6,9.7
2001-06-02 0:00,NaN,NaN,214.97,15.2,7.6
2001-06-03 0:00,NaN,NaN,215.4,16.3,7.2
2001-06-04 0:00,NaN,NaN,215.81,16.95,8.65
2001-06-05 0:00,-21.16,-3.38,216.145,16.45,10.1
2001-06-06 0:00,-21.64,-3.34,216.585,17.3,7
2001-06-07 0:00,NaN,NaN,216.97,18.6,8.9
2001-06-08 0:00,NaN,NaN,217.26,17.5,12
2001-06-09 0:00,NaN,NaN,217.59,15.25,8.85
2001-06-10 0:00,NaN,NaN,217.92,14.1,5.9
2001-06-11 0:00,NaN,NaN,218.26,14.8,5.4
2001-06-12 0:00,-18.18,-2.99,218.49,16.3,6.4
2001-06-13 0:00,-17.85,-2.98,218.745,18.8,9.15
2001-06-14 0:00,NaN,NaN,219,19.6,11.05
2001-06-15 0:00,NaN,NaN,219.21,18.65,12.6
2001-06-16 0:00,NaN,NaN,219.42,14.2,7.4
2001-06-17 0:00,NaN,NaN,219.63,13.7,5.1
2001-06-18 0:00,NaN,NaN,219.815,15.15,4.6
2001-06-19 0:00,-16.1,-2.77,219.925,15.4,7.55
2001-06-20 0:00,-17.46,-2.74,220.045,18,11
2001-06-21 0:00,-18.32,-2.74,220.205,20.7,13.55
2001-06-22 0:00,NaN,NaN,220.31,21.3,14.1
2001-06-23 0:00,NaN,NaN,220.41,19.35,14.7
2001-06-24 0:00,NaN,NaN,220.59,21.35,16.5
2001-06-25 0:00,NaN,NaN,220.72,25.25,18.9
2001-06-26 0:00,-22.92,-2.66,220.7,19.45,16.75
2001-06-27 0:00,-23.44,-2.66,220.8,15.25,9.45
2001-06-28 0:00,NaN,NaN,220.86,17.45,8.75
2001-06-29 0:00,NaN,NaN,220.95,19.75,11
2001-06-30 0:00,NaN,NaN,220.98,19.1,12.15
2001-07-01 0:00,NaN,NaN,221.06,21.85,13.2
2001-07-02 0:00,NaN,NaN,221.12,21.6,13.7
2001-07-03 0:00,NaN,NaN,220.865,21.5,13.85
2001-07-04 0:00,-21.34,-2.66,220.865,17.5,10.55
2001-07-05 0:00,NaN,NaN,220.95,15.1,11.55
2001-07-06 0:00,NaN,NaN,220.94,16.95,10.4
2001-07-07 0:00,NaN,NaN,221.02,16.2,9
2001-07-08 0:00,NaN,NaN,221.06,16.2,8.7
2001-07-09 0:00,NaN,NaN,221.11,18.6,9.1
2001-07-10 0:00,NaN,NaN,221.15,20.3,11
2001-07-11 0:00,-19.07,-2.63,221.17,17.65,9.5
2001-07-12 0:00,NaN,NaN,221.22,18.85,11.55
2001-07-13 0:00,NaN,NaN,221.24,21.1,12.4
2001-07-14 0:00,NaN,NaN,221.28,20.7,13.5
2001-07-15 0:00,NaN,NaN,221.32,14.75,5.7
2001-07-16 0:00,NaN,NaN,221.39,16.7,6.25
2001-07-17 0:00,NaN,NaN,221.44,17.4,8.9
2001-07-18 0:00,-18.62,-2.63,221.475,15,6.4
2001-07-19 0:00,NaN,NaN,221.49,14.7,3.7
2001-07-20 0:00,NaN,NaN,221.64,15.9,6
2001-07-21 0:00,NaN,NaN,221.72,17.75,9.5
2001-07-22 0:00,NaN,NaN,221.79,20.8,13.15
2001-07-23 0:00,NaN,NaN,221.83,19.65,12.65
2001-07-24 0:00,-19.82,-2.58,221.87,20,11.8
2001-07-25 0:00,-20.11,-2.59,221.895,22.15,13.55
2001-07-26 0:00,NaN,NaN,221.95,21.85,13.3
2001-07-27 0:00,NaN,NaN,222.04,21,13.05
2001-07-28 0:00,NaN,NaN,222.09,19.55,12.95
2001-07-29 0:00,NaN,NaN,222.13,22.25,13.45
2001-07-30 0:00,NaN,NaN,222.16,24.3,15.2
2001-07-31 0:00,NaN,NaN,222.2,25.6,16.4
2001-08-01 0:00,NaN,NaN,222.23,27.3,19.4
2001-08-02 0:00,NaN,NaN,222.26,22.45,17.85
2001-08-03 0:00,-24.07,-2.56,222.27,17.75,10.65
2001-08-04 0:00,NaN,NaN,222.29,17.95,9.35
2001-08-05 0:00,NaN,NaN,222.32,18.85,9.7
2001-08-06 0:00,NaN,NaN,222.34,19.2,12
2001-08-07 0:00,NaN,NaN,222.34,21.3,13.3
2001-08-08 0:00,-23.7,NaN,222.345,17.85,12
2001-08-09 0:00,NaN,NaN,222.36,15.4,9.45
2001-08-10 0:00,NaN,NaN,222.35,16.65,9.1
2001-08-11 0:00,NaN,NaN,222.37,16.05,10
2001-08-12 0:00,NaN,NaN,222.38,18.75,12.85
2001-08-13 0:00,NaN,NaN,222.395,21.4,14.45
2001-08-14 0:00,NaN,NaN,222.4,22.9,15
2001-08-15 0:00,-22.66,-2.59,222.405,21.05,14.8
2001-08-16 0:00,NaN,NaN,222.42,17.9,10.95
2001-08-17 0:00,NaN,NaN,222.46,19.35,12
2001-08-18 0:00,NaN,NaN,222.46,21.1,13.1
2001-08-19 0:00,NaN,NaN,222.48,18.85,11.45
2001-08-20 0:00,NaN,NaN,222.49,19.05,10.25
2001-08-21 0:00,-20.24,NaN,222.49,21.25,12.75
2001-08-22 0:00,-21.98,-2.57,222.49,20.9,13.9
2001-08-23 0:00,NaN,NaN,222.49,22.25,16.05
2001-08-24 0:00,NaN,NaN,222.48,24.8,17
2001-08-25 0:00,NaN,NaN,222.48,24.95,17.5
2001-08-26 0:00,NaN,NaN,222.48,23.65,16.05
2001-08-27 0:00,NaN,NaN,222.47,23.8,15.05
2001-08-28 0:00,NaN,NaN,222.48,23.95,16.8
2001-08-29 0:00,NaN,NaN,222.47,18.7,12.65
2001-08-30 0:00,-23.84,-2.61,222.47,19.15,10.2
2001-08-31 0:00,NaN,NaN,222.46,17.7,8.3
2001-09-01 0:00,NaN,NaN,222.46,16.45,7.75
2001-09-02 0:00,NaN,NaN,222.45,15.75,8.05
2001-09-03 0:00,NaN,NaN,222.45,17.15,9.9
2001-09-04 0:00,NaN,NaN,222.46,17.35,7.4
2001-09-05 0:00,-20.03,-2.56,222.46,16.7,7.95
2001-09-06 0:00,NaN,NaN,222.47,13.95,7.65
2001-09-07 0:00,NaN,NaN,222.46,15.9,7.8
2001-09-08 0:00,NaN,NaN,222.48,16.95,9.85
2001-09-09 0:00,NaN,NaN,222.47,18.05,8.7
2001-09-10 0:00,NaN,NaN,222.47,14.7,6.3
2001-09-11 0:00,NaN,NaN,222.47,11.85,5.85
2001-09-12 0:00,-20.53,-2.49,222.477,13.25,6.85
2001-09-13 0:00,NaN,NaN,222.48,14.6,8.85
2001-09-14 0:00,NaN,NaN,222.49,14.95,7
2001-09-15 0:00,NaN,NaN,222.49,15.7,5.7
2001-09-16 0:00,NaN,NaN,222.53,16,7.1
2001-09-17 0:00,NaN,NaN,222.54,13.6,2.8
2001-09-18 0:00,NaN,NaN,222.53,10.65,2.35
2001-09-19 0:00,-17.57,-2.52,222.525,12.6,4.2
2001-09-20 0:00,-16.95,-2.5,222.52,15.05,6.8
2001-09-21 0:00,-16.27,-2.5,222.52,18.8,8.85
2001-09-22 0:00,NaN,NaN,222.52,17.5,9.15
2001-09-23 0:00,NaN,NaN,222.55,17.05,7.6
2001-09-24 0:00,NaN,NaN,222.56,13.45,4.4
2001-09-25 0:00,-13.8,-2.48,222.59,13.4,4.25
2001-09-26 0:00,-13.41,-2.47,222.59,14.55,6.6
2001-09-27 0:00,NaN,NaN,222.6,16.45,7.15
2001-09-28 0:00,NaN,NaN,222.59,14.55,6.7
2001-09-29 0:00,NaN,NaN,222.6,18.1,7.75
2001-09-30 0:00,NaN,NaN,222.61,18.65,9.45
2001-10-01 0:00,NaN,NaN,222.61,20.3,11.3
2001-10-02 0:00,NaN,NaN,222.61,20.75,12.3
2001-10-03 0:00,-16.97,-2.46,222.61,17.45,11.95
2001-10-04 0:00,NaN,NaN,222.61,15.7,10.5
2001-10-05 0:00,NaN,NaN,222.62,17.05,11.15
2001-10-06 0:00,NaN,NaN,222.64,15.35,10.85
2001-10-07 0:00,NaN,NaN,222.64,17.45,10.55
2001-10-08 0:00,NaN,NaN,222.64,13.2,5.35
2001-10-09 0:00,NaN,NaN,222.65,13.35,6.25
2001-10-10 0:00,-13.84,-2.46,222.65,15.8,8.1
2001-10-11 0:00,NaN,NaN,222.66,16.7,11.2
2001-10-12 0:00,NaN,NaN,222.66,19.35,13.65
2001-10-13 0:00,NaN,NaN,222.66,18.4,11.6
2001-10-14 0:00,NaN,NaN,222.67,16.5,9.6
2001-10-15 0:00,NaN,NaN,222.69,15.65,8.75
2001-10-16 0:00,NaN,NaN,222.68,18,8.65
2001-10-17 0:00,-14.67,-2.435,222.677,17.4,7.9
2001-10-18 0:00,NaN,NaN,222.68,16.95,10
2001-10-19 0:00,NaN,NaN,222.69,18.35,8.35
2001-10-20 0:00,NaN,NaN,222.69,14.8,6.65
2001-10-21 0:00,NaN,NaN,222.75,13.1,6.1
2001-10-22 0:00,NaN,NaN,222.77,15.45,6.7
2001-10-23 0:00,NaN,NaN,222.78,12.6,4.55
2001-10-24 0:00,NaN,NaN,222.79,12.55,5
2001-10-25 0:00,NaN,NaN,222.79,12.7,5.2
2001-10-26 0:00,NaN,NaN,222.8,12.7,5.6
2001-10-27 0:00,NaN,NaN,222.83,13.75,5.85
2001-10-28 0:00,NaN,NaN,222.83,16.55,8
2001-10-29 0:00,NaN,NaN,222.84,17.65,10.15
2001-10-30 0:00,NaN,NaN,222.84,18.85,10.3
2001-10-31 0:00,-14.35,-2.37,222.84,14.35,8
2001-11-01 0:00,NaN,NaN,222.85,9.3,3.2
2001-11-02 0:00,NaN,NaN,222.85,7.4,4.15
2001-11-03 0:00,NaN,NaN,222.86,9.85,4.85
2001-11-04 0:00,NaN,NaN,222.86,11.9,4.8
2001-11-05 0:00,NaN,NaN,222.86,9.8,2.95
2001-11-06 0:00,NaN,NaN,222.87,7.15,2.1
2001-11-07 0:00,-11.38,-2.33,222.887,7.55,2.55
2001-11-08 0:00,NaN,NaN,222.87,12.5,1.95
2001-11-09 0:00,NaN,NaN,222.87,2.65,-7.25
2001-11-10 0:00,NaN,NaN,222.94,1.7,-7.6
2001-11-11 0:00,NaN,NaN,222.85,-0.25,-7.15
2001-11-12 0:00,NaN,NaN,222.85,5.5,-3.55
2001-11-13 0:00,NaN,NaN,222.77,6.95,-2.3
2001-11-14 0:00,-4.41,-2.17,222.66,2.2,-6.95
2001-11-15 0:00,NaN,NaN,222.25,1.95,-6.25
2001-11-16 0:00,NaN,NaN,221.96,5.15,-2.8
2001-11-17 0:00,NaN,NaN,221.81,5.25,-0.25
2001-11-18 0:00,NaN,NaN,221.83,7.1,-0.35
2001-11-19 0:00,NaN,NaN,221.81,6.95,-3.05
2001-11-20 0:00,NaN,NaN,221.56,4.25,-1.2
2001-11-21 0:00,-3.71,-1.82,221.45,5.5,-1.45
2001-11-22 0:00,NaN,NaN,221.31,1.7,-1.75
2001-11-23 0:00,NaN,NaN,221.07,2.7,-1.65
2001-11-24 0:00,NaN,NaN,220.87,3.5,-0.35
2001-11-25 0:00,NaN,NaN,220.66,7.05,-0.45
2001-11-26 0:00,NaN,NaN,220.63,5.75,0
2001-11-27 0:00,NaN,NaN,220.28,4.1,-1.15
2001-11-28 0:00,-3.63,-1.97,219.965,1.25,-3.25
2001-11-29 0:00,NaN,NaN,219.58,8.4,0.4
2001-11-30 0:00,NaN,NaN,219.3,8.7,3.05
2001-12-01 0:00,NaN,NaN,219.16,9.25,5.1
2001-12-02 0:00,NaN,NaN,219.17,10.1,4.7
2001-12-03 0:00,NaN,NaN,219.17,8.9,3.15
2001-12-04 0:00,NaN,NaN,219.06,7.45,2.85
2001-12-05 0:00,-7.62,-2.12,218.893,8.85,4.65
2001-12-06 0:00,NaN,NaN,218.75,9.9,5
2001-12-07 0:00,NaN,NaN,218.59,8.8,5.7
2001-12-08 0:00,NaN,NaN,218.32,1.55,0.6
2001-12-09 0:00,NaN,NaN,218.28,6.55,-0.85
2001-12-10 0:00,NaN,NaN,218.14,5.55,-1.85
2001-12-11 0:00,NaN,NaN,217.64,3.95,-2.2
2001-12-12 0:00,-8.81,-2.28,217.295,2.95,-1.5
2001-12-13 0:00,NaN,NaN,215.85,0.85,-0.05
2001-12-14 0:00,NaN,NaN,216.36,-3.65,-9
2001-12-15 0:00,NaN,NaN,215.94,-4.9,-9.8
2001-12-16 0:00,NaN,NaN,215.51,-4,-5
2001-12-17 0:00,NaN,NaN,215.1,-4.2,-5.9
2001-12-18 0:00,NaN,NaN,214.6,-1.2,-6.1
2001-12-19 0:00,-7.94,-2.61,214.16,2.9,-4.7
2001-12-20 0:00,NaN,NaN,213.77,-0.25,-4.3
2001-12-21 0:00,NaN,NaN,213.47,-0.5,-5.8
2001-12-22 0:00,NaN,NaN,213.19,-1.4,-5.4
2001-12-23 0:00,NaN,NaN,213.13,-1.55,-5.6
2001-12-24 0:00,NaN,NaN,212.87,-4.1,-7.55
2001-12-25 0:00,NaN,NaN,212.59,-2,-5.35
2001-12-26 0:00,-7.47,-2.84,212.605,-0.05,-6.55
2001-12-27 0:00,NaN,NaN,212.61,2.45,-2.4
2001-12-28 0:00,NaN,NaN,212.61,7.1,-0.05
2001-12-29 0:00,NaN,NaN,212.61,4.7,1.45
2001-12-30 0:00,NaN,NaN,212.61,5.85,2.4
2001-12-31 0:00,NaN,NaN,212.63,1.85,-0.75
2002-01-01 0:00,NaN,NaN,212.54,2.7,-2.55
2002-01-02 0:00,-6.9,-2.93,212.5,4.25,-1.4
2002-01-03 0:00,NaN,NaN,211.86,5.75,-0.1
2002-01-04 0:00,NaN,NaN,211.49,6,-1.4
2002-01-05 0:00,NaN,NaN,211.08,6.1,-0.05
2002-01-06 0:00,NaN,NaN,210.85,5.65,-1.65
2002-01-07 0:00,NaN,NaN,210.82,4.35,-0.65
2002-01-08 0:00,NaN,NaN,210.52,3.45,-2.2
2002-01-09 0:00,NaN,NaN,210.31,5.65,-2.95
2002-01-10 0:00,-10.35,-3.13,210.185,4.7,-3.4
2002-01-11 0:00,NaN,NaN,210.13,6.25,-1.6
2002-01-12 0:00,NaN,NaN,210.01,8.15,0.6
2002-01-13 0:00,NaN,NaN,209.97,7.55,0.1
2002-01-14 0:00,NaN,NaN,209.97,7.9,-0.1
2002-01-15 0:00,NaN,NaN,209.65,5.5,-2.8
2002-01-16 0:00,NaN,NaN,209.38,5.15,-5.05
2002-01-17 0:00,-10.74,-3.27,208.977,3.25,-4
2002-01-18 0:00,NaN,NaN,208.64,3.8,-3.3
2002-01-19 0:00,-10.33,-3.32,208.42,2.45,-2.05
2002-01-20 0:00,NaN,NaN,208.43,7.8,-0.35
2002-01-21 0:00,NaN,NaN,208.26,8.5,1.1
2002-01-22 0:00,NaN,NaN,208.2,7.4,0.05
2002-01-23 0:00,-11.36,-3.39,207.895,9.35,-0.7
2002-01-24 0:00,NaN,NaN,207.575,7.8,-0.05
2002-01-25 0:00,NaN,NaN,207.36,9.1,2
2002-01-26 0:00,NaN,NaN,207.37,11.4,3.95
2002-01-27 0:00,NaN,NaN,207.37,10.4,4.45
2002-01-28 0:00,NaN,NaN,207.37,9.1,3.85
2002-01-29 0:00,NaN,NaN,207.24,12,5.4
2002-01-30 0:00,-13.98,-3.51,207.08,7.05,5.55
2002-01-31 0:00,NaN,NaN,206.98,6.15,2
2002-02-01 0:00,NaN,NaN,206.98,10.65,1.95
2002-02-02 0:00,NaN,NaN,206.99,10.9,3.95
2002-02-03 0:00,NaN,NaN,206.99,13.3,2.35
2002-02-04 0:00,NaN,NaN,207,10.8,2.15
2002-02-05 0:00,NaN,NaN,207.005,10.75,2
2002-02-06 0:00,-13.84,-3.56,207.03,5.9,-4.4
2002-02-07 0:00,NaN,NaN,207.08,7,-4.15
2002-02-08 0:00,NaN,NaN,207.09,6.7,-1
2002-02-09 0:00,NaN,NaN,207.1,7.9,1.15
2002-02-10 0:00,NaN,NaN,207.11,11.25,1.4
2002-02-11 0:00,NaN,NaN,207.11,9.75,3.3
2002-02-12 0:00,NaN,NaN,207.05,8.8,3.2
2002-02-13 0:00,-16.87,-3.57,207.037,12.3,3.35
2002-02-14 0:00,NaN,NaN,206.87,5.85,-4
2002-02-15 0:00,NaN,NaN,206.53,2,-6.65
2002-02-16 0:00,NaN,NaN,206.22,1.35,-6.55
2002-02-17 0:00,NaN,NaN,206.23,1.9,-6.1
2002-02-18 0:00,NaN,NaN,206.22,3.3,-4.1
2002-02-19 0:00,NaN,NaN,206.12,5.75,-4
2002-02-20 0:00,NaN,NaN,206.095,4.8,-4.4
2002-02-21 0:00,-12.87,-3.71,205.905,5.6,-6.2
2002-02-22 0:00,NaN,NaN,205.9,7.95,-3.15
2002-02-23 0:00,NaN,NaN,205.56,10,0
2002-02-24 0:00,NaN,NaN,205.56,10.2,0.15
2002-02-25 0:00,NaN,NaN,205.57,10.15,1.35
2002-02-26 0:00,NaN,NaN,205.56,9.7,2.3
2002-02-27 0:00,-13.32,-3.81,205.477,10.1,3.35
2002-02-28 0:00,NaN,NaN,205.49,7.6,-0.75
2002-03-01 0:00,NaN,NaN,205.49,7.4,-0.6
2002-03-02 0:00,NaN,NaN,205.16,5.6,-4.3
2002-03-03 0:00,NaN,NaN,205.11,4.6,-3.6
2002-03-04 0:00,NaN,NaN,204.68,5.8,-1.9
2002-03-05 0:00,NaN,NaN,204.68,4.4,-4.3
2002-03-06 0:00,-11.41,-3.91,204.61,5.95,-3.75
2002-03-07 0:00,NaN,NaN,204.34,6.15,-3.45
2002-03-08 0:00,NaN,NaN,204.11,10.6,0.8
2002-03-09 0:00,NaN,NaN,204.11,8.8,-0.55
2002-03-10 0:00,NaN,NaN,204.11,10.65,2.25
2002-03-11 0:00,NaN,NaN,NaN,11.05,3.1
2002-03-12 0:00,NaN,NaN,204.015,13.3,2.35
2002-03-13 0:00,-12.85,-3.99,203.97,14,3.9
2002-03-14 0:00,NaN,NaN,203.99,11.7,0.1
2002-03-15 0:00,NaN,NaN,203.8,10.4,1.4
2002-03-16 0:00,NaN,NaN,203.71,10.25,2.15
2002-03-17 0:00,NaN,NaN,203.72,11.55,1.9
2002-03-18 0:00,NaN,NaN,203.72,12.75,2
2002-03-19 0:00,NaN,NaN,203.09,13,3.6
2002-03-20 0:00,-13.06,-4.13,202.8,13.95,5.95
2002-03-21 0:00,NaN,NaN,202.86,15.15,7.95
2002-03-22 0:00,NaN,NaN,202.82,10.75,6.4
2002-03-23 0:00,NaN,NaN,202.91,13.1,6.35
2002-03-24 0:00,NaN,NaN,202.99,9.05,3.65
2002-03-25 0:00,NaN,NaN,203.04,6.75,1.45
2002-03-26 0:00,NaN,NaN,203.063,7.25,0.7
2002-03-27 0:00,-17.37,-4.12,203.03,8.25,0.45
2002-03-28 0:00,NaN,NaN,202.56,9.75,-0.55
2002-03-29 0:00,NaN,NaN,201.96,9.8,-1.7
2002-03-30 0:00,NaN,NaN,201.94,9.35,-1
2002-03-31 0:00,NaN,NaN,201.96,11.4,1.75
2002-04-01 0:00,NaN,NaN,201.98,13,2.8
2002-04-02 0:00,NaN,NaN,201.82,9.9,0.6
2002-04-03 0:00,NaN,NaN,201.59,6.4,-2.15
2002-04-04 0:00,NaN,NaN,201.65,6.3,-3.6
2002-04-05 0:00,NaN,NaN,201.7,9.5,0.35
2002-04-06 0:00,NaN,NaN,201.71,11.6,1.45
2002-04-07 0:00,NaN,NaN,201.76,13.3,2
2002-04-08 0:00,NaN,NaN,201.74,10.05,1.75
2002-04-09 0:00,NaN,NaN,201.77,11,0.25
2002-04-10 0:00,-13.3,-4.36,201.825,7.6,-2.8
2002-04-11 0:00,NaN,NaN,201.68,7.3,-0.05
2002-04-12 0:00,NaN,NaN,201.65,9.15,-1
2002-04-13 0:00,NaN,NaN,201.7,9.5,0
2002-04-14 0:00,NaN,NaN,201.71,8.35,-1.6
2002-04-15 0:00,NaN,NaN,201.69,8.2,-2.15
2002-04-16 0:00,NaN,NaN,201.6,9.05,-0.95
2002-04-17 0:00,NaN,NaN,201.45,10.55,0.65
2002-04-18 0:00,NaN,NaN,201.42,9.2,1.65
2002-04-19 0:00,NaN,NaN,201.43,12.75,2.75
2002-04-20 0:00,NaN,NaN,201.28,10.55,3.4
2002-04-21 0:00,NaN,NaN,201.39,11.7,4.65
2002-04-22 0:00,NaN,NaN,201.5,11.5,4.35
2002-04-23 0:00,NaN,NaN,201.7,13.85,5.75
2002-04-24 0:00,NaN,NaN,202.12,14.25,6.7
2002-04-25 0:00,-18.17,-4.35,202.625,16,8.6
2002-04-26 0:00,NaN,NaN,203.38,13.1,6.4
2002-04-27 0:00,NaN,NaN,203.99,12.65,4.55
2002-04-28 0:00,NaN,NaN,204.64,11.2,5.15
2002-04-29 0:00,NaN,NaN,205.14,12.8,2.85
2002-04-30 0:00,NaN,NaN,205.61,15.45,7.2
2002-05-01 0:00,NaN,NaN,206.25,9.5,3.95
2002-05-02 0:00,NaN,NaN,207.04,9.05,-1.75
2002-05-03 0:00,NaN,NaN,207.48,7.5,-2.55
2002-05-04 0:00,NaN,NaN,207.78,9.8,-0.6
2002-05-05 0:00,NaN,NaN,207.99,8.6,-0.95
2002-05-06 0:00,NaN,NaN,208.14,9.4,-1.35
2002-05-07 0:00,NaN,NaN,208.27,10.75,0.35
2002-05-08 0:00,-15.04,-4.05,208.39,11.85,2.55
2002-05-09 0:00,NaN,NaN,208.52,13.3,3.35
2002-05-10 0:00,NaN,NaN,208.69,10.6,1.9
2002-05-11 0:00,NaN,NaN,208.82,11.45,0.25
2002-05-12 0:00,NaN,NaN,209.01,11.65,4.25
2002-05-13 0:00,NaN,NaN,209.12,17.65,7.2
2002-05-14 0:00,NaN,NaN,209.43,16.35,7.5
2002-05-15 0:00,NaN,NaN,209.88,19.65,9.1
2002-05-16 0:00,NaN,NaN,210.38,19.3,11.1
2002-05-17 0:00,NaN,NaN,211.14,22.65,11.6
2002-05-18 0:00,NaN,NaN,212.08,12.55,2.6
2002-05-19 0:00,NaN,NaN,212.59,13,5.1
2002-05-20 0:00,NaN,NaN,212.95,18.05,8.2
2002-05-21 0:00,-16.46,-3.57,213.45,20.25,8.45
2002-05-22 0:00,NaN,NaN,214.06,14.1,7.8
2002-05-23 0:00,-16.46,-3.41,214.77,10.9,0.85
2002-05-24 0:00,NaN,NaN,215.39,13.35,5.2
2002-05-25 0:00,NaN,NaN,215.83,11.4,3.5
2002-05-26 0:00,NaN,NaN,216.23,10.1,2.55
2002-05-27 0:00,NaN,NaN,216.6,10.3,1.25
2002-05-28 0:00,NaN,NaN,216.89,13.15,3.6
2002-05-29 0:00,NaN,NaN,216.98,12.8,5.8
2002-05-30 0:00,NaN,NaN,217.42,16.05,8.5
2002-05-31 0:00,NaN,NaN,217.88,19.2,9.85
2002-06-01 0:00,NaN,NaN,218.23,20.15,10.4
2002-06-02 0:00,NaN,NaN,218.66,20.75,11.25
2002-06-03 0:00,NaN,NaN,219.19,17.6,11.35
2002-06-04 0:00,NaN,NaN,219.68,17.6,9.45
2002-06-05 0:00,-15.71,-2.46,220.143,11.3,3.05
2002-06-06 0:00,NaN,NaN,220.81,11.5,0.55
2002-06-07 0:00,NaN,NaN,221.18,12.4,3.3
2002-06-08 0:00,NaN,NaN,221.55,9.6,-0.3
2002-06-09 0:00,NaN,NaN,221.87,12.95,3.2
2002-06-10 0:00,NaN,NaN,222.18,14.5,5.65
2002-06-11 0:00,NaN,NaN,222.6,14.15,7.25
2002-06-12 0:00,NaN,NaN,223,18.9,10.9
2002-06-13 0:00,NaN,NaN,223.35,20.9,11.85
2002-06-14 0:00,NaN,NaN,223.767,25.4,13.9
2002-06-15 0:00,NaN,NaN,224.13,21.05,14.95
2002-06-16 0:00,NaN,NaN,224.57,24.1,14.9
2002-06-17 0:00,NaN,NaN,224.92,24.35,16.15
2002-06-18 0:00,NaN,NaN,225.305,19.95,14.75
2002-06-19 0:00,-15.03,-1.06,225.61,20.45,13.75
2002-06-20 0:00,NaN,NaN,225.97,16.3,13.75
2002-06-21 0:00,NaN,NaN,226.19,20.75,14.65
2002-06-22 0:00,NaN,NaN,226.39,24.4,16.3
2002-06-23 0:00,NaN,NaN,226.67,19.95,16.6
2002-06-24 0:00,NaN,NaN,226.9,18.4,11.7
2002-06-25 0:00,NaN,NaN,227.11,20.8,12.1
2002-06-26 0:00,NaN,NaN,227.31,20.85,13.45
2002-06-27 0:00,NaN,NaN,227.54,21.65,15.1
2002-06-28 0:00,NaN,NaN,227.65,17.75,8.5
2002-06-29 0:00,NaN,NaN,227.8,17.1,7.55
2002-06-30 0:00,NaN,NaN,227.93,15.7,6.4
2002-07-01 0:00,NaN,NaN,228.02,16.95,8.7
2002-07-02 0:00,NaN,NaN,228.12,14.25,8.7
2002-07-03 0:00,-13.33,-0.4,228.18,16.3,10.6
2002-07-04 0:00,NaN,NaN,228.25,16.9,7.95
2002-07-05 0:00,NaN,NaN,228.29,17.15,9.45
2002-07-06 0:00,NaN,NaN,228.36,15.5,8
2002-07-07 0:00,NaN,NaN,228.41,19.45,11.2
2002-07-08 0:00,NaN,NaN,228.46,18.85,13.25
2002-07-09 0:00,NaN,NaN,228.48,17.3,11.5
2002-07-10 0:00,NaN,NaN,228.47,16.65,9.75
2002-07-11 0:00,NaN,NaN,228.52,15.15,10.9
2002-07-12 0:00,NaN,NaN,228.58,16.95,10
2002-07-13 0:00,NaN,NaN,228.62,15.8,6.15
2002-07-14 0:00,NaN,NaN,228.73,14.25,3.85
2002-07-15 0:00,NaN,NaN,228.94,14.95,5.15
2002-07-16 0:00,NaN,NaN,229.85,16.4,6.85
2002-07-17 0:00,-5.98,0.22,230.745,18.85,9.9
2002-07-18 0:00,NaN,NaN,231.21,18.8,10.45
2002-07-19 0:00,NaN,NaN,231.38,22.45,13.5
2002-07-20 0:00,NaN,NaN,231.5,22.4,15.55
2002-07-21 0:00,NaN,NaN,231.59,21.6,14.3
2002-07-22 0:00,NaN,NaN,231.63,23.8,14.55
2002-07-23 0:00,NaN,NaN,231.68,19.15,11.35
2002-07-24 0:00,NaN,NaN,231.79,17.75,10.45
2002-07-25 0:00,NaN,NaN,231.88,19.1,10.8
2002-07-26 0:00,NaN,NaN,231.95,19.75,11.75
2002-07-27 0:00,NaN,NaN,231.84,21.05,13.4
2002-07-28 0:00,NaN,NaN,231.86,21.65,14
2002-07-29 0:00,NaN,NaN,231.88,22.45,14.4
2002-07-30 0:00,NaN,NaN,231.65,18.65,11.2
2002-07-31 0:00,-9.54,0.68,231.66,14.9,7.55
2002-08-01 0:00,NaN,NaN,231.71,15.4,7.65
2002-08-02 0:00,-8.08,0.79,231.735,16.05,9.9
2002-08-03 0:00,NaN,NaN,231.61,18.95,11.3
2002-08-04 0:00,NaN,NaN,231.6,18.3,10.9
2002-08-05 0:00,NaN,NaN,231.63,17.45,12.9
2002-08-06 0:00,NaN,NaN,231.68,17.9,9.95
2002-08-07 0:00,-8.53,0.77,231.73,17.85,8.55
2002-08-08 0:00,NaN,NaN,231.77,17.15,7.85
2002-08-09 0:00,NaN,NaN,231.85,15.7,6.35
2002-08-10 0:00,NaN,NaN,231.85,14.65,6
2002-08-11 0:00,NaN,NaN,231.94,14.35,4.8
2002-08-12 0:00,NaN,NaN,232.05,17.1,9.05
2002-08-13 0:00,NaN,NaN,232.17,17.9,10.4
2002-08-14 0:00,-6.63,0.92,232.215,20.15,13.4
2002-08-15 0:00,NaN,NaN,232.3,20.35,13.3
2002-08-16 0:00,NaN,NaN,232.38,20.7,12.05
2002-08-17 0:00,NaN,NaN,232.44,21.15,12.7
2002-08-18 0:00,NaN,NaN,232.54,21.5,14.2
2002-08-19 0:00,NaN,NaN,232.45,22.55,13.05
2002-08-20 0:00,NaN,NaN,232.57,19.45,11.4
2002-08-21 0:00,-6.08,0.97,232.59,21.5,11.25
2002-08-22 0:00,NaN,NaN,232.62,20.15,10.1
2002-08-23 0:00,-5.41,0.98,232.66,19,9.75
2002-08-24 0:00,NaN,NaN,232.72,18.55,8.95
2002-08-25 0:00,NaN,NaN,232.79,18.05,8.8
2002-08-26 0:00,NaN,NaN,232.65,16.2,7.3
2002-08-27 0:00,NaN,NaN,232.92,16.2,5.55
2002-08-28 0:00,-2.55,1.1,232.975,15.15,6.35
2002-08-29 0:00,-2.39,1.12,233.025,17.7,9.1
2002-08-30 0:00,NaN,NaN,233.08,19.4,9.65
2002-08-31 0:00,NaN,NaN,233.13,19.75,8.95
2002-09-01 0:00,NaN,NaN,233.17,19.1,9.9
2002-09-02 0:00,NaN,NaN,233.21,18.6,9.4
2002-09-03 0:00,NaN,NaN,233.27,17.95,9.35
2002-09-04 0:00,-1.86,1.22,233.3,18.15,7.45
2002-09-05 0:00,NaN,NaN,233.33,16.7,7.5
2002-09-06 0:00,NaN,NaN,233.35,15.55,7.25
2002-09-07 0:00,NaN,NaN,233.45,17.25,8.05
2002-09-08 0:00,NaN,NaN,233.47,16.65,8.95
2002-09-09 0:00,NaN,NaN,233.5,15.9,7.6
2002-09-10 0:00,NaN,NaN,233.55,15.5,7
2002-09-11 0:00,NaN,NaN,233.59,15.2,8.1
2002-09-12 0:00,NaN,NaN,233.49,14.85,6.25
2002-09-13 0:00,-1.41,1.36,233.52,15.9,5.1
2002-09-14 0:00,NaN,NaN,233.37,16.85,7.8
2002-09-15 0:00,NaN,NaN,233.41,17.65,8.9
2002-09-16 0:00,NaN,NaN,233.49,18.1,9.35
2002-09-17 0:00,NaN,NaN,233.52,20.2,11.2
2002-09-18 0:00,-2.12,1.35,233.54,21.25,11.15
2002-09-19 0:00,NaN,NaN,233.53,20,10.75
2002-09-20 0:00,NaN,NaN,233.54,20.65,10.4
2002-09-21 0:00,NaN,NaN,233.58,18.3,8.5
2002-09-22 0:00,NaN,NaN,233.67,16.8,7.05
2002-09-23 0:00,NaN,NaN,233.75,14.4,4.65
2002-09-24 0:00,-0.31,1.43,233.7,10.45,2
2002-09-25 0:00,1.15,1.44,233.63,9,2.4
2002-09-26 0:00,NaN,NaN,233.41,10,3.9
2002-09-27 0:00,NaN,NaN,233.31,11.8,5.05
2002-09-28 0:00,NaN,NaN,233.34,12.7,6.35
2002-09-29 0:00,NaN,NaN,233.35,14.1,6.05
2002-09-30 0:00,NaN,NaN,233.39,15.5,7.25
2002-10-01 0:00,NaN,NaN,233.4,16.35,7.25
2002-10-02 0:00,-1.01,1.41,233.39,15.3,5.45
2002-10-03 0:00,NaN,NaN,233.17,16.3,7
2002-10-04 0:00,NaN,NaN,232.82,16.5,6.75
2002-10-05 0:00,NaN,NaN,232.65,15.3,8.1
2002-10-06 0:00,NaN,NaN,232.68,13.65,6.55
2002-10-07 0:00,NaN,NaN,232.64,12.15,5.4
2002-10-08 0:00,NaN,NaN,232.46,14.05,5.9
2002-10-09 0:00,-2.12,1.27,232.21,11.95,4.5
2002-10-10 0:00,NaN,NaN,231.91,11,2.35
2002-10-11 0:00,NaN,NaN,231.7,11.35,3.05
2002-10-12 0:00,NaN,NaN,231.86,10.85,3.9
2002-10-13 0:00,NaN,NaN,232.03,13.7,5.85
2002-10-14 0:00,NaN,NaN,232.13,15.4,8.55
2002-10-15 0:00,NaN,NaN,232.04,14.8,8.75
2002-10-16 0:00,-1.36,NaN,231.92,16.1,8.9
2002-10-17 0:00,NaN,NaN,231.78,10.1,2.1
2002-10-18 0:00,NaN,NaN,231.69,9,1.6
2002-10-19 0:00,NaN,NaN,231.48,11.4,4.05
2002-10-20 0:00,NaN,NaN,231.47,15.5,7.3
2002-10-21 0:00,NaN,NaN,231.44,15,8.5
2002-10-22 0:00,NaN,NaN,231.285,14.7,5
2002-10-23 0:00,-0.09,1.17,231.19,12.05,2.8
2002-10-24 0:00,NaN,NaN,231.12,12.35,2.85
2002-10-25 0:00,NaN,NaN,231.09,16.55,6.5
2002-10-26 0:00,NaN,NaN,231.04,17.15,7.3
2002-10-27 0:00,NaN,NaN,231.08,15,8.25
2002-10-28 0:00,NaN,NaN,231.11,14.25,6.65
2002-10-29 0:00,NaN,NaN,231,14.95,7.95
2002-10-30 0:00,-2.15,1.11,230.84,13.15,6.1
2002-10-31 0:00,NaN,NaN,230.67,11.25,2.6
2002-11-01 0:00,NaN,NaN,230.49,11.9,4.05
2002-11-02 0:00,NaN,NaN,230.45,14.55,6.15
2002-11-03 0:00,NaN,NaN,230.47,13.75,5.8
2002-11-04 0:00,NaN,NaN,230.53,10.05,0.75
2002-11-05 0:00,NaN,NaN,230.54,9.2,1.75
2002-11-06 0:00,1.48,1.08,230.51,7.4,1.7
2002-11-07 0:00,NaN,NaN,230.5,8.3,-2.05
2002-11-08 0:00,NaN,NaN,230.66,10.5,-0.45
2002-11-09 0:00,NaN,NaN,230.71,11.4,2.7
2002-11-10 0:00,NaN,NaN,230.84,14.65,5.4
2002-11-11 0:00,NaN,NaN,231.05,10.9,4.35
2002-11-12 0:00,NaN,NaN,231.12,12.25,2.8
2002-11-13 0:00,5.09,1.34,231.2,10.95,1.5
2002-11-14 0:00,NaN,NaN,231.25,9.65,1.15
2002-11-15 0:00,NaN,NaN,231.3,8.15,0.55
2002-11-16 0:00,NaN,NaN,231.33,7.35,0.2
2002-11-17 0:00,NaN,NaN,231.34,6.65,-0.15
2002-11-18 0:00,NaN,NaN,231.37,6.9,0
2002-11-19 0:00,NaN,NaN,231.3,10.65,0.85
2002-11-20 0:00,5.94,1.52,231.3,9.05,-0.1
2002-11-21 0:00,NaN,NaN,231.32,9.25,0.2
2002-11-22 0:00,NaN,NaN,231.33,8.05,-1.35
2002-11-23 0:00,NaN,NaN,231.32,10.85,0.95
2002-11-24 0:00,NaN,NaN,231.33,7.55,0.8
2002-11-25 0:00,NaN,NaN,231.33,8.6,-0.45
2002-11-26 0:00,NaN,NaN,231.37,8.75,0.75
2002-11-27 0:00,7.59,1.72,231.355,7.45,2.1
2002-11-28 0:00,NaN,NaN,231.34,8.95,2.25
2002-11-29 0:00,NaN,NaN,231.33,6.65,-3.45
2002-11-30 0:00,NaN,NaN,231.36,8.35,-2.9
2002-12-01 0:00,NaN,NaN,231.41,9.7,-0.75
2002-12-02 0:00,NaN,NaN,231.49,6.2,-2.95
2002-12-03 0:00,NaN,NaN,231.55,5.4,-4.35
2002-12-04 0:00,10.47,1.97,231.565,4.9,-2.3
2002-12-05 0:00,NaN,NaN,231.64,3.7,-4.35
2002-12-06 0:00,NaN,NaN,231.69,3.45,-4.6
2002-12-07 0:00,NaN,NaN,231.64,3.15,-2.5
2002-12-08 0:00,NaN,NaN,231.66,3.45,-4.1
2002-12-09 0:00,NaN,NaN,231.66,5.7,-4.35
2002-12-10 0:00,NaN,NaN,NaN,7.65,-3.2
2002-12-11 0:00,11.62,2.23,231.345,8.45,0.25
2002-12-12 0:00,NaN,NaN,231.1,6.5,-1.25
2002-12-13 0:00,NaN,NaN,NaN,6.35,-1.6
2002-12-14 0:00,NaN,NaN,231.12,8.05,0.1
2002-12-15 0:00,NaN,NaN,231.09,7.85,0.05
2002-12-16 0:00,NaN,NaN,231.09,6.75,-0.55
2002-12-17 0:00,NaN,NaN,231.05,6.7,1.7
2002-12-18 0:00,9.08,2.17,230.995,9.45,4
2002-12-19 0:00,NaN,NaN,230.93,8.8,3.15
2002-12-20 0:00,NaN,NaN,230.89,7.8,3.35
2002-12-21 0:00,NaN,NaN,230.86,10.35,3.6
2002-12-22 0:00,NaN,NaN,230.87,11.35,4.85
2002-12-23 0:00,NaN,NaN,230.88,13.2,5.25
2002-12-24 0:00,NaN,NaN,230.88,11.95,4.05
2002-12-25 0:00,NaN,NaN,230.89,10.25,2.6
2002-12-26 0:00,NaN,NaN,230.9,12.35,3.85
2002-12-27 0:00,6.41,2.23,230.88,11.85,3.75
2002-12-28 0:00,NaN,NaN,230.87,8.5,-0.45
2002-12-29 0:00,NaN,NaN,230.88,11.6,2.9
2002-12-30 0:00,NaN,NaN,230.89,8.2,1.85
2002-12-31 0:00,NaN,NaN,230.9,8.7,-0.45
2003-01-01 0:00,8.72,2.34,230.93,9.55,1.55
2003-01-02 0:00,NaN,NaN,230.95,13.5,5.2
2003-01-03 0:00,NaN,NaN,230.95,12,4
2003-01-04 0:00,NaN,NaN,230.87,6,-1.75
2003-01-05 0:00,NaN,NaN,230.95,3.3,-5.05
2003-01-06 0:00,NaN,NaN,230.73,0.5,-5.8
2003-01-07 0:00,NaN,NaN,230.6,0.5,-6.15
2003-01-08 0:00,9.86,2.37,230.24,4.45,-6.65
2003-01-09 0:00,NaN,NaN,229.78,5.35,-5.25
2003-01-10 0:00,NaN,NaN,229.38,-0.35,-5.65
2003-01-11 0:00,NaN,NaN,229.07,0.15,-7.95
2003-01-12 0:00,NaN,NaN,228.75,-2.2,-8.15
2003-01-13 0:00,NaN,NaN,228.35,-1.2,-7.15
2003-01-14 0:00,NaN,NaN,228.05,2.8,-1.25
2003-01-15 0:00,7.25,2.02,227.735,4.05,-0.8
2003-01-16 0:00,NaN,NaN,227.07,4.95,-2.2
2003-01-17 0:00,NaN,NaN,226.63,5.6,-3.4
2003-01-18 0:00,NaN,NaN,226.18,7.75,-0.6
2003-01-19 0:00,NaN,NaN,225.85,5.45,-1.8
2003-01-20 0:00,NaN,NaN,225.51,6.5,-2.75
2003-01-21 0:00,NaN,NaN,225.21,7.45,-1.25
2003-01-22 0:00,NaN,NaN,224.93,6.65,-1.85
2003-01-23 0:00,4.8,1.33,224.695,6.6,-3.85
2003-01-24 0:00,NaN,NaN,224.36,5.65,-3.3
2003-01-25 0:00,NaN,NaN,223.63,2.65,-1.65
2003-01-26 0:00,NaN,NaN,223.24,4.9,-1.05
2003-01-27 0:00,NaN,NaN,222.74,9.15,2.55
2003-01-28 0:00,NaN,NaN,222.29,7.25,1.15
2003-01-29 0:00,NaN,NaN,221.83,3.15,-5.6
2003-01-30 0:00,3.56,0.56,221.41,2.3,-8.45
2003-01-31 0:00,NaN,NaN,220.94,-0.7,-11.9
2003-02-01 0:00,NaN,NaN,220.18,2.5,-7.85
2003-02-02 0:00,NaN,NaN,219.49,6.7,-4.05
2003-02-03 0:00,NaN,NaN,219.13,9.25,-1.85
2003-02-04 0:00,NaN,NaN,218.46,3.3,-6.4
2003-02-05 0:00,1.83,-0.36,218.05,3.25,-8.45
2003-02-06 0:00,NaN,NaN,217.51,2.6,-7
2003-02-07 0:00,NaN,NaN,216.99,4.25,-4.55
2003-02-08 0:00,NaN,NaN,216.42,5.05,-2.85
2003-02-09 0:00,NaN,NaN,215.88,4.75,-3.4
2003-02-10 0:00,NaN,NaN,215.46,5,-4.35
2003-02-11 0:00,NaN,NaN,214.8,3.55,-4.8
2003-02-12 0:00,-3.68,-1.39,214.125,5.25,-3.4
2003-02-13 0:00,NaN,NaN,213.33,5.25,-5
2003-02-14 0:00,NaN,NaN,212.51,1.95,-7.65
2003-02-15 0:00,NaN,NaN,211.7,-0.85,-7.6
2003-02-16 0:00,NaN,NaN,210.88,-0.05,-8.6
2003-02-17 0:00,NaN,NaN,210.12,-1.9,-13.35
2003-02-18 0:00,NaN,NaN,209.29,-0.1,-8.6
2003-02-19 0:00,NaN,NaN,208.41,5.25,-5.85
2003-02-20 0:00,NaN,NaN,207.54,1.35,-4.85
2003-02-21 0:00,NaN,NaN,206.68,5.05,-3.25
2003-02-22 0:00,NaN,NaN,205.89,6.4,-3.7
2003-02-23 0:00,NaN,NaN,205.39,10.8,0.05
2003-02-24 0:00,NaN,NaN,205.02,9.7,-1.8
2003-02-25 0:00,NaN,NaN,204.38,12.25,-2.1
2003-02-26 0:00,-9.76,-3.545,203.71,12.2,-1.6
2003-02-27 0:00,NaN,NaN,203.04,7.8,-2.25
2003-02-28 0:00,NaN,NaN,202.66,9.45,-0.75
2003-03-01 0:00,NaN,NaN,202.15,11.3,0.65
2003-03-02 0:00,NaN,NaN,201.43,8.85,-0.7
2003-03-03 0:00,NaN,NaN,200.69,10,-0.15
2003-03-04 0:00,NaN,NaN,199.63,14.1,3.95
2003-03-05 0:00,NaN,NaN,198.98,9.65,3.15
2003-03-06 0:00,NaN,NaN,198.91,9,-0.5
2003-03-07 0:00,NaN,NaN,198.46,7.6,1.25
2003-03-08 0:00,NaN,NaN,197.83,10.1,0.65
2003-03-09 0:00,NaN,NaN,197.17,10.75,2.2
2003-03-10 0:00,NaN,NaN,196.46,11.8,4.55
2003-03-11 0:00,NaN,NaN,195.96,13.6,5.5
2003-03-12 0:00,-20.58,-4.2,195.725,13.95,5.35
2003-03-13 0:00,NaN,NaN,195.45,11.75,4.9
2003-03-14 0:00,NaN,NaN,195.15,11.05,4.05
2003-03-15 0:00,NaN,NaN,194.7,8.55,0.75
2003-03-16 0:00,NaN,NaN,194.26,6.85,-1.15
2003-03-17 0:00,NaN,NaN,193.91,7.65,0.25
2003-03-18 0:00,NaN,NaN,193.54,7.3,-0.15
2003-03-19 0:00,NaN,NaN,193.09,8.2,0
2003-03-20 0:00,NaN,NaN,192.59,8.65,1
2003-03-21 0:00,NaN,NaN,191.8,8.25,0.8
2003-03-22 0:00,NaN,NaN,190.82,10.9,1.4
2003-03-23 0:00,NaN,NaN,190,10.85,1.95
2003-03-24 0:00,NaN,NaN,189.3,12.1,3
2003-03-25 0:00,NaN,NaN,188.83,11.25,3.4
2003-03-26 0:00,-19.65,-4.35,188.585,11.4,3.6
2003-03-27 0:00,NaN,NaN,187.73,14,3.4
2003-03-28 0:00,NaN,NaN,187.47,12.1,1.45
2003-03-29 0:00,NaN,NaN,187.27,12.35,1.95
2003-03-30 0:00,NaN,NaN,187.32,12.6,1.2
2003-03-31 0:00,NaN,NaN,187.36,12.25,1.65
2003-04-01 0:00,NaN,NaN,187.41,12.2,3.6
2003-04-02 0:00,NaN,NaN,187.59,7.25,-2.3
2003-04-03 0:00,NaN,NaN,187.46,4.35,-8.3
2003-04-04 0:00,NaN,NaN,186.86,5.15,-4.25
2003-04-05 0:00,NaN,NaN,186.26,6.05,-1.45
2003-04-06 0:00,NaN,NaN,185.96,8.75,1.7
2003-04-07 0:00,NaN,NaN,185.89,8.15,1.55
2003-04-08 0:00,NaN,NaN,185.27,7.7,-1.05
2003-04-09 0:00,-15.53,-4.56,184.39,8.65,0.9
2003-04-10 0:00,NaN,NaN,183.75,7.1,-2.5
2003-04-11 0:00,NaN,NaN,183.15,8.4,-0.5
2003-04-12 0:00,NaN,NaN,182.31,9.3,-0.2
2003-04-13 0:00,NaN,NaN,181.89,14.25,4.1
2003-04-14 0:00,NaN,NaN,181.99,15.45,4.95
2003-04-15 0:00,NaN,NaN,182.21,14.25,4.6
2003-04-16 0:00,NaN,NaN,182.45,13,4.75
2003-04-17 0:00,NaN,NaN,183.17,16,3.9
2003-04-18 0:00,NaN,NaN,183.52,15,5.05
2003-04-19 0:00,NaN,NaN,183.97,13.35,4.55
2003-04-20 0:00,NaN,NaN,184.5,11.05,0.3
2003-04-21 0:00,NaN,NaN,184.95,13.35,1.95
2003-04-22 0:00,NaN,NaN,185.29,13.45,4.35
2003-04-23 0:00,-15.33,-4.84,185.7,14,5.55
2003-04-24 0:00,NaN,NaN,186.27,15.15,6.4
2003-04-25 0:00,NaN,NaN,187.14,17.4,7.4
2003-04-26 0:00,NaN,NaN,188.02,13.6,4.7
2003-04-27 0:00,NaN,NaN,189.03,15.2,5.4
2003-04-28 0:00,NaN,NaN,190.02,17.4,8.7
2003-04-29 0:00,NaN,NaN,191.1,16.5,8.4
2003-04-30 0:00,NaN,NaN,192.33,13.8,6.1
2003-05-01 0:00,NaN,NaN,193.74,14.4,4.25
2003-05-02 0:00,NaN,NaN,194.9,15.75,7.05
2003-05-03 0:00,NaN,NaN,196.08,14.8,6.3
2003-05-04 0:00,NaN,NaN,197.12,16.95,8.6
2003-05-05 0:00,NaN,NaN,198.15,14.6,8.7
2003-05-06 0:00,NaN,NaN,199.58,9.35,3.4
2003-05-07 0:00,-18.42,-5,200.485,13.05,3.75
2003-05-08 0:00,NaN,NaN,201.57,12.3,4.25
2003-05-09 0:00,NaN,NaN,202.3,12.65,4.35
2003-05-10 0:00,NaN,NaN,202.89,10.95,5.15
2003-05-11 0:00,NaN,NaN,203.61,13,6.15
2003-05-12 0:00,NaN,NaN,204.22,15.65,6.5
2003-05-13 0:00,NaN,NaN,204.97,13,5.1
2003-05-14 0:00,NaN,NaN,205.72,11.35,3.4
2003-05-15 0:00,NaN,NaN,206.37,11.6,4.4
2003-05-16 0:00,NaN,NaN,206.93,13.8,5.6
2003-05-17 0:00,NaN,NaN,207.58,15.15,5.7
2003-05-18 0:00,NaN,NaN,208.24,17.25,7.9
2003-05-19 0:00,NaN,NaN,208.9,17.5,9.25
2003-05-20 0:00,NaN,NaN,209.72,12.1,4.95
2003-05-21 0:00,-18.62,-4.505,210.31,14.3,4.4
2003-05-22 0:00,NaN,NaN,210.76,15.95,8.45
2003-05-23 0:00,NaN,NaN,211.22,19.25,9.95
2003-05-24 0:00,NaN,NaN,211.7,10.8,4.7
2003-05-25 0:00,NaN,NaN,212.4,10.1,-0.5
2003-05-26 0:00,NaN,NaN,212.79,10.35,0.25
2003-05-27 0:00,NaN,NaN,213.14,15.2,4.5
2003-05-28 0:00,NaN,NaN,213.35,17.35,7.9
2003-05-29 0:00,NaN,NaN,213.65,20.9,10.1
2003-05-30 0:00,NaN,NaN,214.13,22.1,11.15
2003-05-31 0:00,NaN,NaN,214.89,21.2,10.75
2003-06-01 0:00,NaN,NaN,215.64,20.35,10.65
2003-06-02 0:00,NaN,NaN,216.35,17.7,9.3
2003-06-03 0:00,NaN,NaN,217.05,21.6,10
2003-06-04 0:00,-17.5,-3.56,217.79,20.4,11.85
2003-06-05 0:00,NaN,NaN,218.48,17.25,7.7
2003-06-06 0:00,NaN,NaN,219.04,18.5,9.35
2003-06-07 0:00,NaN,NaN,219.54,20.65,11.4
2003-06-08 0:00,NaN,NaN,220.05,21.65,11.15
2003-06-09 0:00,NaN,NaN,220.59,23.3,12.4
2003-06-10 0:00,NaN,NaN,221.14,22.3,14.25
2003-06-11 0:00,NaN,NaN,221.65,24.95,14.6
2003-06-12 0:00,NaN,NaN,222.1,20.25,14.2
2003-06-13 0:00,NaN,NaN,222.46,24.15,14.95
2003-06-14 0:00,NaN,NaN,222.78,27.55,15.7
2003-06-15 0:00,NaN,NaN,223.3,24.5,13.6
2003-06-16 0:00,NaN,NaN,223.68,23.1,12
2003-06-17 0:00,NaN,NaN,223.995,19.1,10.95
2003-06-18 0:00,-16.84,-2.09,224.295,18,9.95
2003-06-19 0:00,NaN,NaN,224.62,19.7,11.3
2003-06-20 0:00,NaN,NaN,224.91,22.85,14.55
2003-06-21 0:00,NaN,NaN,225.19,25.6,16.55
2003-06-22 0:00,NaN,NaN,225.45,26.65,16.65
2003-06-23 0:00,NaN,NaN,225.68,22.15,15
2003-06-24 0:00,NaN,NaN,NaN,25.05,17.45
2003-06-25 0:00,NaN,NaN,226.2,22.4,16.65
2003-06-26 0:00,NaN,NaN,226.33,19.2,13.5
2003-06-27 0:00,NaN,NaN,226.53,17.7,11.45
2003-06-28 0:00,NaN,NaN,226.75,20.4,12.4
2003-06-29 0:00,NaN,NaN,226.93,23.65,13.95
2003-06-30 0:00,NaN,NaN,227.05,21.65,14.15
2003-07-01 0:00,-17.39,-1.35,227.135,19.1,10.1
2003-07-02 0:00,-17.8,-1.31,227.18,17.3,9
2003-07-03 0:00,NaN,NaN,227.26,16.55,8.15
2003-07-04 0:00,NaN,NaN,227.35,16.65,7.6
2003-07-05 0:00,NaN,NaN,227.41,18.9,8.75
2003-07-06 0:00,NaN,NaN,227.5,18.95,10.35
2003-07-07 0:00,NaN,NaN,227.56,20.4,11.1
2003-07-08 0:00,NaN,NaN,227.63,24.3,13.3
2003-07-09 0:00,NaN,NaN,227.69,21.75,11.35
2003-07-10 0:00,NaN,NaN,227.72,23.15,13.3
2003-07-11 0:00,NaN,NaN,227.74,23.15,14.7
2003-07-12 0:00,NaN,NaN,227.63,24.1,15.25
2003-07-13 0:00,NaN,NaN,227.63,25.55,15.9
2003-07-14 0:00,NaN,NaN,227.67,21.5,14.8
2003-07-15 0:00,NaN,NaN,227.71,24.2,14.9
2003-07-16 0:00,-16.5,-0.96,227.615,18.65,12.15
2003-07-17 0:00,NaN,NaN,227.65,20.7,12.15
2003-07-18 0:00,NaN,NaN,227.68,24.1,14.65
2003-07-19 0:00,NaN,NaN,227.69,22.8,16.25
2003-07-20 0:00,NaN,NaN,227.69,23.65,15.6
2003-07-21 0:00,NaN,NaN,227.72,20.65,16.4
2003-07-22 0:00,NaN,NaN,227.73,22.35,15.9
2003-07-23 0:00,NaN,NaN,227.71,24,14.55
2003-07-24 0:00,NaN,NaN,227.72,19.2,10.55
2003-07-25 0:00,NaN,NaN,227.63,23.15,13.75
2003-07-26 0:00,NaN,NaN,227.51,23.9,15.5
2003-07-27 0:00,NaN,NaN,227.24,19.7,13.4
2003-07-28 0:00,NaN,NaN,227.24,19.2,11.7
2003-07-29 0:00,NaN,NaN,227.25,19.7,12.55
2003-07-30 0:00,-20.11,-1.15,227.22,21.1,13.45
2003-07-31 0:00,NaN,NaN,227.23,22.15,13.3
2003-08-01 0:00,NaN,NaN,NaN,21.25,14.35
2003-08-02 0:00,NaN,NaN,NaN,23.05,15.85
2003-08-03 0:00,NaN,NaN,NaN,26.3,16.85
2003-08-04 0:00,NaN,NaN,227.14,29.55,17.1
2003-08-05 0:00,NaN,NaN,227.13,27.65,17.35
2003-08-06 0:00,NaN,NaN,227.13,26.95,17
2003-08-07 0:00,NaN,NaN,227.16,27.1,16.3
2003-08-08 0:00,NaN,NaN,227.16,26.45,15.65
2003-08-09 0:00,NaN,NaN,227.17,26.35,16.6
2003-08-10 0:00,NaN,NaN,227.11,26.55,16.7
2003-08-11 0:00,NaN,NaN,NaN,25.85,16.3
2003-08-12 0:00,NaN,NaN,226.82,28.15,17.5
2003-08-13 0:00,-20.43,-0.94,226.7,28.2,17.45
2003-08-14 0:00,NaN,NaN,226.59,23.05,16.95
2003-08-15 0:00,NaN,NaN,226.5,20.5,15.2
2003-08-16 0:00,NaN,NaN,226.5,24.85,15.8
2003-08-17 0:00,NaN,NaN,226.5,21.75,11.2
2003-08-18 0:00,NaN,NaN,226.51,23.95,13.5
2003-08-19 0:00,NaN,NaN,226.51,23.2,14.25
2003-08-20 0:00,NaN,NaN,226.51,22.15,13.9
2003-08-21 0:00,NaN,NaN,226.5,21.95,13
2003-08-22 0:00,NaN,NaN,226.52,21.85,12.7
2003-08-23 0:00,NaN,NaN,226.52,24.3,15.45
2003-08-24 0:00,NaN,NaN,226.52,24.1,14.85
2003-08-25 0:00,NaN,NaN,226.52,21.75,12.9
2003-08-26 0:00,NaN,NaN,226.51,22.55,12.8
2003-08-27 0:00,NaN,NaN,226.51,26.2,15.15
2003-08-28 0:00,-19.5,-0.8,226.35,22.35,15.1
2003-08-29 0:00,NaN,NaN,226.29,21.15,12.85
2003-08-30 0:00,NaN,NaN,226.28,19.4,10.8
2003-08-31 0:00,NaN,NaN,226.26,18.3,9.35
2003-09-01 0:00,NaN,NaN,226.26,17.55,8.1
2003-09-02 0:00,NaN,NaN,226.26,18.1,6.75
2003-09-03 0:00,NaN,NaN,226.27,16.45,8.6
2003-09-04 0:00,NaN,NaN,226.14,18.5,8.85
2003-09-05 0:00,NaN,NaN,226.02,19.45,10.1
2003-09-06 0:00,NaN,NaN,225.87,19.5,9.5
2003-09-07 0:00,NaN,NaN,225.87,16.8,7.25
2003-09-08 0:00,NaN,NaN,225.89,15.95,7.15
2003-09-09 0:00,NaN,NaN,225.79,13.9,4.45
2003-09-10 0:00,NaN,NaN,226.1,17.5,8.75
2003-09-11 0:00,NaN,NaN,225.97,16.55,10.2
2003-09-12 0:00,-12.33,-1.1,226,19.15,10.15
2003-09-13 0:00,NaN,NaN,226.02,19.65,10.95
2003-09-14 0:00,NaN,NaN,226.02,17.8,8.9
2003-09-15 0:00,NaN,NaN,226.01,18.05,8.25
2003-09-16 0:00,NaN,NaN,225.78,18.65,9.35
2003-09-17 0:00,NaN,NaN,225.71,19.2,10.65
2003-09-18 0:00,NaN,NaN,225.6,19.7,11.15
2003-09-19 0:00,NaN,NaN,225.42,19.95,11.2
2003-09-20 0:00,NaN,NaN,225.26,20.3,10.45
2003-09-21 0:00,NaN,NaN,225.01,21.55,10.85
2003-09-22 0:00,NaN,NaN,224.87,20.45,10
2003-09-23 0:00,NaN,NaN,224.78,15.45,7.45
2003-09-24 0:00,-14.32,-1.33,224.54,15.8,8.3
2003-09-25 0:00,NaN,NaN,224.37,16.35,8.95
2003-09-26 0:00,NaN,NaN,224.07,16.55,8.7
2003-09-27 0:00,NaN,NaN,224.03,16.05,7.4
2003-09-28 0:00,NaN,NaN,224.03,16.6,8.55
2003-09-29 0:00,NaN,NaN,224.02,17.6,9.05
2003-09-30 0:00,NaN,NaN,223.94,17.5,7.35
2003-10-01 0:00,NaN,NaN,223.75,19.75,11.35
2003-10-02 0:00,NaN,NaN,223.54,21.3,10.65
2003-10-03 0:00,NaN,NaN,223.75,18.6,8.75
2003-10-04 0:00,NaN,NaN,223.12,15.25,6
2003-10-05 0:00,NaN,NaN,223.06,10.6,-0.25
2003-10-06 0:00,NaN,NaN,222.99,7.7,1.25
2003-10-07 0:00,-10.85,-1.71,222.72,10.05,3.55
2003-10-08 0:00,-12.34,-1.75,222.54,13.4,5
2003-10-09 0:00,NaN,NaN,222.45,15.8,7.55
2003-10-10 0:00,NaN,NaN,222.35,16,8.4
2003-10-11 0:00,NaN,NaN,222.23,14.35,8.4
2003-10-12 0:00,NaN,NaN,222.24,15.6,7.55
2003-10-13 0:00,NaN,NaN,222.21,16.35,6.65
2003-10-14 0:00,NaN,NaN,222.11,16.1,6.05
2003-10-15 0:00,NaN,NaN,222.06,15.9,5.05
2003-10-16 0:00,NaN,NaN,222.03,14.3,4.4
2003-10-17 0:00,NaN,NaN,221.85,10.75,3.4
2003-10-18 0:00,NaN,NaN,221.87,14,4.65
2003-10-19 0:00,NaN,NaN,221.89,13.05,3.95
2003-10-20 0:00,NaN,NaN,221.89,13.45,3.65
2003-10-21 0:00,NaN,NaN,221.88,8.65,1.5
2003-10-22 0:00,-7.98,-1.85,221.845,10.35,0.95
2003-10-23 0:00,NaN,NaN,221.71,7.6,-2.2
2003-10-24 0:00,NaN,NaN,221.35,4.2,-2.6
2003-10-25 0:00,NaN,NaN,221.05,4.8,-2.4
2003-10-26 0:00,NaN,NaN,221.03,4,-2.3
2003-10-27 0:00,NaN,NaN,220.98,7.95,0.85
2003-10-28 0:00,NaN,NaN,220.56,8.6,2.45
2003-10-29 0:00,NaN,NaN,220.28,10.05,1.05
2003-10-30 0:00,NaN,NaN,219.99,11.15,0.55
2003-10-31 0:00,NaN,NaN,219.88,9.75,1.6
2003-11-01 0:00,NaN,NaN,219.87,9.6,-0.25
2003-11-02 0:00,NaN,NaN,219.87,8.9,1.7
2003-11-03 0:00,NaN,NaN,219.9,10.45,4.6
2003-11-04 0:00,NaN,NaN,219.92,12.4,5.05
2003-11-05 0:00,-8.56,-2.14,219.94,12.3,5.7
2003-11-06 0:00,NaN,NaN,219.96,11.2,5.7
2003-11-07 0:00,NaN,NaN,219.97,11.05,5.55
2003-11-08 0:00,NaN,NaN,219.88,9.7,1.45
2003-11-09 0:00,NaN,NaN,219.75,11.85,2.75
2003-11-10 0:00,NaN,NaN,219.84,10.85,4.85
2003-11-11 0:00,NaN,NaN,219.84,11.7,4.7
2003-11-12 0:00,NaN,NaN,219.86,10.2,1.8
2003-11-13 0:00,NaN,NaN,219.85,9.75,2.1
2003-11-14 0:00,NaN,NaN,219.65,8.05,2.25
2003-11-15 0:00,NaN,NaN,219.65,10.3,-0.4
2003-11-16 0:00,NaN,NaN,219.7,11.4,1.25
2003-11-17 0:00,NaN,NaN,219.73,8.4,2.6
2003-11-18 0:00,NaN,NaN,219.755,6.45,3.85
2003-11-19 0:00,-7.54,-1.83,219.78,9.5,6.65
2003-11-20 0:00,NaN,NaN,219.81,12.15,6.3
2003-11-21 0:00,NaN,NaN,219.84,11.6,3.25
2003-11-22 0:00,NaN,NaN,219.85,13.4,2.9
2003-11-23 0:00,NaN,NaN,219.83,14.65,3.1
2003-11-24 0:00,NaN,NaN,219.89,9.95,2.05
2003-11-25 0:00,NaN,NaN,219.92,8.65,0.5
2003-11-26 0:00,NaN,NaN,219.94,7.85,-0.85
2003-11-27 0:00,NaN,NaN,219.95,6.5,-3.15
2003-11-28 0:00,NaN,NaN,219.88,7.25,-3.25
2003-11-29 0:00,NaN,NaN,219.89,8.7,-0.15
2003-11-30 0:00,NaN,NaN,219.86,12.1,1.45
2003-12-01 0:00,NaN,NaN,219.91,5.5,-0.5
2003-12-02 0:00,NaN,NaN,219.88,6.3,-2.15
2003-12-03 0:00,-4.01,-1.59,219.84,4.2,-4
2003-12-04 0:00,NaN,NaN,219.8,7.15,-2.8
2003-12-05 0:00,NaN,NaN,219.54,7.35,-0.05
2003-12-06 0:00,NaN,NaN,219.57,8.8,0.6
2003-12-07 0:00,NaN,NaN,219.57,7.35,-0.1
2003-12-08 0:00,NaN,NaN,219.41,8.75,-0.6
2003-12-09 0:00,NaN,NaN,219.39,6.55,-1.8
2003-12-10 0:00,NaN,NaN,219.36,5.95,-2.25
2003-12-11 0:00,NaN,NaN,219.31,5.7,-1.35
2003-12-12 0:00,NaN,NaN,219.09,9.85,1.25
2003-12-13 0:00,NaN,NaN,219.14,11.45,3.4
2003-12-14 0:00,NaN,NaN,219.22,9.4,3.25
2003-12-15 0:00,NaN,NaN,219.49,6.6,0.65
2003-12-16 0:00,NaN,NaN,219.515,4.6,1.05
2003-12-17 0:00,-5.78,-1.46,219.37,5.6,1.05
2003-12-18 0:00,NaN,NaN,219.32,2.85,0.9
2003-12-19 0:00,NaN,NaN,219.29,6.35,-1.35
2003-12-20 0:00,NaN,NaN,219.32,7.1,0.3
2003-12-21 0:00,NaN,NaN,219.36,6.1,-0.5
2003-12-22 0:00,NaN,NaN,219.38,2.6,-7.25
2003-12-23 0:00,NaN,NaN,219.35,0.8,-7.4
2003-12-24 0:00,NaN,NaN,219.4,4.55,-4
2003-12-25 0:00,NaN,NaN,219.47,7.8,0.2
2003-12-26 0:00,NaN,NaN,219.51,6.55,2.05
2003-12-27 0:00,NaN,NaN,219.53,6.6,0.25
2003-12-28 0:00,NaN,NaN,219.58,4,-2.95
2003-12-29 0:00,NaN,NaN,219.65,3.35,-5.2
2003-12-30 0:00,NaN,NaN,219.72,5.45,-3.85
2003-12-31 0:00,-0.76,-1.2,219.75,1.65,-5.5
2004-01-01 0:00,NaN,NaN,219.79,2.35,-5.9
2004-01-02 0:00,NaN,NaN,219.88,4.25,-5.6
2004-01-03 0:00,NaN,NaN,219.97,3.2,-4.25
2004-01-04 0:00,NaN,NaN,219.75,1.8,-3.15
2004-01-05 0:00,NaN,NaN,219.53,3.9,-1.7
2004-01-06 0:00,NaN,NaN,219.33,3.6,0.85
2004-01-07 0:00,NaN,NaN,219.34,4.7,0.25
2004-01-08 0:00,NaN,NaN,219.29,7,0.35
2004-01-09 0:00,NaN,NaN,218.87,11,0.95
2004-01-10 0:00,NaN,NaN,218.84,13.1,3.05
2004-01-11 0:00,NaN,NaN,219,13.15,3.25
2004-01-12 0:00,NaN,NaN,219.1,14.1,3.25
2004-01-13 0:00,NaN,NaN,219.13,14.35,4.95
2004-01-14 0:00,-5.22,-1.21,219.065,9.3,0.3
2004-01-15 0:00,NaN,NaN,218.9,8.2,-0.7
2004-01-16 0:00,NaN,NaN,218.88,5.05,-0.55
2004-01-17 0:00,NaN,NaN,218.9,8.95,-1.6
2004-01-18 0:00,NaN,NaN,218.95,1.8,-6.4
2004-01-19 0:00,NaN,NaN,218.93,1.35,-6.05
2004-01-20 0:00,NaN,NaN,218.78,4.05,-3.6
2004-01-21 0:00,NaN,NaN,218.54,6.8,-1.1
2004-01-22 0:00,NaN,NaN,218.45,7.95,-0.05
2004-01-23 0:00,NaN,NaN,218.34,8.35,0.4
2004-01-24 0:00,NaN,NaN,218.4,10.45,1.35
2004-01-25 0:00,NaN,NaN,218.52,5.2,-2
2004-01-26 0:00,NaN,NaN,218.45,7.65,-1.1
2004-01-27 0:00,NaN,NaN,218.11,2.9,-3.15
2004-01-28 0:00,-2.87,-1.34,218.005,1.4,-6.4
2004-01-29 0:00,NaN,NaN,217.7,4.25,-6.25
2004-01-30 0:00,NaN,NaN,217.55,2.85,-3.85
2004-01-31 0:00,NaN,NaN,217.48,7.15,-0.95
2004-02-01 0:00,NaN,NaN,217.31,9.65,1.6
2004-02-02 0:00,NaN,NaN,217.35,11.45,1.85
2004-02-03 0:00,NaN,NaN,217.33,10.5,2.7
2004-02-04 0:00,NaN,NaN,217.27,11.25,3.5
2004-02-05 0:00,NaN,NaN,217.16,13.1,5.05
2004-02-06 0:00,NaN,NaN,217.14,14.6,5.05
2004-02-07 0:00,NaN,NaN,217.08,7.75,1
2004-02-08 0:00,NaN,NaN,217.07,6.15,-1.9
2004-02-09 0:00,NaN,NaN,217.07,7.7,-0.9
2004-02-10 0:00,NaN,NaN,217.03,7.35,0.05
2004-02-11 0:00,-8.2,-1.57,216.805,6.95,0.3
2004-02-12 0:00,NaN,NaN,216.61,5.8,2.05
2004-02-13 0:00,NaN,NaN,216.3,6.7,1.85
2004-02-14 0:00,NaN,NaN,215.85,7.4,1.1
2004-02-15 0:00,NaN,NaN,215.5,6.25,0.1
2004-02-16 0:00,NaN,NaN,215.2,5.3,-5.55
2004-02-17 0:00,-7.59,-1.97,214.645,4.75,-5.05
2004-02-18 0:00,NaN,NaN,214.3,4.7,-7.25
2004-02-19 0:00,NaN,NaN,213.79,1.7,-7.05
2004-02-20 0:00,NaN,NaN,213.33,4.25,-5.25
2004-02-21 0:00,NaN,NaN,212.88,8.05,0.95
2004-02-22 0:00,NaN,NaN,212.42,8.75,-1.55
2004-02-23 0:00,NaN,NaN,211.95,2.25,-3.55
2004-02-24 0:00,NaN,NaN,211.49,1.85,-5.25
2004-02-25 0:00,-7.68,-2.7,211.125,3.45,-4.95
2004-02-26 0:00,NaN,NaN,210.52,4.35,-6.85
2004-02-27 0:00,NaN,NaN,209.66,1.45,-9.85
2004-02-28 0:00,NaN,NaN,209.32,-0.1,-10.3
2004-02-29 0:00,NaN,NaN,208.71,0.85,-11.2
2004-03-01 0:00,NaN,NaN,208.27,-1,-11.6
2004-03-02 0:00,NaN,NaN,207.77,1.25,-7.65
2004-03-03 0:00,NaN,NaN,207.26,4.8,-3.4
2004-03-04 0:00,NaN,NaN,206.72,5.45,-0.85
2004-03-05 0:00,NaN,NaN,206.15,11.95,2.8
2004-03-06 0:00,NaN,NaN,205.57,7.65,-2.1
2004-03-07 0:00,NaN,NaN,205.09,7.05,-2.85
2004-03-08 0:00,NaN,NaN,204.44,4.95,-5.8
2004-03-09 0:00,NaN,NaN,203.83,4.25,-2.85
2004-03-10 0:00,NaN,NaN,203.15,3.15,-3.9
2004-03-11 0:00,NaN,NaN,202.35,4.3,-2.85
2004-03-12 0:00,NaN,NaN,201.67,10.8,1.35
2004-03-13 0:00,NaN,NaN,200.9,5.5,-1.4
2004-03-14 0:00,NaN,NaN,200.5,8.1,0.5
2004-03-15 0:00,NaN,NaN,200,10.05,3.8
2004-03-16 0:00,-15.83,-4.31,199.48,13.3,5.65
2004-03-17 0:00,NaN,NaN,199.19,14.4,7.05
2004-03-18 0:00,NaN,NaN,NaN,12.2,5
2004-03-19 0:00,NaN,NaN,199,12.9,3.4
2004-03-20 0:00,NaN,NaN,198.77,13.65,5.9
2004-03-21 0:00,NaN,NaN,198.72,11.35,2.75
2004-03-22 0:00,NaN,NaN,198.84,5.9,-3.75
2004-03-23 0:00,NaN,NaN,198.89,4.25,-7.05
2004-03-24 0:00,-14.6,-4.43,198.765,2.95,-7.3
2004-03-25 0:00,NaN,NaN,198.51,4.2,-5.7
2004-03-26 0:00,NaN,NaN,198.07,4.95,-5.6
2004-03-27 0:00,NaN,NaN,197.66,4.1,-7.55
2004-03-28 0:00,NaN,NaN,197.19,5.9,-2.4
2004-03-29 0:00,NaN,NaN,197.03,8.5,-0.2
2004-03-30 0:00,NaN,NaN,196.87,11.35,-1.2
2004-03-31 0:00,NaN,NaN,196.68,8.25,0.65
2004-04-01 0:00,NaN,NaN,196.49,10.5,0.85
2004-04-02 0:00,NaN,NaN,196.31,9.05,-0.05
2004-04-03 0:00,NaN,NaN,196.11,9.45,0.65
2004-04-04 0:00,NaN,NaN,196.13,11.35,2.95
2004-04-05 0:00,NaN,NaN,196.15,11.3,3.95
2004-04-06 0:00,NaN,NaN,196.2,10.95,2.5
2004-04-07 0:00,-19.7,-4.62,196.37,9.35,-0.45
2004-04-08 0:00,NaN,NaN,196.37,6.8,-3.6
2004-04-09 0:00,NaN,NaN,196.07,4.65,-5.15
2004-04-10 0:00,NaN,NaN,196.11,5.35,-4.65
2004-04-11 0:00,NaN,NaN,196.18,3.35,-5.85
2004-04-12 0:00,NaN,NaN,196.34,7,-4.25
2004-04-13 0:00,NaN,NaN,196.46,7.4,-2.5
2004-04-14 0:00,NaN,NaN,196.49,8.25,-3.6
2004-04-15 0:00,NaN,NaN,196.52,9.65,0.55
2004-04-16 0:00,NaN,NaN,196.59,7.35,-0.95
2004-04-17 0:00,NaN,NaN,196.66,8.65,0.1
2004-04-18 0:00,NaN,NaN,196.73,10.25,0.15
2004-04-19 0:00,NaN,NaN,196.83,7.45,-2.6
2004-04-20 0:00,NaN,NaN,196.9,12.95,3
2004-04-21 0:00,-16.26,-4.72,197.04,16.7,4.65
2004-04-22 0:00,NaN,NaN,197.19,9.75,0.45
2004-04-23 0:00,NaN,NaN,197.41,9.1,-1.2
2004-04-24 0:00,NaN,NaN,197.62,11.9,3.9
2004-04-25 0:00,NaN,NaN,197.84,13.1,4.8
2004-04-26 0:00,NaN,NaN,198.353,13.75,4.9
2004-04-27 0:00,NaN,NaN,198.39,12.25,4.9
2004-04-28 0:00,NaN,NaN,198.69,10.3,1.45
2004-04-29 0:00,NaN,NaN,199.02,9.45,-0.35
2004-04-30 0:00,NaN,NaN,199.34,8.25,-2.5
2004-05-01 0:00,NaN,NaN,199.51,8.65,-1.25
2004-05-02 0:00,NaN,NaN,199.66,9.05,-0.1
2004-05-03 0:00,NaN,NaN,199.81,9.65,-0.3
2004-05-04 0:00,NaN,NaN,200,9.85,1.55
2004-05-05 0:00,-15.19,-4.75,200.07,9.3,-0.9
2004-05-06 0:00,NaN,NaN,200.22,8.45,-1.05
2004-05-07 0:00,NaN,NaN,200.31,7.5,-1.2
2004-05-08 0:00,NaN,NaN,200.34,9.3,-0.65
2004-05-09 0:00,NaN,NaN,200.47,8.75,0.7
2004-05-10 0:00,NaN,NaN,200.57,11.4,1.6
2004-05-11 0:00,NaN,NaN,200.67,13.5,1.05
2004-05-12 0:00,NaN,NaN,200.74,13.9,1.5
2004-05-13 0:00,NaN,NaN,200.82,13.7,2.3
2004-05-14 0:00,NaN,NaN,200.93,11.3,1.35
2004-05-15 0:00,NaN,NaN,201.12,11.7,3.45
2004-05-16 0:00,NaN,NaN,201.39,14.7,5.7
2004-05-17 0:00,NaN,NaN,202.17,16.4,7.7
2004-05-18 0:00,NaN,NaN,202.49,18.3,6.15
2004-05-19 0:00,-19.19,-4.71,203.04,19.7,8.8
2004-05-20 0:00,NaN,NaN,204.02,19.5,8.7
2004-05-21 0:00,NaN,NaN,NaN,17.6,7.05
2004-05-22 0:00,NaN,NaN,205.76,13.2,4.7
2004-05-23 0:00,NaN,NaN,206.57,14.95,5.4
2004-05-24 0:00,NaN,NaN,207.37,14.65,5.6
2004-05-25 0:00,NaN,NaN,208.11,16.05,6.1
2004-05-26 0:00,NaN,NaN,208.81,15.4,6.5
2004-05-27 0:00,NaN,NaN,209.66,15.15,5.8
2004-05-28 0:00,NaN,NaN,210.41,14.9,6
2004-05-29 0:00,NaN,NaN,211.17,17.05,8
2004-05-30 0:00,NaN,NaN,211.86,14.75,6.7
2004-05-31 0:00,NaN,NaN,212.59,16.4,7.8
2004-06-01 0:00,NaN,NaN,213.53,18.15,9.4
2004-06-02 0:00,-20.25,-3.665,214.793,16.1,8.95
2004-06-03 0:00,NaN,NaN,215.7,15,6.55
2004-06-04 0:00,NaN,NaN,216.57,14.8,7.65
2004-06-05 0:00,NaN,NaN,217.36,17.15,9.2
2004-06-06 0:00,NaN,NaN,218.25,18.8,10.45
2004-06-07 0:00,NaN,NaN,219.17,20.9,11.35
2004-06-08 0:00,NaN,NaN,220.04,20.1,10.5
2004-06-09 0:00,NaN,NaN,220.85,21.8,11.9
2004-06-10 0:00,NaN,NaN,221.69,21.55,12.2
2004-06-11 0:00,NaN,NaN,222.69,21.2,11.25
2004-06-12 0:00,NaN,NaN,223.64,20.3,10.7
2004-06-13 0:00,NaN,NaN,224.57,18.3,7.85
2004-06-14 0:00,NaN,NaN,225.41,16.65,5.55
2004-06-15 0:00,NaN,NaN,226.06,16.7,5.3
2004-06-16 0:00,-10.35,-0.72,226.815,19.6,7.9
2004-06-17 0:00,NaN,NaN,227.59,20.55,11.2
2004-06-18 0:00,NaN,NaN,228.43,19.35,11.2
2004-06-19 0:00,NaN,NaN,229.15,15,6.75
2004-06-20 0:00,NaN,NaN,229.79,14.05,5.45
2004-06-21 0:00,NaN,NaN,230.22,15.45,6.55
2004-06-22 0:00,NaN,NaN,230.69,19.75,10.9
2004-06-23 0:00,NaN,NaN,231.19,19.9,12.5
2004-06-24 0:00,NaN,NaN,231.84,18.5,10.75
2004-06-25 0:00,NaN,NaN,232.41,18.75,11.75
2004-06-26 0:00,NaN,NaN,232.94,23.8,14.55
2004-06-27 0:00,NaN,NaN,233.43,22.45,15.75
2004-06-28 0:00,NaN,NaN,233.91,22.7,15
2004-06-29 0:00,NaN,NaN,234.33,22.85,13.5
2004-06-30 0:00,NaN,NaN,234.63,22.2,15.4
2004-07-01 0:00,NaN,NaN,234.95,17.25,12.05
2004-07-02 0:00,-3.32,2.02,234.945,17.85,10.05
2004-07-03 0:00,NaN,NaN,234.84,19.25,9.85
2004-07-04 0:00,NaN,NaN,234.78,21.85,12.5
2004-07-05 0:00,NaN,NaN,234.77,17.95,13.15
2004-07-06 0:00,-3.35,2.04,234.6,19.3,12.25
2004-07-07 0:00,NaN,NaN,234.53,19.15,12.55
2004-07-08 0:00,NaN,NaN,234.55,15.35,7.35
2004-07-09 0:00,NaN,NaN,234.38,13.05,5.7
2004-07-10 0:00,NaN,NaN,234.23,15.5,7
2004-07-11 0:00,NaN,NaN,234.29,14.3,6.2
2004-07-12 0:00,NaN,NaN,234.3,15.6,6.4
2004-07-13 0:00,NaN,NaN,234.08,16.15,6.15
2004-07-14 0:00,-0.3,2.1,233.98,19.2,9.25
2004-07-15 0:00,NaN,NaN,234,19.5,10.55
2004-07-16 0:00,NaN,NaN,233.82,22.15,11.8
2004-07-17 0:00,NaN,NaN,233.71,22.3,12.05
2004-07-18 0:00,NaN,NaN,233.51,19.45,12.5
2004-07-19 0:00,NaN,NaN,233.55,22.9,13.2
2004-07-20 0:00,NaN,NaN,233.44,20.45,13.4
2004-07-21 0:00,NaN,NaN,233.49,24.1,13.95
2004-07-22 0:00,-3.98,2.05,233.5,25.05,15.8
2004-07-23 0:00,NaN,NaN,233.31,24.1,17.4
2004-07-24 0:00,NaN,NaN,233.21,24.4,16.05
2004-07-25 0:00,NaN,NaN,233.24,21.6,12.85
2004-07-26 0:00,NaN,NaN,233.29,20,11.3
2004-07-27 0:00,NaN,NaN,233.33,20.35,11.15
2004-07-28 0:00,-6.82,1.95,233.34,21.35,12.55
2004-07-29 0:00,NaN,NaN,233.38,20.6,11.55
2004-07-30 0:00,NaN,NaN,233.39,23.2,12.35
2004-07-31 0:00,NaN,NaN,233.43,24.3,14.9
2004-08-01 0:00,NaN,NaN,233.44,27.2,16.2
2004-08-02 0:00,NaN,NaN,233.46,22.9,15.5
2004-08-03 0:00,NaN,NaN,233.43,22.2,14.2
2004-08-04 0:00,-7.09,1.97,233.28,17.95,10.8
2004-08-05 0:00,NaN,NaN,233.32,20,10.95
2004-08-06 0:00,NaN,NaN,233.35,19.85,11.85
2004-08-07 0:00,NaN,NaN,233.28,22.75,13.3
2004-08-08 0:00,NaN,NaN,233.3,25.05,14.35
2004-08-09 0:00,NaN,NaN,233.31,21,15.55
2004-08-10 0:00,NaN,NaN,233.24,21.65,12.7
2004-08-11 0:00,-6.35,1.96,233.24,22.85,12.1
2004-08-12 0:00,NaN,NaN,233.2,20,12.25
2004-08-13 0:00,NaN,NaN,233.17,19.95,10.85
2004-08-14 0:00,NaN,NaN,233.16,20.05,12.55
2004-08-15 0:00,NaN,NaN,233.15,23.75,15.15
2004-08-16 0:00,NaN,NaN,233.16,22.5,14.9
2004-08-17 0:00,NaN,NaN,233.17,21.8,13.4
2004-08-18 0:00,NaN,NaN,233.11,23.15,13.6
2004-08-19 0:00,NaN,NaN,233.11,21.1,13.65
2004-08-20 0:00,-7.37,1.91,233.105,18.7,9.5
2004-08-21 0:00,NaN,NaN,233.12,16.05,8
2004-08-22 0:00,NaN,NaN,233.13,20.85,11
2004-08-23 0:00,NaN,NaN,233.13,20.45,14.6
2004-08-24 0:00,NaN,NaN,233.12,16.45,13.25
2004-08-25 0:00,-8.095,1.89,233.083,17.85,11.9
2004-08-26 0:00,NaN,NaN,233.08,18.15,10
2004-08-27 0:00,NaN,NaN,233.08,18.25,10.5
2004-08-28 0:00,NaN,NaN,233.08,19.6,10.65
2004-08-29 0:00,NaN,NaN,NaN,19.65,10.8
2004-08-30 0:00,NaN,NaN,233.08,18.5,10.15
2004-08-31 0:00,NaN,NaN,233.07,17.7,11.35
2004-09-01 0:00,NaN,NaN,233.09,19.1,11.8
2004-09-02 0:00,NaN,NaN,233.1,20.85,11.8
2004-09-03 0:00,-6.22,1.95,233.105,19.05,11.4
2004-09-04 0:00,NaN,NaN,233.1,22.95,15.5
2004-09-05 0:00,NaN,NaN,233.1,24.65,16.6
2004-09-06 0:00,NaN,NaN,233.1,23.25,13.8
2004-09-07 0:00,NaN,NaN,233.11,23.3,11.75
2004-09-08 0:00,-6.42,1.93,233.103,21.7,12.75
2004-09-09 0:00,NaN,NaN,233.11,23,14.45
2004-09-10 0:00,NaN,NaN,233.1,23.3,14.95
2004-09-11 0:00,NaN,NaN,233.1,21.05,13.05
2004-09-12 0:00,NaN,NaN,233.1,18,10.85
2004-09-13 0:00,NaN,NaN,233.09,19.65,11.95
2004-09-14 0:00,NaN,NaN,233.03,17.45,9.85
2004-09-15 0:00,-6.97,1.88,233.005,14.75,5.7
2004-09-16 0:00,NaN,NaN,232.97,15.3,6.1
2004-09-17 0:00,NaN,NaN,NaN,14.9,7.2
2004-09-18 0:00,NaN,NaN,NaN,16.1,9.5
2004-09-19 0:00,NaN,NaN,232.93,15.4,8.9
2004-09-20 0:00,NaN,NaN,232.9,16.4,9.3
2004-09-21 0:00,-5.82,1.88,232.865,17,9.9
2004-09-22 0:00,-7.14,2.055,232.843,16.7,10.05
2004-09-23 0:00,NaN,NaN,232.82,14.55,9.6
2004-09-24 0:00,NaN,NaN,232.77,14.8,6.4
2004-09-25 0:00,NaN,NaN,232.77,13.1,3.75
2004-09-26 0:00,NaN,NaN,232.75,12.75,5.2
2004-09-27 0:00,NaN,NaN,232.66,14.35,7.5
2004-09-28 0:00,NaN,NaN,232.55,14.9,8.05
2004-09-29 0:00,NaN,NaN,232.44,16.1,9.1
2004-09-30 0:00,-6.15,1.94,232.395,14.45,9.2
2004-10-01 0:00,NaN,NaN,232.24,18.75,10.85
2004-10-02 0:00,NaN,NaN,232.16,17.85,11
2004-10-03 0:00,NaN,NaN,232.16,18.3,11.65
2004-10-04 0:00,NaN,NaN,232.18,21.2,11.55
2004-10-05 0:00,NaN,NaN,232.12,18.9,12.1
2004-10-06 0:00,NaN,NaN,231.935,15.55,10.8
2004-10-07 0:00,NaN,NaN,231.84,18.4,11.05
2004-10-08 0:00,NaN,NaN,231.72,18.9,11.65
2004-10-09 0:00,NaN,NaN,231.65,19,11.05
2004-10-10 0:00,NaN,NaN,231.65,14.2,6.8
2004-10-11 0:00,NaN,NaN,231.65,15.55,5.1
2004-10-12 0:00,NaN,NaN,231.4,13.55,3.55
2004-10-13 0:00,NaN,NaN,231.24,12.15,4.05
2004-10-14 0:00,NaN,NaN,231.04,11.85,2.85
2004-10-15 0:00,NaN,NaN,230.85,10.8,1.45
2004-10-16 0:00,NaN,NaN,230.64,9.7,0.1
2004-10-17 0:00,NaN,NaN,230.65,10.8,2.1
2004-10-18 0:00,NaN,NaN,230.65,12.85,4.55
2004-10-19 0:00,NaN,NaN,230.5,16.5,8.2
2004-10-20 0:00,NaN,NaN,230.21,20.65,9.95
2004-10-21 0:00,NaN,NaN,229.99,16.2,8.4
2004-10-22 0:00,-2.41,1.72,229.645,16.25,7.85
2004-10-23 0:00,NaN,NaN,229.28,16.8,8.55
2004-10-24 0:00,NaN,NaN,229.11,16.85,10.6
2004-10-25 0:00,NaN,NaN,228.85,13,7.3
2004-10-26 0:00,NaN,NaN,228.87,10.3,0.9
2004-10-27 0:00,-1.37,1.6,228.895,11,1.4
2004-10-28 0:00,-1.28,1.55,228.91,12.6,5.5
2004-10-29 0:00,NaN,NaN,228.92,8.35,1.2
2004-10-30 0:00,NaN,NaN,228.93,9.65,0.65
2004-10-31 0:00,NaN,NaN,228.94,8.1,-0.35
2004-11-01 0:00,NaN,NaN,228.94,7.95,0.55
2004-11-02 0:00,NaN,NaN,228.95,9.8,1.6
2004-11-03 0:00,NaN,NaN,228.96,7.4,3.25
2004-11-04 0:00,NaN,NaN,228.96,10.35,4.55
2004-11-05 0:00,NaN,NaN,228.96,10.5,4
2004-11-06 0:00,NaN,NaN,228.96,10.15,3.6
2004-11-07 0:00,NaN,NaN,228.96,7.4,1.7
2004-11-08 0:00,NaN,NaN,228.95,7.7,-0.3
2004-11-09 0:00,NaN,NaN,228.99,9.1,-1.1
2004-11-10 0:00,2.45,1.69,229.02,6.2,-3.8
2004-11-11 0:00,NaN,NaN,229.11,3.9,-5
2004-11-12 0:00,NaN,NaN,229.13,5.75,-3.75
2004-11-13 0:00,NaN,NaN,229.13,3.8,-1
2004-11-14 0:00,NaN,NaN,229.13,4.1,-5.3
2004-11-15 0:00,NaN,NaN,229.16,4.2,-4.85
2004-11-16 0:00,NaN,NaN,229.16,1.55,-1.2
2004-11-17 0:00,6.12,1.94,229.17,7.75,0.55
2004-11-18 0:00,NaN,NaN,229.17,5.7,3.5
2004-11-19 0:00,NaN,NaN,229.18,10.3,0.7
2004-11-20 0:00,NaN,NaN,229.18,8.35,3.3
2004-11-21 0:00,NaN,NaN,229.19,8.75,3.1
2004-11-22 0:00,NaN,NaN,229.2,7.05,3.45
2004-11-23 0:00,NaN,NaN,229.2,9.25,2.7
2004-11-24 0:00,3,2,229.21,6.25,3.05
2004-11-25 0:00,NaN,NaN,229.21,5.95,2.55
2004-11-26 0:00,NaN,NaN,229.19,6.15,0.55
2004-11-27 0:00,NaN,NaN,229.09,8.85,1.55
2004-11-28 0:00,NaN,NaN,228.99,7.3,-0.7
2004-11-29 0:00,NaN,NaN,228.96,5.1,-3.35
2004-11-30 0:00,NaN,NaN,228.85,5.7,-3.75
2004-12-01 0:00,NaN,NaN,228.84,4.75,-3.1
2004-12-02 0:00,NaN,NaN,228.66,7.6,0.1
2004-12-03 0:00,NaN,NaN,228.47,5.3,-1.15
2004-12-04 0:00,NaN,NaN,228.34,6.45,-0.3
2004-12-05 0:00,NaN,NaN,228.34,4.5,-0.15
2004-12-06 0:00,NaN,NaN,228.37,4.4,-2.05
2004-12-07 0:00,NaN,NaN,228.21,3.75,-2.5
2004-12-08 0:00,4.15,NaN,228.045,5,-1.8
2004-12-09 0:00,NaN,NaN,227.79,8.05,-0.5
2004-12-10 0:00,NaN,NaN,227.41,8.15,1.45
2004-12-11 0:00,NaN,NaN,227.21,6.5,1.9
2004-12-12 0:00,NaN,NaN,226.93,7.7,0.7
2004-12-13 0:00,NaN,NaN,226.76,8.7,0.65
2004-12-14 0:00,NaN,NaN,226.48,6.7,0.2
2004-12-15 0:00,NaN,NaN,226.21,6.85,0.35
2004-12-16 0:00,NaN,NaN,225.93,6.5,-1.9
2004-12-17 0:00,NaN,NaN,225.65,10,-0.15
2004-12-18 0:00,NaN,NaN,225.37,8.9,0.05
2004-12-19 0:00,NaN,NaN,225.4,11.3,0.5
2004-12-20 0:00,NaN,NaN,225.48,5.6,-3
2004-12-21 0:00,NaN,NaN,225.42,2,-4.5
2004-12-22 0:00,4.42,1.9,225.235,0.95,-4.5
2004-12-23 0:00,NaN,NaN,225.1,5.05,-2.2
2004-12-24 0:00,NaN,NaN,225.12,7.7,2.15
2004-12-25 0:00,NaN,NaN,225.12,3.05,-3.6
2004-12-26 0:00,NaN,NaN,225.14,0.95,-6.9
2004-12-27 0:00,NaN,NaN,225.04,1.35,-6.1
2004-12-28 0:00,NaN,NaN,224.99,3.45,-6.7
2004-12-29 0:00,NaN,NaN,224.91,4,-5.15
2004-12-30 0:00,NaN,NaN,224.96,4.75,-2.1
2004-12-31 0:00,NaN,NaN,224.97,5,1.95
2005-01-01 0:00,NaN,NaN,224.79,7.35,0.95
2005-01-02 0:00,NaN,NaN,224.81,7.05,-0.5
2005-01-03 0:00,NaN,NaN,224.61,6.45,-1.25
2005-01-04 0:00,NaN,NaN,224.52,6.5,0.35
2005-01-05 0:00,2.81,1.98,224.495,6.15,-0.05
2005-01-06 0:00,NaN,NaN,224.45,6.85,1.2
2005-01-07 0:00,NaN,NaN,224.45,7.9,3
2005-01-08 0:00,NaN,NaN,224.46,6.95,2.9
2005-01-09 0:00,NaN,NaN,224.46,8.25,1.8
2005-01-10 0:00,NaN,NaN,224.4,5.65,1.75
2005-01-11 0:00,NaN,NaN,224.4,6.95,0.9
2005-01-12 0:00,NaN,NaN,224.21,4.2,0.55
2005-01-13 0:00,NaN,NaN,224.11,6.45,0.3
2005-01-14 0:00,NaN,NaN,223.94,6.1,0.9
2005-01-15 0:00,NaN,NaN,223.61,6.2,0.9
2005-01-16 0:00,NaN,NaN,223.43,6.35,1.2
2005-01-17 0:00,NaN,NaN,223.16,3.45,0.8
2005-01-18 0:00,NaN,NaN,222.78,7,-2.15
2005-01-19 0:00,1.15,NaN,222.455,6.7,-3.6
2005-01-20 0:00,NaN,NaN,222.29,8.6,-0.05
2005-01-21 0:00,NaN,NaN,222.05,9.9,2
2005-01-22 0:00,NaN,NaN,221.82,8.15,1.05
2005-01-23 0:00,NaN,NaN,221.79,5.05,-1.3
2005-01-24 0:00,NaN,NaN,221.78,0.9,-7.6
2005-01-25 0:00,NaN,NaN,221.38,-2.8,-13.35
2005-01-26 0:00,NaN,NaN,221.05,-4.7,-15.5
2005-01-27 0:00,NaN,NaN,220.59,-4.2,-12.7
2005-01-28 0:00,NaN,NaN,220.16,-4.45,-11.7
2005-01-29 0:00,NaN,NaN,219.72,1.5,-9.15
2005-01-30 0:00,NaN,NaN,219.32,-2,-9.2
2005-01-31 0:00,NaN,NaN,218.83,-0.2,-6.6
2005-02-01 0:00,NaN,NaN,218.33,2.35,-5.8
2005-02-02 0:00,3.38,0.88,217.96,4.55,-4.05
2005-02-03 0:00,NaN,NaN,217.53,4.4,-5.5
2005-02-04 0:00,NaN,NaN,217.05,5,-5.4
2005-02-05 0:00,NaN,NaN,216.71,4.5,-4.95
2005-02-06 0:00,NaN,NaN,216,4.6,-5.1
2005-02-07 0:00,NaN,NaN,216,5.1,-4.6
2005-02-08 0:00,NaN,NaN,215.49,5.25,-4.35
2005-02-09 0:00,-1.35,0.18,214.92,6.35,-3.25
2005-02-10 0:00,NaN,NaN,214.35,5.65,-2.95
2005-02-11 0:00,NaN,NaN,213.76,6.15,-0.65
2005-02-12 0:00,NaN,NaN,213.34,9.3,1.45
2005-02-13 0:00,NaN,NaN,213.09,7.25,-1.9
2005-02-14 0:00,NaN,NaN,212.96,2.35,-10.45
2005-02-15 0:00,NaN,NaN,212.54,0.7,-11.3
2005-02-16 0:00,-2.04,-0.52,212.175,-1.05,-12
2005-02-17 0:00,NaN,NaN,211.71,-1.75,-10.2
2005-02-18 0:00,NaN,NaN,211.24,-1.35,-8.95
2005-02-19 0:00,NaN,NaN,210.72,1.5,-9
2005-02-20 0:00,NaN,NaN,210.25,1.25,-8.8
2005-02-21 0:00,NaN,NaN,209.7,-1.8,-10.95
2005-02-22 0:00,-3.7,-1.07,208.9,-2.6,-13.35
2005-02-23 0:00,NaN,NaN,207.83,-1.45,-11.05
2005-02-24 0:00,NaN,NaN,206.92,-0.3,-9.7
2005-02-25 0:00,NaN,NaN,206.24,0.95,-8.5
2005-02-26 0:00,NaN,NaN,205.81,1.95,-9.25
2005-02-27 0:00,NaN,NaN,205.54,1.4,-9.55
2005-02-28 0:00,NaN,NaN,205.31,-5,-13.75
2005-03-01 0:00,NaN,NaN,205,-4.65,-10.15
2005-03-02 0:00,-11.34,-2.22,204.74,1.25,-8
2005-03-03 0:00,NaN,NaN,204.38,0.5,-8.3
2005-03-04 0:00,NaN,NaN,203.72,1.05,-10.8
2005-03-05 0:00,NaN,NaN,203.19,1.1,-9.3
2005-03-06 0:00,NaN,NaN,202.79,0.25,-9.85
2005-03-07 0:00,NaN,NaN,202.39,-1.8,-12.2
2005-03-08 0:00,NaN,NaN,201.72,0,-8.2
2005-03-09 0:00,NaN,NaN,201.19,2.1,-4.65
2005-03-10 0:00,NaN,NaN,200.62,4.9,-2.95
2005-03-11 0:00,-14,-2.54,200.425,2.8,-6.25
2005-03-12 0:00,NaN,NaN,199.61,3.85,-1.65
2005-03-13 0:00,NaN,NaN,199.21,5.65,-0.8
2005-03-14 0:00,NaN,NaN,198.75,10.25,1
2005-03-15 0:00,NaN,NaN,198.425,12.55,2.85
2005-03-16 0:00,-17.17,-2.72,198.11,13.25,3.55
2005-03-17 0:00,NaN,NaN,197.51,14.1,4.3
2005-03-18 0:00,NaN,NaN,197.51,13.95,4.65
2005-03-19 0:00,NaN,NaN,197.61,13.45,4.55
2005-03-20 0:00,NaN,NaN,197.51,14.5,5
2005-03-21 0:00,NaN,NaN,197.51,15.8,4.45
2005-03-22 0:00,NaN,NaN,197.51,15,4.75
2005-03-23 0:00,NaN,NaN,197.51,12.95,1.95
2005-03-24 0:00,NaN,NaN,197.51,13.8,4.1
2005-03-25 0:00,NaN,NaN,197.51,13.1,4.1
2005-03-26 0:00,NaN,NaN,197.51,13.15,2.8
2005-03-27 0:00,NaN,NaN,197.51,11.25,1
2005-03-28 0:00,NaN,NaN,197.51,12.1,1.45
2005-03-29 0:00,NaN,NaN,197.65,13.2,1.6
2005-03-30 0:00,-14.44,-3.07,197.75,8.9,-0.5
2005-03-31 0:00,NaN,NaN,197.87,10.55,1.6
2005-04-01 0:00,NaN,NaN,197.95,11.55,2.3
2005-04-02 0:00,NaN,NaN,198.1,11.9,0.5
2005-04-03 0:00,NaN,NaN,198.2,13.15,0.85
2005-04-04 0:00,NaN,NaN,198.21,12.55,1.75
2005-04-05 0:00,NaN,NaN,198.27,12.45,2.85
2005-04-06 0:00,NaN,NaN,198.35,15,4.15
2005-04-07 0:00,NaN,NaN,198.44,12.1,4.65
2005-04-08 0:00,NaN,NaN,198.6,8.1,-2.1
2005-04-09 0:00,NaN,NaN,198.81,2.15,-8.3
2005-04-10 0:00,NaN,NaN,199.01,4.2,-7.3
2005-04-11 0:00,NaN,NaN,199.15,7.6,-3.9
2005-04-12 0:00,NaN,NaN,199.19,9.95,0.15
2005-04-13 0:00,-12.28,-3.16,199.195,11.55,2
2005-04-14 0:00,NaN,NaN,199.21,12.5,2.9
2005-04-15 0:00,NaN,NaN,199.17,5.3,-2.65
2005-04-16 0:00,NaN,NaN,199.17,5.9,-4.6
2005-04-17 0:00,NaN,NaN,199.17,10.3,-0.35
2005-04-18 0:00,NaN,NaN,199.17,9.2,2.25
2005-04-19 0:00,NaN,NaN,199.17,9.1,-1.05
2005-04-20 0:00,NaN,NaN,199.17,8.2,-2
2005-04-21 0:00,NaN,NaN,199.17,9.65,-0.4
2005-04-22 0:00,NaN,NaN,199.55,14.85,4.05
2005-04-23 0:00,NaN,NaN,199.64,14.95,4.7
2005-04-24 0:00,NaN,NaN,199.82,13.45,4.55
2005-04-25 0:00,NaN,NaN,200.12,11.95,2.85
2005-04-26 0:00,NaN,NaN,200.48,13.9,5.3
2005-04-27 0:00,-16.82,-3.27,200.75,14.45,6.65
2005-04-28 0:00,NaN,NaN,201.22,18,9.25
2005-04-29 0:00,NaN,NaN,201.73,17.95,10.1
2005-04-30 0:00,NaN,NaN,202.31,20.3,10.15
2005-05-01 0:00,NaN,NaN,202.9,19.6,10.1
2005-05-02 0:00,NaN,NaN,203.63,19.15,9.2
2005-05-03 0:00,NaN,NaN,204.35,16.4,8.3
2005-05-04 0:00,NaN,NaN,205.31,11.85,4.35
2005-05-05 0:00,NaN,NaN,206.19,10.75,0.85
2005-05-06 0:00,NaN,NaN,206.74,12.85,4.4
2005-05-07 0:00,NaN,NaN,207.11,13,5.95
2005-05-08 0:00,NaN,NaN,207.47,12,6.1
2005-05-09 0:00,NaN,NaN,207.835,12.7,6
2005-05-10 0:00,NaN,NaN,208.43,14.3,5.65
2005-05-11 0:00,-18.07,-3.03,209.045,14.15,5
2005-05-12 0:00,NaN,NaN,209.77,14.9,4.85
2005-05-13 0:00,NaN,NaN,210.37,15.85,5.2
2005-05-14 0:00,NaN,NaN,211.08,13.65,4.75
2005-05-15 0:00,NaN,NaN,211.78,15.35,4.65
2005-05-16 0:00,NaN,NaN,212.39,14,4.25
2005-05-17 0:00,NaN,NaN,212.86,11.5,-0.65
2005-05-18 0:00,NaN,NaN,213.38,13.15,2.45
2005-05-19 0:00,NaN,NaN,213.63,13.95,5.75
2005-05-20 0:00,NaN,NaN,213.9,20.95,9.7
2005-05-21 0:00,NaN,NaN,214.35,15.55,9.05
2005-05-22 0:00,NaN,NaN,214.93,11.2,6.2
2005-05-23 0:00,NaN,NaN,215.63,11.6,4.1
2005-05-24 0:00,NaN,NaN,216.25,15.75,7.4
2005-05-25 0:00,NaN,NaN,216.78,19.3,10.75
2005-05-26 0:00,-18.71,-2.03,217.39,20.85,12.35
2005-05-27 0:00,NaN,NaN,218.31,21.35,12.85
2005-05-28 0:00,NaN,NaN,219.12,18.6,11.45
2005-05-29 0:00,NaN,NaN,219.99,19.85,12.15
2005-05-30 0:00,NaN,NaN,220.83,14.1,7.3
2005-05-31 0:00,NaN,NaN,221.49,16.45,7.65
2005-06-01 0:00,NaN,NaN,222.04,15.95,8.25
2005-06-02 0:00,NaN,NaN,222.54,18.9,10.35
2005-06-03 0:00,NaN,NaN,223.04,17.7,10.9
2005-06-04 0:00,NaN,NaN,223.82,15.05,9.45
2005-06-05 0:00,NaN,NaN,224.62,16.6,10.15
2005-06-06 0:00,NaN,NaN,225.32,15.85,9.15
2005-06-07 0:00,NaN,NaN,225.95,18.6,9.6
2005-06-08 0:00,-13.88,0.11,226.635,16.8,8.65
2005-06-09 0:00,NaN,NaN,227.05,15.1,8.45
2005-06-10 0:00,NaN,NaN,227.51,16.2,7.75
2005-06-11 0:00,NaN,NaN,227.91,18.7,9.65
2005-06-12 0:00,NaN,NaN,228.42,19.5,9.55
2005-06-13 0:00,NaN,NaN,229.03,18.8,8.7
2005-06-14 0:00,NaN,NaN,229.35,16.9,6.25
2005-06-15 0:00,-6.96,1.03,229.65,17.6,8.9
2005-06-16 0:00,NaN,NaN,230.29,19.65,10.55
2005-06-17 0:00,NaN,NaN,230.71,20.2,12
2005-06-18 0:00,NaN,NaN,231.43,23.2,13.7
2005-06-19 0:00,NaN,NaN,231.43,22.2,13.6
2005-06-20 0:00,NaN,NaN,231.88,20,12.75
2005-06-21 0:00,NaN,NaN,232.25,22.8,12.5
2005-06-22 0:00,NaN,NaN,232.54,25.15,13.95
2005-06-23 0:00,-3.5,1.93,232.795,24.4,14.4
2005-06-24 0:00,-3.54,1.99,232.92,23.05,13.85
2005-06-25 0:00,NaN,NaN,233.12,24.1,14.4
2005-06-26 0:00,NaN,NaN,233.38,24.35,15.55
2005-06-27 0:00,NaN,NaN,233.69,23.9,17.95
2005-06-28 0:00,NaN,NaN,233.89,24.5,13.8
2005-06-29 0:00,NaN,NaN,234.1,18,12.65
2005-06-30 0:00,-2.86,2.33,234.32,18.95,11.5
2005-07-01 0:00,NaN,NaN,234.51,18.65,11.35
2005-07-02 0:00,NaN,NaN,234.6,19.65,12.35
2005-07-03 0:00,NaN,NaN,234.78,23.4,14.95
2005-07-04 0:00,NaN,NaN,234.95,15.3,10.55
2005-07-05 0:00,-0.99,2.79,235.06,17.65,9.45
2005-07-06 0:00,-0.61,2.83,235.145,16.7,10
2005-07-07 0:00,-0.41,2.85,235.1,16.9,9.7
2005-07-08 0:00,-0.21,2.86,234.952,16.1,8
2005-07-09 0:00,0.61,2.92,234.885,18.15,7.5
2005-07-10 0:00,1.41,2.93,234.775,18.85,7.4
2005-07-11 0:00,2.25,2.95,234.765,19.1,9.95
2005-07-12 0:00,1.2,2.94,234.463,20.45,11.35
2005-07-13 0:00,0.41,2.91,234.31,21.05,12.25
2005-07-14 0:00,-0.02,2.9,234.07,23.6,14.3
2005-07-15 0:00,-0.82,2.9,234.005,23.2,16.65
2005-07-16 0:00,-2.75,2.84,233.78,22.45,17.4
2005-07-17 0:00,-4.09,2.8,233.84,21.2,17.05
2005-07-18 0:00,-5.1,2.79,233.89,19.05,11.6
2005-07-19 0:00,-3.94,2.8,233.81,18.05,10.8
2005-07-20 0:00,-4.155,2.785,233.85,22.05,13.2
2005-07-21 0:00,-5.01,2.76,233.825,20.05,13.65
2005-07-22 0:00,-6,2.74,233.725,20.45,13.3
2005-07-23 0:00,-5.36,2.74,233.66,21.85,13.45
2005-07-24 0:00,-5.55,2.74,233.695,21.6,15.05
2005-07-25 0:00,-6.35,2.72,233.76,23,13.85
2005-07-26 0:00,-6.17,2.73,233.815,24.2,15.45
2005-07-27 0:00,-6.74,2.72,233.775,26.5,16.65
2005-07-28 0:00,NaN,NaN,233.64,24.75,16.5
2005-07-29 0:00,NaN,NaN,233.58,20.15,13.6
2005-07-30 0:00,NaN,NaN,233.6,17.75,10.55
2005-07-31 0:00,NaN,NaN,233.62,18,10.2
2005-08-01 0:00,NaN,NaN,233.66,15.65,8.1
2005-08-02 0:00,-4.68,2.68,233.695,17.1,7.3
2005-08-03 0:00,-3.38,2.71,233.76,18.3,8.5
2005-08-04 0:00,-3.5,2.72,233.795,18.65,10.8
2005-08-05 0:00,-4.11,2.75,233.82,19.45,11.9
2005-08-06 0:00,-5.51,2.73,233.845,18.95,12.45
2005-08-07 0:00,-5.83,2.72,233.86,20.7,13.2
2005-08-08 0:00,-6.19,2.72,233.87,20.15,13.15
2005-08-09 0:00,-6.47,2.72,233.865,22.15,14.6
2005-08-10 0:00,-7.35,2.7,233.865,21.8,14.35
2005-08-11 0:00,-6.4,2.71,233.875,20.65,9.95
2005-08-12 0:00,-5.14,2.71,233.895,19.15,11.7
2005-08-13 0:00,-5.69,2.72,233.9,20.2,11.75
2005-08-14 0:00,-6.58,2.7,233.9,17.55,11.8
2005-08-15 0:00,-6.71,2.68,233.91,19.8,11.85
2005-08-16 0:00,-6.96,2.67,233.877,19,12.45
2005-08-17 0:00,-7.46,2.72,233.855,20.55,13.25
2005-08-18 0:00,-6.88,2.72,233.855,19.35,10.7
2005-08-19 0:00,-6.06,2.73,233.87,19.9,10.1
2005-08-20 0:00,-5.22,2.75,233.865,15,6.65
2005-08-21 0:00,-2.99,2.76,233.93,14.85,4.25
2005-08-22 0:00,-1.18,2.81,234.05,15.8,7
2005-08-23 0:00,-0.83,2.83,234.155,16.1,8.55
2005-08-24 0:00,-1.22,2.84,234.305,17.6,9.3
2005-08-25 0:00,-2.35,2.83,234.34,18.35,12.1
2005-08-26 0:00,-3,2.81,234.31,16.85,11.25
2005-08-27 0:00,-3.35,2.81,234.305,16.3,9.5
2005-08-28 0:00,-2.51,2.8,234.36,19.75,11.4
2005-08-29 0:00,-2.67,2.8,234.41,20.95,12.6
2005-08-30 0:00,-3.18,2.8,234.32,22.4,13.7
2005-08-31 0:00,-3.04,2.8,234.065,23.3,14.75
2005-09-01 0:00,-5.31,2.76,233.89,19.7,13
2005-09-02 0:00,-4.73,2.73,233.6,22.45,14.15
2005-09-03 0:00,-4.94,2.73,233.545,24.35,15.4
2005-09-04 0:00,-5.1,2.73,233.56,21.8,14.75
2005-09-05 0:00,NaN,NaN,233.48,17.95,11.7
2005-09-06 0:00,-4.74,2.71,233.53,17.05,8.6
2005-09-07 0:00,-3.57,2.7,233.405,15.7,6.4
2005-09-08 0:00,-2.89,2.72,233.425,18.7,8.3
2005-09-09 0:00,-2.35,2.72,233.45,20.15,9.75
2005-09-10 0:00,-2.35,2.71,233.39,16.65,7.5
2005-09-11 0:00,-1.86,2.71,233.41,16.5,6.05
2005-09-12 0:00,-1.13,2.72,233.45,16.45,5.6
2005-09-13 0:00,-0.41,2.73,233.465,17.05,7.9
2005-09-14 0:00,-0.5,2.73,233.405,17.1,9
2005-09-15 0:00,-1.64,2.72,233.435,18.25,10.65
2005-09-16 0:00,-2.85,2.68,233.2,17,9.75
2005-09-17 0:00,-3.02,2.66,233.11,11.5,3.95
2005-09-18 0:00,-0.43,2.66,233.16,10.2,1.55
2005-09-19 0:00,0.23,2.7,233.18,11.75,3.7
2005-09-20 0:00,0.63,2.71,233.1,12.35,5.6
2005-09-21 0:00,-0.38,2.69,233.02,12.55,7.1
2005-09-22 0:00,-1.65,2.65,232.85,15.05,8.4
2005-09-23 0:00,-2.575,2.625,232.783,15.3,9.1
2005-09-24 0:00,-3.17,2.61,232.755,16.9,7.65
2005-09-25 0:00,-2.29,2.61,232.74,14.85,7.7
2005-09-26 0:00,-1.31,2.61,232.77,15.5,6.85
2005-09-27 0:00,NaN,NaN,232.6,17.2,8.25
2005-09-28 0:00,NaN,NaN,232.53,16.6,8.5
2005-09-29 0:00,NaN,NaN,232.34,15.75,7.35
2005-09-30 0:00,NaN,NaN,232.2,15.4,8.15
2005-10-01 0:00,NaN,NaN,232.02,13.95,7.7
2005-10-02 0:00,NaN,NaN,231.89,12.35,2.8
2005-10-03 0:00,NaN,NaN,231.84,10.8,0.6
2005-10-04 0:00,1.26,2.53,231.66,11.55,1
2005-10-05 0:00,NaN,NaN,231.49,12.15,2.05
2005-10-06 0:00,NaN,NaN,231.3,14.1,4.15
2005-10-07 0:00,NaN,NaN,231.13,13.6,5.3
2005-10-08 0:00,NaN,NaN,231.06,16.05,7.15
2005-10-09 0:00,NaN,NaN,231.1,16.2,8.8
2005-10-10 0:00,-0.73,2.43,231.063,15.35,7
2005-10-11 0:00,NaN,NaN,230.95,17.35,8.15
2005-10-12 0:00,NaN,NaN,230.84,18.5,8.3
2005-10-13 0:00,NaN,NaN,230.68,14.3,6.95
2005-10-14 0:00,0.19,2.38,230.61,14.15,5.7
2005-10-15 0:00,NaN,NaN,230.62,13.85,6.1
2005-10-16 0:00,NaN,NaN,230.82,13.9,6.45
2005-10-17 0:00,NaN,NaN,230.98,13.3,6.15
2005-10-18 0:00,NaN,NaN,230.74,13.5,5.7
2005-10-19 0:00,NaN,NaN,230.69,15.3,7.15
2005-10-20 0:00,NaN,NaN,230.61,13.75,6.85
2005-10-21 0:00,NaN,NaN,230.39,15.55,8
2005-10-22 0:00,NaN,NaN,230.17,15.65,7.65
2005-10-23 0:00,NaN,NaN,230.17,13.95,4.3
2005-10-24 0:00,NaN,NaN,230.26,14.45,6.15
2005-10-25 0:00,NaN,NaN,230.18,13.65,7.15
2005-10-26 0:00,-0.3,2.28,230.15,14.6,6.55
2005-10-27 0:00,NaN,NaN,230.09,16.45,7.95
2005-10-28 0:00,NaN,NaN,230.01,20.25,8.6
2005-10-29 0:00,NaN,NaN,230.04,18.9,9.2
2005-10-30 0:00,NaN,NaN,230.07,15.9,9.1
2005-10-31 0:00,NaN,NaN,230.05,13.95,7
2005-11-01 0:00,NaN,NaN,229.93,12.85,5.3
2005-11-02 0:00,NaN,NaN,229.88,15.5,8.4
2005-11-03 0:00,NaN,NaN,229.78,14.3,9.25
2005-11-04 0:00,NaN,NaN,229.68,10.9,2.45
2005-11-05 0:00,NaN,NaN,229.59,9.05,1
2005-11-06 0:00,NaN,NaN,229.58,8.7,2.95
2005-11-07 0:00,NaN,NaN,229.6,10.25,5.2
2005-11-08 0:00,NaN,NaN,229.51,10.5,6.1
2005-11-09 0:00,NaN,NaN,229.51,7.25,-0.5
2005-11-10 0:00,2.4,2.19,229.51,7.65,-1.3
2005-11-11 0:00,NaN,NaN,229.36,7.35,1.2
2005-11-12 0:00,NaN,NaN,229.17,7.85,1.2
2005-11-13 0:00,NaN,NaN,228.96,7.25,1.5
2005-11-14 0:00,NaN,NaN,228.81,8.6,0.4
2005-11-15 0:00,NaN,NaN,228.68,10.7,0.1
2005-11-16 0:00,NaN,NaN,228.39,11.45,-0.65
2005-11-17 0:00,NaN,NaN,228.07,8.4,-1.05
2005-11-18 0:00,NaN,NaN,227.72,8.5,-0.4
2005-11-19 0:00,NaN,NaN,227.41,5.8,-0.65
2005-11-20 0:00,NaN,NaN,227.18,5.4,-0.7
2005-11-21 0:00,NaN,NaN,226.84,6.75,1.2
2005-11-22 0:00,NaN,NaN,226.48,3.8,-0.05
2005-11-23 0:00,NaN,NaN,226.1,0.9,-2.2
2005-11-24 0:00,1.32,1.71,225.9,5,-4.1
2005-11-25 0:00,NaN,NaN,225.74,4.1,-4.65
2005-11-26 0:00,NaN,NaN,225.38,2.55,-7.55
2005-11-27 0:00,NaN,NaN,225.06,2.15,-7.15
2005-11-28 0:00,NaN,NaN,224.78,3.95,-4.95
2005-11-29 0:00,NaN,NaN,224.46,2.05,-5.25
2005-11-30 0:00,NaN,NaN,224,2.45,-4.9
2005-12-01 0:00,NaN,NaN,223.65,8.05,-2.8
2005-12-02 0:00,NaN,NaN,223.28,7.95,-1
2005-12-03 0:00,NaN,NaN,222.93,7.15,-2.55
2005-12-04 0:00,NaN,NaN,222.64,11.65,-2.4
2005-12-05 0:00,NaN,NaN,222.46,6.9,-3
2005-12-06 0:00,NaN,NaN,222.21,4.55,-4.7
2005-12-07 0:00,1.91,1.03,221.933,4.25,-5.15
2005-12-08 0:00,NaN,NaN,221.72,4.6,-4.25
2005-12-09 0:00,NaN,NaN,221.3,6.6,-4.2
2005-12-10 0:00,NaN,NaN,220.89,2.3,-3.7
2005-12-11 0:00,NaN,NaN,220.66,0.05,-3.1
2005-12-12 0:00,NaN,NaN,220.48,-0.15,-4.35
2005-12-13 0:00,NaN,NaN,220.08,0.4,-3.45
2005-12-14 0:00,NaN,NaN,219.81,0.1,-3.3
2005-12-15 0:00,NaN,NaN,219.43,2.05,-5
2005-12-16 0:00,NaN,NaN,219.03,3.7,-2.9
2005-12-17 0:00,NaN,NaN,218.67,6.45,-1.55
2005-12-18 0:00,NaN,NaN,218.6,1.7,-4.5
2005-12-19 0:00,NaN,NaN,218.39,0.95,-3.35
2005-12-20 0:00,NaN,NaN,218.01,2.75,-2.55
2005-12-21 0:00,NaN,NaN,217.57,2.6,-1.6
2005-12-22 0:00,NaN,NaN,217.24,3.05,-0.85
2005-12-23 0:00,NaN,NaN,216.77,3.8,1.3
2005-12-24 0:00,NaN,NaN,216.47,3.55,0.75
2005-12-25 0:00,NaN,NaN,216.31,3.5,-0.05
2005-12-26 0:00,NaN,NaN,216.33,0.6,-3.05
2005-12-27 0:00,NaN,NaN,216.33,-0.8,-6.3
2005-12-28 0:00,-4.39,-0.32,216.195,-2.25,-8.75
2005-12-29 0:00,NaN,NaN,215.88,-1.85,-9.7
2005-12-30 0:00,NaN,NaN,215.55,5.8,-4.1
2005-12-31 0:00,NaN,NaN,215.4,6.9,-1.35
2006-01-01 0:00,NaN,NaN,215.37,6,-3
2006-01-02 0:00,NaN,NaN,215.42,4.6,-5.25
2006-01-03 0:00,-1.76,-0.55,215.45,4.45,-4.5
2006-01-04 0:00,NaN,NaN,215.36,3.15,-3.95
2006-01-05 0:00,NaN,NaN,215.23,3,-5.55
2006-01-06 0:00,NaN,NaN,214.84,3.85,-4.55
2006-01-07 0:00,NaN,NaN,214.67,4.05,-1.6
2006-01-08 0:00,NaN,NaN,214.54,6.65,-1.2
2006-01-09 0:00,NaN,NaN,214.46,3.35,-2.45
2006-01-10 0:00,NaN,NaN,214.14,6.8,-2
2006-01-11 0:00,NaN,NaN,213.6,4.45,-2.25
2006-01-12 0:00,NaN,NaN,213.54,6.5,-0.95
2006-01-13 0:00,NaN,NaN,213.2,6.15,-3.2
2006-01-14 0:00,NaN,NaN,212.89,3.85,-3.95
2006-01-15 0:00,NaN,NaN,212.65,4.5,-4.05
2006-01-16 0:00,NaN,NaN,212.54,3.15,-2.45
2006-01-17 0:00,-4.56,-1.17,212.195,5.2,-2.8
2006-01-18 0:00,NaN,NaN,211.86,8.1,-1.25
2006-01-19 0:00,NaN,NaN,211.53,9.9,2.65
2006-01-20 0:00,NaN,NaN,211.2,2.8,1.9
2006-01-21 0:00,NaN,NaN,211.12,7.9,-0.2
2006-01-22 0:00,NaN,NaN,211.13,5.95,-1.4
2006-01-23 0:00,NaN,NaN,210.94,4.6,-0.45
2006-01-24 0:00,NaN,NaN,210.52,2.1,-3.35
2006-01-25 0:00,NaN,NaN,210.07,3.4,-2.7
2006-01-26 0:00,NaN,NaN,209.77,1,-5.2
2006-01-27 0:00,NaN,NaN,209.18,0.65,-8.95
2006-01-28 0:00,NaN,NaN,208.66,-1.9,-6.8
2006-01-29 0:00,NaN,NaN,208.23,-1.05,-4.6
2006-01-30 0:00,NaN,NaN,208.12,1.3,-3.05
2006-01-31 0:00,-9.98,-2.07,207.63,3.25,-1.55
2006-02-01 0:00,NaN,NaN,207.3,4.9,-0.6
2006-02-02 0:00,NaN,NaN,206.81,5.5,-0.8
2006-02-03 0:00,NaN,NaN,206.28,2.1,-2.1
2006-02-04 0:00,NaN,NaN,205.72,0.65,-4.65
2006-02-05 0:00,NaN,NaN,205.35,1.5,-4.7
2006-02-06 0:00,NaN,NaN,205.27,1.1,-4.3
2006-02-07 0:00,NaN,NaN,205.03,2.4,-1.65
2006-02-08 0:00,NaN,NaN,204.73,-1.7,-0.6
2006-02-09 0:00,NaN,NaN,204.37,2.35,-1.9
2006-02-10 0:00,NaN,NaN,203.91,6.1,-2.35
2006-02-11 0:00,NaN,NaN,203.4,2.55,-2.1
2006-02-12 0:00,NaN,NaN,202.96,2.5,-2.8
2006-02-13 0:00,NaN,NaN,202.63,7.1,-1.3
2006-02-14 0:00,-13.17,-2.77,202.185,6.05,1.15
2006-02-15 0:00,NaN,NaN,201.66,7.4,-2.35
2006-02-16 0:00,NaN,NaN,201.14,10.3,-0.05
2006-02-17 0:00,NaN,NaN,200.66,9.05,-0.75
2006-02-18 0:00,NaN,NaN,200.08,9.1,-0.8
2006-02-19 0:00,NaN,NaN,199.71,8.95,-2.85
2006-02-20 0:00,NaN,NaN,199.46,5.6,-3.7
2006-02-21 0:00,NaN,NaN,198.74,4.75,-5.95
2006-02-22 0:00,NaN,NaN,198.17,4.65,-6.5
2006-02-23 0:00,NaN,NaN,197.68,3.75,-5.05
2006-02-24 0:00,NaN,NaN,196.74,4.25,-5.35
2006-02-25 0:00,NaN,NaN,196.03,4,-5.2
2006-02-26 0:00,NaN,NaN,195.77,4.5,-4.7
2006-02-27 0:00,NaN,NaN,195.11,2.05,-4.55
2006-02-28 0:00,-14.25,-3.27,194.27,1.75,-6.35
2006-03-01 0:00,NaN,NaN,193.51,3.8,-6.5
2006-03-02 0:00,NaN,NaN,192.92,4.9,-4.55
2006-03-03 0:00,NaN,NaN,192.51,8.25,-1.45
2006-03-04 0:00,NaN,NaN,191.92,10.9,0.05
2006-03-05 0:00,NaN,NaN,191.81,1.55,-6.8
2006-03-06 0:00,NaN,NaN,191.72,4.9,-6.6
2006-03-07 0:00,NaN,NaN,191.54,5.05,-3.4
2006-03-08 0:00,NaN,NaN,190.96,10.65,2.75
2006-03-09 0:00,NaN,NaN,190.35,10.25,1.95
2006-03-10 0:00,NaN,NaN,190.18,7.15,-2.6
2006-03-11 0:00,NaN,NaN,190.03,4.8,-4.8
2006-03-12 0:00,NaN,NaN,189.97,6.95,-2.7
2006-03-13 0:00,NaN,NaN,189.52,7.15,1.35
2006-03-14 0:00,-12.98,-3.53,188.66,7.85,2.3
2006-03-15 0:00,NaN,NaN,188.28,9.5,2.35
2006-03-16 0:00,NaN,NaN,187.96,8.75,1.5
2006-03-17 0:00,NaN,NaN,187.42,9.25,2.25
2006-03-18 0:00,NaN,NaN,186.96,11.6,0.35
2006-03-19 0:00,NaN,NaN,186.77,11.35,-0.15
2006-03-20 0:00,NaN,NaN,186.76,12.15,2.15
2006-03-21 0:00,NaN,NaN,186.42,10.4,1.05
2006-03-22 0:00,NaN,NaN,186.12,10.4,-1
2006-03-23 0:00,NaN,NaN,185.81,11.5,1.65
2006-03-24 0:00,NaN,NaN,185.56,12.75,2.75
2006-03-25 0:00,NaN,NaN,185.34,15.85,5.1
2006-03-26 0:00,NaN,NaN,185.38,17.3,7.05
2006-03-27 0:00,NaN,NaN,185.42,14.3,6.25
2006-03-28 0:00,-15.84,-3.76,185.48,9.6,1.15
2006-03-29 0:00,NaN,NaN,185.55,11.4,1.75
2006-03-30 0:00,NaN,NaN,185.61,16.35,6
2006-03-31 0:00,NaN,NaN,185.69,16.3,6.85
2006-04-01 0:00,NaN,NaN,186.01,11.9,5.6
2006-04-02 0:00,NaN,NaN,186.35,11.8,3.8
2006-04-03 0:00,NaN,NaN,186.66,11.9,2.85
2006-04-04 0:00,NaN,NaN,186.92,13.8,5.05
2006-04-05 0:00,NaN,NaN,187.27,13,3.3
2006-04-06 0:00,NaN,NaN,187.68,9.25,2.55
2006-04-07 0:00,NaN,NaN,188.03,9.85,2
2006-04-08 0:00,NaN,NaN,188.37,12.1,3.35
2006-04-09 0:00,NaN,NaN,188.63,12.55,3.55
2006-04-10 0:00,NaN,NaN,188.96,6.85,-1.95
2006-04-11 0:00,-14.23,-3.86,189.16,6.15,-1.15
2006-04-12 0:00,NaN,NaN,189.39,6.9,0.65
2006-04-13 0:00,NaN,NaN,189.57,11,2.6
2006-04-14 0:00,NaN,NaN,189.75,11.95,5.35
2006-04-15 0:00,NaN,NaN,190.01,15.3,6.35
2006-04-16 0:00,NaN,NaN,190.47,12.65,3.75
2006-04-17 0:00,NaN,NaN,190.97,9.75,1.9
2006-04-18 0:00,NaN,NaN,191.33,11.25,2
2006-04-19 0:00,NaN,NaN,191.68,11.65,2.55
2006-04-20 0:00,NaN,NaN,191.94,12.8,1.6
2006-04-21 0:00,NaN,NaN,192.09,14.65,4.05
2006-04-22 0:00,NaN,NaN,192.45,16.2,4.8
2006-04-23 0:00,NaN,NaN,192.78,14,5
2006-04-24 0:00,NaN,NaN,193.07,15.55,6.6
2006-04-25 0:00,NaN,NaN,193.48,14.1,6.3
2006-04-26 0:00,-16.72,-4.03,193.98,13.75,6.1
2006-04-27 0:00,NaN,NaN,194.55,12,3.7
2006-04-28 0:00,NaN,NaN,195.11,12.55,3.45
2006-04-29 0:00,NaN,NaN,195.59,11.35,2.7
2006-04-30 0:00,NaN,NaN,195.96,9.1,1.9
2006-05-01 0:00,NaN,NaN,196.29,12.2,4.3
2006-05-02 0:00,NaN,NaN,196.68,15.9,6
2006-05-03 0:00,NaN,NaN,197.22,15.5,6.5
2006-05-04 0:00,NaN,NaN,197.79,15.6,5.25
2006-05-05 0:00,NaN,NaN,198.2,16.3,5.75
2006-05-06 0:00,NaN,NaN,198.2,16.55,6.1
2006-05-07 0:00,NaN,NaN,198.72,16.7,5.65
2006-05-08 0:00,NaN,NaN,199.66,9.7,2.9
2006-05-09 0:00,NaN,NaN,200.2,8.95,2.2
2006-05-10 0:00,NaN,NaN,200.63,12.4,3.85
2006-05-11 0:00,-17.66,-4.17,201.005,14.2,5.95
2006-05-12 0:00,NaN,NaN,201.5,16.1,7.25
2006-05-13 0:00,NaN,NaN,201.86,15.95,6.25
2006-05-14 0:00,NaN,NaN,202.33,18.5,8.75
2006-05-15 0:00,NaN,NaN,202.9,20.25,11.3
2006-05-16 0:00,NaN,NaN,203.64,21.2,12.2
2006-05-17 0:00,NaN,NaN,204.48,23.55,14.2
2006-05-18 0:00,NaN,NaN,205.22,15.95,13.15
2006-05-19 0:00,NaN,NaN,206.24,14.9,7.55
2006-05-20 0:00,NaN,NaN,206.93,15.9,8.3
2006-05-21 0:00,NaN,NaN,207.4,19.1,9.55
2006-05-22 0:00,NaN,NaN,207.79,14.8,8.05
2006-05-23 0:00,-20.5,-3.97,208.23,10.85,1.95
2006-05-24 0:00,NaN,NaN,208.535,12.85,3.15
2006-05-25 0:00,NaN,NaN,209.03,13.25,6.4
2006-05-26 0:00,NaN,NaN,209.03,16.05,8.9
2006-05-27 0:00,NaN,NaN,209.29,18.4,11.25
2006-05-28 0:00,NaN,NaN,209.59,19.4,12.05
2006-05-29 0:00,NaN,NaN,209.94,17.45,10.25
2006-05-30 0:00,NaN,NaN,210.28,14.35,5.7
2006-05-31 0:00,NaN,NaN,210.54,11.55,2.6
2006-06-01 0:00,NaN,NaN,210.52,10.45,2.75
2006-06-02 0:00,NaN,NaN,210.41,12.65,4.2
2006-06-03 0:00,NaN,NaN,210.23,12.6,4.2
2006-06-04 0:00,NaN,NaN,210.12,13.9,6.4
2006-06-05 0:00,NaN,NaN,210.25,16.95,8.25
2006-06-06 0:00,NaN,NaN,210.35,17.4,9.5
2006-06-07 0:00,-20.64,-3.76,210.52,18.45,10.8
2006-06-08 0:00,NaN,NaN,210.67,20.05,12.65
2006-06-09 0:00,NaN,NaN,210.85,20.15,13.4
2006-06-10 0:00,NaN,NaN,211.01,20,12
2006-06-11 0:00,NaN,NaN,211.16,21.45,12.4
2006-06-12 0:00,NaN,NaN,211.33,22.2,12.35
2006-06-13 0:00,NaN,NaN,211.22,20.7,12.6
2006-06-14 0:00,NaN,NaN,211.26,20.75,13.25
2006-06-15 0:00,NaN,NaN,211.4,21.25,13.7
2006-06-16 0:00,NaN,NaN,211.46,21.75,12.55
2006-06-17 0:00,NaN,NaN,211.7,19.45,11.85
2006-06-18 0:00,NaN,NaN,211.85,19.7,12.2
2006-06-19 0:00,NaN,NaN,212.02,21,13.05
2006-06-20 0:00,NaN,NaN,212.14,20.35,13.4
2006-06-21 0:00,-23.08,-4.39,212.23,19.3,12.8
2006-06-22 0:00,NaN,NaN,212.24,17.55,12.75
2006-06-23 0:00,NaN,NaN,212.34,22.2,14.25
2006-06-24 0:00,NaN,NaN,212.38,22.1,16.15
2006-06-25 0:00,NaN,NaN,212.43,16.9,11.85
2006-06-26 0:00,NaN,NaN,212.49,17.8,12.85
2006-06-27 0:00,NaN,NaN,212.55,20.9,13
2006-06-28 0:00,NaN,NaN,212.61,19.85,12.3
2006-06-29 0:00,NaN,NaN,212.9,19.95,11.95
2006-06-30 0:00,NaN,NaN,212.99,22.7,13
2006-07-01 0:00,NaN,NaN,213.05,23.3,14.2
2006-07-02 0:00,NaN,NaN,213.12,23.55,15.1
2006-07-03 0:00,NaN,NaN,213.18,20.75,14.2
2006-07-04 0:00,NaN,NaN,213.23,25.35,15
2006-07-05 0:00,-24.98,-4.18,213.29,18.95,12.75
2006-07-06 0:00,NaN,NaN,213.37,18.15,10.85
2006-07-07 0:00,NaN,NaN,213.43,16.95,10.95
2006-07-08 0:00,NaN,NaN,213.48,20.35,12.1
2006-07-09 0:00,NaN,NaN,213.51,20.75,13.8
2006-07-10 0:00,NaN,NaN,213.54,24.6,15.9
2006-07-11 0:00,NaN,NaN,213.56,20.05,15.15
2006-07-12 0:00,-25.99,-4.15,213.59,21.95,14.95
2006-07-13 0:00,NaN,NaN,213.63,24.35,14.45
2006-07-14 0:00,NaN,NaN,213.65,25.1,14.35
2006-07-15 0:00,NaN,NaN,213.68,25.25,14.6
2006-07-16 0:00,NaN,NaN,213.71,24.4,14.1
2006-07-17 0:00,NaN,NaN,213.76,24.9,14.05
2006-07-18 0:00,-23.89,-4.17,213.795,26.7,13.85
2006-07-19 0:00,NaN,NaN,213.82,26.05,14.45
2006-07-20 0:00,-23.8,-4.17,213.855,25.3,15.65
2006-07-21 0:00,NaN,NaN,213.87,27.45,17.1
2006-07-22 0:00,NaN,NaN,213.88,22.7,16.2
2006-07-23 0:00,NaN,NaN,213.89,24.65,15.25
2006-07-24 0:00,NaN,NaN,213.91,24.4,16
2006-07-25 0:00,NaN,NaN,213.93,24.2,16.25
2006-07-26 0:00,-25.63,-4.17,213.953,25.8,16.3
2006-07-27 0:00,NaN,NaN,213.96,21.85,15.25
2006-07-28 0:00,NaN,NaN,213.97,19.85,12.15
2006-07-29 0:00,NaN,NaN,213.97,22.45,12.95
2006-07-30 0:00,NaN,NaN,213.97,23.9,15.65
2006-07-31 0:00,NaN,NaN,213.97,21.8,15.4
2006-08-01 0:00,NaN,NaN,213.97,20.9,15.05
2006-08-02 0:00,-27.48,-4.21,213.98,21.55,13.1
2006-08-03 0:00,NaN,NaN,213.99,20.05,11.95
2006-08-04 0:00,NaN,NaN,214.02,18.7,10
2006-08-05 0:00,NaN,NaN,214.05,19.35,10.55
2006-08-06 0:00,NaN,NaN,214.05,19.2,10.05
2006-08-07 0:00,NaN,NaN,214.05,18.6,10.45
2006-08-08 0:00,NaN,NaN,214.04,20.05,10.15
2006-08-09 0:00,-23.2,-4.21,214.06,18.8,11
2006-08-10 0:00,NaN,NaN,214.05,18.25,10.9
2006-08-11 0:00,NaN,NaN,214.05,17.95,10.7
2006-08-12 0:00,NaN,NaN,214.07,17.65,8.8
2006-08-13 0:00,NaN,NaN,214.07,15.65,7.5
2006-08-14 0:00,NaN,NaN,214.07,15.45,8.3
2006-08-15 0:00,NaN,NaN,214.07,16.25,6.8
2006-08-16 0:00,NaN,NaN,214.1,16.85,9.15
2006-08-17 0:00,NaN,NaN,214.1,17.7,9.25
2006-08-18 0:00,NaN,NaN,214.12,18,8.2
2006-08-19 0:00,NaN,NaN,214.13,17.45,10.2
2006-08-20 0:00,NaN,NaN,214.12,19.1,9.95
2006-08-21 0:00,-22.41,-4.17,214.15,19.75,11.25
2006-08-22 0:00,NaN,NaN,214.15,18.65,12.5
2006-08-23 0:00,-24.9,-4.17,214.14,19.7,12.75
2006-08-24 0:00,NaN,NaN,214.17,17.4,8.45
2006-08-25 0:00,NaN,NaN,214.17,16.95,9.05
2006-08-26 0:00,NaN,NaN,214.26,16.9,9.2
2006-08-27 0:00,NaN,NaN,214.27,18.5,9.3
2006-08-28 0:00,NaN,NaN,214.31,19.3,10.95
2006-08-29 0:00,NaN,NaN,214.34,20,11.6
2006-08-30 0:00,NaN,NaN,214.35,16.7,10.3
2006-08-31 0:00,NaN,NaN,214.43,17.55,10.65
2006-09-01 0:00,NaN,NaN,214.42,20.55,13.35
2006-09-02 0:00,NaN,NaN,214.43,20.2,14.2
2006-09-03 0:00,NaN,NaN,214.42,21.6,14.8
2006-09-04 0:00,NaN,NaN,214.41,23.2,15.85
2006-09-05 0:00,NaN,NaN,214.41,24.95,16.2
2006-09-06 0:00,-27.36,-4.13,214.405,24.65,15.5
2006-09-07 0:00,NaN,NaN,214.4,23.2,14.7
2006-09-08 0:00,NaN,NaN,214.4,24,14.1
2006-09-09 0:00,NaN,NaN,214.4,23.45,13.75
2006-09-10 0:00,NaN,NaN,214.39,22.5,13.45
2006-09-11 0:00,NaN,NaN,214.39,21.1,12.1
2006-09-12 0:00,NaN,NaN,214.38,20.05,10.7
2006-09-13 0:00,-23.79,-4.18,214.4,19.6,8.8
2006-09-14 0:00,NaN,NaN,214.427,14.35,6.55
2006-09-15 0:00,NaN,NaN,214.61,16,5.1
2006-09-16 0:00,NaN,NaN,214.65,13.1,4.2
2006-09-17 0:00,NaN,NaN,215.3,17.1,7.5
2006-09-18 0:00,NaN,NaN,215.55,17.55,9.15
2006-09-19 0:00,NaN,NaN,215.62,16.95,8.9
2006-09-20 0:00,NaN,NaN,215.64,19.5,10.4
2006-09-21 0:00,NaN,NaN,215.69,19.45,10.1
2006-09-22 0:00,NaN,NaN,215.75,17.25,10.7
2006-09-23 0:00,NaN,NaN,215.81,18.1,8.8
2006-09-24 0:00,NaN,NaN,216.02,16.6,7.65
2006-09-25 0:00,NaN,NaN,216.12,16.4,6.2
2006-09-26 0:00,NaN,NaN,216.21,16.7,6.75
2006-09-27 0:00,NaN,NaN,216.26,15.65,8
2006-09-28 0:00,-19,-3.95,216.32,15.5,8.8
2006-09-29 0:00,NaN,NaN,216.41,18.75,9.9
2006-09-30 0:00,NaN,NaN,216.53,18.7,10.75
2006-10-01 0:00,NaN,NaN,216.67,19.1,12.95
2006-10-02 0:00,NaN,NaN,216.78,20.9,12.25
2006-10-03 0:00,NaN,NaN,216.92,15.9,9.3
2006-10-04 0:00,-19.97,-3.83,216.965,13.55,4.25
2006-10-05 0:00,NaN,NaN,217.07,14.5,5
2006-10-06 0:00,NaN,NaN,217.15,14.2,6.7
2006-10-07 0:00,NaN,NaN,217.2,14.1,7
2006-10-08 0:00,NaN,NaN,217.29,17.25,8.5
2006-10-09 0:00,NaN,NaN,217.33,17.95,10.4
2006-10-10 0:00,-18.23,-3.72,217.38,17.05,10.6
2006-10-11 0:00,NaN,NaN,217.39,18.1,9
2006-10-12 0:00,-17.83,-3.72,217.425,11.95,2.3
2006-10-13 0:00,NaN,NaN,217.54,14.4,7.2
2006-10-14 0:00,NaN,NaN,217.65,16,7.45
2006-10-15 0:00,NaN,NaN,217.75,15.45,7.1
2006-10-16 0:00,NaN,NaN,217.83,16.35,6.95
2006-10-17 0:00,NaN,NaN,217.94,16,6.4
2006-10-18 0:00,-16.22,-3.57,218.015,20.8,6.15
2006-10-19 0:00,NaN,NaN,218.18,16.9,6.95
2006-10-20 0:00,NaN,NaN,218.24,14.15,6.5
2006-10-21 0:00,NaN,NaN,218.35,15.6,7.6
2006-10-22 0:00,NaN,NaN,218.42,16.05,6.65
2006-10-23 0:00,NaN,NaN,218.5,17.7,10.05
2006-10-24 0:00,NaN,NaN,218.54,12.7,7.6
2006-10-25 0:00,-14.81,NaN,218.6,18.9,10.15
2006-10-26 0:00,NaN,NaN,218.66,21.2,11.95
2006-10-27 0:00,NaN,NaN,218.67,17.45,11.5
2006-10-28 0:00,NaN,NaN,218.75,18.55,12.75
2006-10-29 0:00,NaN,NaN,218.77,16.55,11.7
2006-10-30 0:00,NaN,NaN,218.82,16.45,10.75
2006-10-31 0:00,NaN,NaN,218.8,14.95,8.7
2006-11-01 0:00,-18.87,-3.31,218.82,12.8,7.8
2006-11-02 0:00,NaN,NaN,218.86,8.8,3.65
2006-11-03 0:00,NaN,NaN,218.88,5.95,2.4
2006-11-04 0:00,NaN,NaN,218.9,6.7,1.95
2006-11-05 0:00,NaN,NaN,218.94,10.05,4.35
2006-11-06 0:00,NaN,NaN,218.96,10.35,4.75
2006-11-07 0:00,NaN,NaN,218.98,10.25,4.6
2006-11-08 0:00,-16.64,-3.22,218.98,11.85,5.65
2006-11-09 0:00,NaN,NaN,219.01,12.45,6.65
2006-11-10 0:00,NaN,NaN,219.03,12.55,6.9
2006-11-11 0:00,NaN,NaN,219.05,10.55,4.8
2006-11-12 0:00,NaN,NaN,219.14,13.05,2.9
2006-11-13 0:00,NaN,NaN,219.14,10.4,5.3
2006-11-14 0:00,NaN,NaN,219.17,10.7,6.7
2006-11-15 0:00,NaN,NaN,219.2,12.85,6.1
2006-11-16 0:00,NaN,NaN,219.2,17.95,3.7
2006-11-17 0:00,NaN,NaN,219.26,11.85,1.95
2006-11-18 0:00,NaN,NaN,219.31,10.5,2.7
2006-11-19 0:00,NaN,NaN,219.35,11.4,4.05
2006-11-20 0:00,NaN,NaN,219.38,10.45,3.1
2006-11-21 0:00,NaN,NaN,219.4,10.4,0.5
2006-11-22 0:00,-10.12,-2.93,219.47,11.4,2.05
2006-11-23 0:00,NaN,NaN,219.5,15.05,5.9
2006-11-24 0:00,NaN,NaN,219.58,14.65,3.1
2006-11-25 0:00,NaN,NaN,219.72,18.35,7.6
2006-11-26 0:00,NaN,NaN,219.81,12.45,6.45
2006-11-27 0:00,NaN,NaN,219.89,12.45,5.9
2006-11-28 0:00,NaN,NaN,219.94,7.8,3.1
2006-11-29 0:00,-8.63,-2.74,219.97,9.5,1.15
2006-11-30 0:00,NaN,NaN,220.02,7.15,0.25
2006-12-01 0:00,NaN,NaN,220.06,6.2,1.45
2006-12-02 0:00,NaN,NaN,220.09,6.65,2.3
2006-12-03 0:00,NaN,NaN,220.1,8.1,2.95
2006-12-04 0:00,NaN,NaN,220.15,13.3,4
2006-12-05 0:00,NaN,NaN,220.2,12.25,3.5
2006-12-06 0:00,NaN,NaN,220.23,7.8,-1.15
2006-12-07 0:00,NaN,NaN,220.25,6.25,0.6
2006-12-08 0:00,NaN,NaN,220.24,6.65,-0.05
2006-12-09 0:00,NaN,NaN,220.25,5.75,-2.8
2006-12-10 0:00,NaN,NaN,220.25,5.45,-1.8
2006-12-11 0:00,NaN,NaN,220.25,4.15,-2.6
2006-12-12 0:00,NaN,NaN,220.28,4.9,-0.75
2006-12-13 0:00,NaN,NaN,220.31,5.25,0.5
2006-12-14 0:00,-5.81,-2.33,220.32,5.3,2.15
2006-12-15 0:00,NaN,NaN,220.34,7.6,1.15
2006-12-16 0:00,NaN,NaN,220.35,8,2.3
2006-12-17 0:00,NaN,NaN,220.36,5.1,-0.05
2006-12-18 0:00,NaN,NaN,220.38,1.15,-4.3
2006-12-19 0:00,NaN,NaN,220.38,1.55,-4.7
2006-12-20 0:00,NaN,NaN,220.41,1.15,-4.95
2006-12-21 0:00,-3.37,-2.11,220.415,-0.15,-3.05
2006-12-22 0:00,NaN,NaN,220.42,2.1,-4.55
2006-12-23 0:00,NaN,NaN,220.45,0.25,-1.95
2006-12-24 0:00,NaN,NaN,220.48,-1,-1.7
2006-12-25 0:00,NaN,NaN,220.48,-2.7,-0.35
2006-12-26 0:00,NaN,NaN,220.5,1.8,0.5
2006-12-27 0:00,-3.69,-1.95,220.5,6.95,0.75
2006-12-28 0:00,NaN,NaN,220.5,6.55,0.6
2006-12-29 0:00,NaN,NaN,220.51,5.7,0.7
2006-12-30 0:00,NaN,NaN,220.52,7.35,1.65
2006-12-31 0:00,NaN,NaN,220.53,10.6,4.15
2007-01-01 0:00,NaN,NaN,220.54,9.4,1.85
2007-01-02 0:00,NaN,NaN,220.57,9.05,0.5
2007-01-03 0:00,-4.53,NaN,220.56,7.45,1.8
2007-01-04 0:00,NaN,NaN,220.52,6.05,1.2
2007-01-05 0:00,NaN,NaN,220.53,7.25,2.1
2007-01-06 0:00,NaN,NaN,220.52,8.3,1.75
2007-01-07 0:00,NaN,NaN,220.53,8.85,1.8
2007-01-08 0:00,NaN,NaN,220.54,8.65,-1.1
2007-01-09 0:00,NaN,NaN,220.54,12.3,4.5
2007-01-10 0:00,-6.52,-1.79,220.545,9.1,4.6
2007-01-11 0:00,NaN,NaN,220.54,8.95,1.95
2007-01-12 0:00,NaN,NaN,220.54,9,4.3
2007-01-13 0:00,NaN,NaN,220.56,10.35,6.7
2007-01-14 0:00,NaN,NaN,220.56,8.55,3.65
2007-01-15 0:00,NaN,NaN,220.58,7.75,4.5
2007-01-16 0:00,NaN,NaN,220.6,7.45,1.4
2007-01-17 0:00,-7.94,-1.73,220.597,9.85,2.3
2007-01-18 0:00,NaN,NaN,220.61,12.35,3
2007-01-19 0:00,NaN,NaN,220.61,9.85,5.85
2007-01-20 0:00,NaN,NaN,220.62,10.05,6.25
2007-01-21 0:00,NaN,NaN,220.63,6.15,2.1
2007-01-22 0:00,NaN,NaN,220.64,3.95,-0.05
2007-01-23 0:00,NaN,NaN,220.65,2.7,-5.4
2007-01-24 0:00,-4.2,-1.61,220.66,0.2,-7.8
2007-01-25 0:00,NaN,NaN,220.67,-0.45,-7.2
2007-01-26 0:00,NaN,NaN,220.67,-1.4,-7.2
2007-01-27 0:00,NaN,NaN,220.65,-1.65,-6
2007-01-28 0:00,NaN,NaN,220.65,0.55,-1.05
2007-01-29 0:00,NaN,NaN,220.66,3.3,0.85
2007-01-30 0:00,NaN,NaN,220.6,3,0.05
2007-01-31 0:00,-5.02,-1.58,220.355,4.1,-0.2
2007-02-01 0:00,NaN,NaN,220.04,3.75,-0.5
2007-02-02 0:00,NaN,NaN,220.05,3.45,0.3
2007-02-03 0:00,NaN,NaN,220.05,5.4,1.85
2007-02-04 0:00,NaN,NaN,220.05,4.7,0.35
2007-02-05 0:00,NaN,NaN,220.05,5.55,-2
2007-02-06 0:00,NaN,NaN,219.98,7,-2.15
2007-02-07 0:00,NaN,NaN,219.97,7.25,-1.05
2007-02-08 0:00,NaN,NaN,219.94,7.05,-3.45
2007-02-09 0:00,NaN,NaN,219.9,5.75,-2.65
2007-02-10 0:00,NaN,NaN,219.88,6.6,-3.1
2007-02-11 0:00,-3.35,-1.54,219.89,11.85,2.65
2007-02-12 0:00,NaN,NaN,219.89,8.75,-0.1
2007-02-13 0:00,NaN,NaN,219.85,7.45,0.25
2007-02-14 0:00,NaN,NaN,219.88,11.05,0.9
2007-02-15 0:00,NaN,NaN,219.89,8.35,2.45
2007-02-16 0:00,NaN,NaN,219.89,13.9,4.75
2007-02-17 0:00,NaN,NaN,219.87,12.7,-0.25
2007-02-18 0:00,NaN,NaN,219.92,6.45,-3.15
2007-02-19 0:00,NaN,NaN,219.94,8.55,-0.15
2007-02-20 0:00,NaN,NaN,219.95,7.55,0.05
2007-02-21 0:00,NaN,NaN,219.96,7.25,0.4
2007-02-22 0:00,NaN,NaN,219.96,6.35,0.5
2007-02-23 0:00,NaN,NaN,219.97,9.25,0.1
2007-02-24 0:00,NaN,NaN,219.97,9.8,-0.35
2007-02-25 0:00,NaN,NaN,219.97,8.75,-1.6
2007-02-26 0:00,NaN,NaN,220.01,8.3,-2.35
2007-02-27 0:00,NaN,NaN,220.025,11.7,1.7
2007-02-28 0:00,-4.95,-1.51,220.01,9.45,2.05
2007-03-01 0:00,NaN,NaN,220.02,10.35,2.4
2007-03-02 0:00,NaN,NaN,220.02,11.5,3.7
2007-03-03 0:00,NaN,NaN,220.03,12.55,5.6
2007-03-04 0:00,NaN,NaN,220.08,13.9,6.05
2007-03-05 0:00,NaN,NaN,220.14,10.2,1.5
2007-03-06 0:00,NaN,NaN,220.18,9.35,1.2
2007-03-07 0:00,NaN,NaN,220.2,10.6,-1.2
2007-03-08 0:00,NaN,NaN,220.24,8.25,-3.35
2007-03-09 0:00,NaN,NaN,220.27,5.4,-2.25
2007-03-10 0:00,NaN,NaN,220.35,8.7,-2.35
2007-03-11 0:00,NaN,NaN,220.34,7.5,-0.65
2007-03-12 0:00,NaN,NaN,220.36,7.85,-0.45
2007-03-13 0:00,-6.07,-1.42,220.36,8.85,1.05
2007-03-14 0:00,NaN,NaN,220.37,9.45,2.15
2007-03-15 0:00,NaN,NaN,220.28,10.9,1.4
2007-03-16 0:00,NaN,NaN,220.3,11.4,1.4
2007-03-17 0:00,NaN,NaN,220.26,8.05,0.55
2007-03-18 0:00,NaN,NaN,220.26,10.4,1.05
2007-03-19 0:00,NaN,NaN,220.28,3.2,-4.45
2007-03-20 0:00,NaN,NaN,220.34,2.1,-10.15
2007-03-21 0:00,NaN,NaN,220.31,2.1,-8.75
2007-03-22 0:00,NaN,NaN,220.29,3.1,-7.95
2007-03-23 0:00,NaN,NaN,220.28,5.2,-5.5
2007-03-24 0:00,NaN,NaN,220.33,3.8,-5.6
2007-03-25 0:00,NaN,NaN,220.27,4.75,-4.95
2007-03-26 0:00,NaN,NaN,220.22,8.25,-2.4
2007-03-27 0:00,NaN,NaN,220.15,9.65,-0.8
2007-03-28 0:00,NaN,NaN,220.06,7.25,-1.7
2007-03-29 0:00,NaN,NaN,219.95,7.95,-1.6
2007-03-30 0:00,-3.32,-1.32,219.675,5.65,-1.85
2007-03-31 0:00,NaN,NaN,219.32,6.25,-2.3
2007-04-01 0:00,NaN,NaN,218.88,8.55,-1
2007-04-02 0:00,NaN,NaN,218.6,11.4,0.95
2007-04-03 0:00,NaN,NaN,218.21,9.85,-1.6
2007-04-04 0:00,-5.31,-1.53,217.99,6.1,-2.85
2007-04-05 0:00,NaN,NaN,217.67,3.7,-4.1
2007-04-06 0:00,NaN,NaN,217.46,9.5,1
2007-04-07 0:00,NaN,NaN,217.28,11.5,1.6
2007-04-08 0:00,NaN,NaN,217.23,11.7,1.9
2007-04-09 0:00,NaN,NaN,217.2,10.95,0.75
2007-04-10 0:00,NaN,NaN,217.21,12.2,1.25
2007-04-11 0:00,-8.33,-1.71,217.245,11.95,3.4
2007-04-12 0:00,NaN,NaN,216.98,12.15,2.1
2007-04-13 0:00,NaN,NaN,216.98,11.1,1.35
2007-04-14 0:00,NaN,NaN,217,11.45,1.25
2007-04-15 0:00,NaN,NaN,217.03,14.6,4.4
2007-04-16 0:00,NaN,NaN,217.08,14.85,4.5
2007-04-17 0:00,NaN,NaN,217,15.2,5.8
2007-04-18 0:00,NaN,NaN,217.3,15.25,5.5
2007-04-19 0:00,NaN,NaN,217.6,16.5,5.8
2007-04-20 0:00,NaN,NaN,217.93,15.9,7
2007-04-21 0:00,NaN,NaN,218.27,16.25,5.95
2007-04-22 0:00,NaN,NaN,218.61,17.3,7.45
2007-04-23 0:00,NaN,NaN,219.03,17.3,8.25
2007-04-24 0:00,NaN,NaN,219.34,19.45,9.15
2007-04-25 0:00,NaN,NaN,219.74,16.6,8.25
2007-04-26 0:00,NaN,NaN,220.25,16.35,6.15
2007-04-27 0:00,-12.9,-1.6,220.49,16.8,5.45
2007-04-28 0:00,NaN,NaN,220.74,16.15,4.15
2007-04-29 0:00,NaN,NaN,221.03,15.2,3.65
2007-04-30 0:00,NaN,NaN,221.24,14.25,4.45
2007-05-01 0:00,NaN,NaN,221.48,8.6,-0.6
2007-05-02 0:00,NaN,NaN,221.73,10.7,-1.25
2007-05-03 0:00,NaN,NaN,221.87,11.85,0.95
2007-05-04 0:00,NaN,NaN,221.85,13,0.3
2007-05-05 0:00,NaN,NaN,221.85,12.45,0.95
2007-05-06 0:00,NaN,NaN,221.93,13.15,2.05
2007-05-07 0:00,-7.22,-1.14,221.96,11.3,3.05
2007-05-08 0:00,NaN,NaN,221.91,14.3,7.4
2007-05-09 0:00,NaN,NaN,222.09,16.1,8.05
2007-05-10 0:00,NaN,NaN,222.23,20.15,9.5
2007-05-11 0:00,NaN,NaN,222.46,17,9.85
2007-05-12 0:00,NaN,NaN,222.83,18.55,9.6
2007-05-13 0:00,NaN,NaN,223.48,20.75,9.75
2007-05-14 0:00,NaN,NaN,224.14,11.5,2.35
2007-05-15 0:00,NaN,NaN,224.63,12.85,2.35
2007-05-16 0:00,NaN,NaN,224.8,13.05,3.5
2007-05-17 0:00,NaN,NaN,224.99,13.9,5.75
2007-05-18 0:00,NaN,NaN,225.65,16.6,11.2
2007-05-19 0:00,NaN,NaN,226.35,15.7,8.85
2007-05-20 0:00,NaN,NaN,226.85,17.75,9.85
2007-05-21 0:00,-7.94,0.23,227.455,14.6,9.35
2007-05-22 0:00,NaN,NaN,227.99,18.15,10.8
2007-05-23 0:00,NaN,NaN,228.41,18.4,10.9
2007-05-24 0:00,NaN,NaN,228.75,21.65,12
2007-05-25 0:00,NaN,NaN,229.07,15.95,9.95
2007-05-26 0:00,NaN,NaN,229.32,13.8,5.35
2007-05-27 0:00,NaN,NaN,229.72,14.5,4.2
2007-05-28 0:00,NaN,NaN,230.01,10.2,-0.9
2007-05-29 0:00,NaN,NaN,230.21,11.5,2.15
2007-05-30 0:00,NaN,NaN,230.38,17.7,7.2
2007-05-31 0:00,NaN,NaN,230.48,15.1,6.1
2007-06-01 0:00,NaN,NaN,230.53,13.2,3.65
2007-06-02 0:00,NaN,NaN,230.73,12.35,3.4
2007-06-03 0:00,NaN,NaN,230.89,17.45,5.65
2007-06-04 0:00,NaN,NaN,231.04,14.35,6.05
2007-06-05 0:00,NaN,NaN,231.14,15.6,4.6
2007-06-06 0:00,1.12,1.7,231.405,16.95,6.3
2007-06-07 0:00,NaN,NaN,231.63,18.5,8.05
2007-06-08 0:00,NaN,NaN,231.85,20.25,10.9
2007-06-09 0:00,NaN,NaN,232.04,21.6,12.2
2007-06-10 0:00,NaN,NaN,232.35,21.35,11.9
2007-06-11 0:00,NaN,NaN,232.62,18.25,10.8
2007-06-12 0:00,0.46,2.08,232.885,20.25,11.1
2007-06-13 0:00,NaN,NaN,233.05,20.5,12.4
2007-06-14 0:00,NaN,NaN,233.03,21.5,11.55
2007-06-15 0:00,NaN,NaN,233.1,18.05,9.8
2007-06-16 0:00,NaN,NaN,233.18,18.25,9.1
2007-06-17 0:00,NaN,NaN,233.32,20.05,10.7
2007-06-18 0:00,0.74,2.2,233.43,19.9,10
2007-06-19 0:00,NaN,NaN,233.505,23.1,13.1
2007-06-20 0:00,NaN,NaN,233.52,20.25,12.7
2007-06-21 0:00,NaN,NaN,233.5,16.3,9.95
2007-06-22 0:00,NaN,NaN,233.42,16.75,8.85
2007-06-23 0:00,NaN,NaN,233.38,16.45,9.65
2007-06-24 0:00,NaN,NaN,233.39,19.25,13.15
2007-06-25 0:00,-1.87,2.22,233.46,14.85,10.65
2007-06-26 0:00,NaN,NaN,233.52,13.95,6.75
2007-06-27 0:00,NaN,NaN,233.58,14.8,6.9
2007-06-28 0:00,NaN,NaN,233.59,17.4,8.8
2007-06-29 0:00,NaN,NaN,233.62,14.7,10.7
2007-06-30 0:00,NaN,NaN,233.35,21.85,13.3
2007-07-01 0:00,NaN,NaN,233.37,18.35,12.35
2007-07-02 0:00,NaN,NaN,233.39,16.85,9.7
2007-07-03 0:00,-2.21,2.22,233.33,16.35,10.6
2007-07-04 0:00,NaN,NaN,233.35,17.6,9.35
2007-07-05 0:00,NaN,NaN,233.33,14.8,8.3
2007-07-06 0:00,NaN,NaN,233.35,18.7,12.5
2007-07-07 0:00,NaN,NaN,233.39,21.5,13.75
2007-07-08 0:00,NaN,NaN,233.41,18,14.8
2007-07-09 0:00,NaN,NaN,233.44,15.5,7.85
2007-07-10 0:00,-1.38,2.17,233.48,13.9,5.75
2007-07-11 0:00,NaN,NaN,233.5,17.15,7.2
2007-07-12 0:00,NaN,NaN,233.53,19.3,9.45
2007-07-13 0:00,NaN,NaN,233.55,21.4,12.7
2007-07-14 0:00,NaN,NaN,233.56,22.25,14.95
2007-07-15 0:00,NaN,NaN,233.58,24.5,14.8
2007-07-16 0:00,-3.73,2.17,233.59,22.55,14.55
2007-07-17 0:00,NaN,NaN,233.61,22.9,13.75
2007-07-18 0:00,NaN,NaN,233.6,19.2,13.9
2007-07-19 0:00,NaN,NaN,233.62,20.4,14.95
2007-07-20 0:00,NaN,NaN,233.56,15.15,10.5
2007-07-21 0:00,NaN,NaN,233.56,14.35,8.6
2007-07-22 0:00,NaN,NaN,233.57,18.95,10.35
2007-07-23 0:00,-3.16,2.14,233.585,19.5,13.05
2007-07-24 0:00,NaN,NaN,233.58,18.6,11.05
2007-07-25 0:00,NaN,NaN,233.56,17.75,11.5
2007-07-26 0:00,NaN,NaN,233.54,20.1,14.65
2007-07-27 0:00,NaN,NaN,233.49,21.85,14.75
2007-07-28 0:00,NaN,NaN,233.49,21.45,14.45
2007-07-29 0:00,NaN,NaN,233.49,21.4,14.2
2007-07-30 0:00,-6.97,2.04,233.5,20.2,13.05
2007-07-31 0:00,NaN,NaN,233.49,21.1,13.25
2007-08-01 0:00,NaN,NaN,233.5,21.8,16.8
2007-08-02 0:00,NaN,NaN,233.49,18.9,13.45
2007-08-03 0:00,NaN,NaN,233.49,18.45,13.45
2007-08-04 0:00,NaN,NaN,233.49,21.1,15.15
2007-08-05 0:00,NaN,NaN,233.49,25.6,17.7
2007-08-06 0:00,-9.89,1.91,233.505,18.4,13.35
2007-08-07 0:00,NaN,NaN,233.51,14.2,8
2007-08-08 0:00,NaN,NaN,233.52,16.5,7.95
2007-08-09 0:00,NaN,NaN,233.53,17.7,8.95
2007-08-10 0:00,NaN,NaN,233.52,16.8,9.3
2007-08-11 0:00,NaN,NaN,233.53,17.95,11.55
2007-08-12 0:00,NaN,NaN,233.53,18.95,11.4
2007-08-13 0:00,NaN,NaN,233.55,18.65,11.85
2007-08-14 0:00,-4.99,1.92,233.557,22.2,13.7
2007-08-15 0:00,NaN,NaN,233.56,24.7,15.45
2007-08-16 0:00,NaN,NaN,233.56,16.3,8.95
2007-08-17 0:00,NaN,NaN,233.53,15.8,7.95
2007-08-18 0:00,NaN,NaN,233.52,16.85,10.65
2007-08-19 0:00,NaN,NaN,233.52,15.35,7.65
2007-08-20 0:00,-4.73,1.88,233.53,16.45,8.1
2007-08-21 0:00,NaN,NaN,233.54,12.7,5.65
2007-08-22 0:00,NaN,NaN,233.55,13.95,4.9
2007-08-23 0:00,NaN,NaN,233.51,17.05,6.65
2007-08-24 0:00,NaN,NaN,233.54,18,9.25
2007-08-25 0:00,NaN,NaN,233.54,18.95,13.05
2007-08-26 0:00,NaN,NaN,233.55,24,17.5
2007-08-27 0:00,NaN,NaN,233.55,25.1,18.5
2007-08-28 0:00,-5.97,1.94,233.563,25.2,18.35
2007-08-29 0:00,NaN,NaN,233.47,21.65,16.3
2007-08-30 0:00,NaN,NaN,233.45,17.15,9.2
2007-08-31 0:00,NaN,NaN,233.44,15,7.95
2007-09-01 0:00,NaN,NaN,233.44,16.05,9.8
2007-09-02 0:00,NaN,NaN,233.4,17,11.3
2007-09-03 0:00,-5.96,1.89,233.42,15.75,9.85
2007-09-04 0:00,NaN,NaN,233.42,16.35,9.1
2007-09-05 0:00,NaN,NaN,233.4,13.15,7.4
2007-09-06 0:00,NaN,NaN,233.4,14.45,8.75
2007-09-07 0:00,NaN,NaN,233.39,15.2,9.45
2007-09-08 0:00,NaN,NaN,233.38,16.05,9.6
2007-09-09 0:00,NaN,NaN,233.37,17.5,10.95
2007-09-10 0:00,-5.9,1.86,233.375,16.4,10.35
2007-09-11 0:00,NaN,NaN,233.37,16.35,10.6
2007-09-12 0:00,NaN,NaN,233.37,17.1,11.15
2007-09-13 0:00,NaN,NaN,233.23,18.25,12.25
2007-09-14 0:00,NaN,NaN,233.09,16.9,11.05
2007-09-15 0:00,NaN,NaN,233.09,19.25,10.95
2007-09-16 0:00,NaN,NaN,233.09,20.15,11.85
2007-09-17 0:00,-5.17,1.78,233.09,20.45,11.65
2007-09-18 0:00,NaN,NaN,233.07,14.45,7.45
2007-09-19 0:00,NaN,NaN,233.09,14.4,6.45
2007-09-20 0:00,NaN,NaN,233.08,14.65,8.15
2007-09-21 0:00,NaN,NaN,233.09,17.8,10
2007-09-22 0:00,NaN,NaN,233.09,17.55,9.75
2007-09-23 0:00,NaN,NaN,233.11,16.55,9.15
2007-09-24 0:00,NaN,NaN,233.11,17.35,10.5
2007-09-25 0:00,NaN,NaN,233.03,12.85,5.6
2007-09-26 0:00,NaN,NaN,232.85,12.15,2.25
2007-09-27 0:00,0.08,1.86,232.885,8.35,-1.2
2007-09-28 0:00,NaN,NaN,232.87,9.7,1.85
2007-09-29 0:00,NaN,NaN,232.88,11.5,5.8
2007-09-30 0:00,NaN,NaN,232.87,16.8,9.8
2007-10-01 0:00,-0.36,1.89,232.87,18.95,11.85
2007-10-02 0:00,NaN,NaN,232.83,18.95,12.4
2007-10-03 0:00,NaN,NaN,232.84,16.35,9.4
2007-10-04 0:00,NaN,NaN,232.85,18.65,10.2
2007-10-05 0:00,NaN,NaN,232.88,18.1,8.35
2007-10-06 0:00,NaN,NaN,232.9,16.85,8
2007-10-07 0:00,NaN,NaN,232.94,17.2,8.35
2007-10-08 0:00,NaN,NaN,232.97,16.1,7.1
2007-10-09 0:00,NaN,NaN,233.01,15.8,6.25
2007-10-10 0:00,1.68,1.98,233.045,13.4,5.05
2007-10-11 0:00,NaN,NaN,233.105,12.35,5.8
2007-10-12 0:00,NaN,NaN,233.13,13.8,5.6
2007-10-13 0:00,NaN,NaN,233.19,12.65,6.65
2007-10-14 0:00,NaN,NaN,233.26,13.9,7.8
2007-10-15 0:00,0.5,2.05,233.295,14.1,7.15
2007-10-16 0:00,NaN,NaN,233.33,14.8,6.9
2007-10-17 0:00,NaN,NaN,233.34,14.25,6.75
2007-10-18 0:00,NaN,NaN,233.36,13.9,6.55
2007-10-19 0:00,NaN,NaN,233.39,11.9,6.05
2007-10-20 0:00,NaN,NaN,233.4,8.45,4.3
2007-10-21 0:00,NaN,NaN,233.41,6.85,2.45
2007-10-22 0:00,2.4,2.12,233.41,8.3,4.3
2007-10-23 0:00,3.64,2.13,233.42,9,5
2007-10-24 0:00,NaN,NaN,233.42,8.4,3.8
2007-10-25 0:00,NaN,NaN,233.41,7.25,-0.4
2007-10-26 0:00,NaN,NaN,233.39,7.8,-1.2
2007-10-27 0:00,NaN,NaN,233.36,11.25,3.45
2007-10-28 0:00,NaN,NaN,233.38,10.45,4.7
2007-10-29 0:00,4.21,2.23,233.38,9.6,3.4
2007-10-30 0:00,NaN,NaN,233.41,9.55,-0.4
2007-10-31 0:00,NaN,NaN,233.46,9.4,1.15
2007-11-01 0:00,NaN,NaN,233.45,6.2,4.2
2007-11-02 0:00,NaN,NaN,233.47,7,4.5
2007-11-03 0:00,NaN,NaN,233.48,7.85,5.6
2007-11-04 0:00,NaN,NaN,233.51,7.5,5.65
2007-11-05 0:00,4.28,2.32,233.54,9.25,5.15
2007-11-06 0:00,NaN,NaN,233.57,8.2,3.65
2007-11-07 0:00,NaN,NaN,233.58,6.7,3.9
2007-11-08 0:00,4.96,2.33,233.585,4.65,4.75
2007-11-09 0:00,NaN,NaN,233.6,8.45,2.95
2007-11-10 0:00,NaN,NaN,233.61,7.65,2.4
2007-11-11 0:00,NaN,NaN,233.62,4.5,3.85
2007-11-12 0:00,5.5,2.42,233.615,7.45,1.85
2007-11-13 0:00,NaN,NaN,233.63,8.8,1.35
2007-11-14 0:00,NaN,NaN,233.51,7.7,-1.7
2007-11-15 0:00,NaN,NaN,233.47,3.35,-6.2
2007-11-16 0:00,NaN,NaN,233.44,0.45,-6.7
2007-11-17 0:00,NaN,NaN,233.4,-0.6,-3.95
2007-11-18 0:00,NaN,NaN,233.39,2.9,-0.2
2007-11-19 0:00,9.7,2.63,233.395,7.85,1.5
2007-11-20 0:00,NaN,NaN,233.41,13.8,2.95
2007-11-21 0:00,NaN,NaN,233.4,10.95,3.9
2007-11-22 0:00,NaN,NaN,233.48,6.45,0.95
2007-11-23 0:00,NaN,NaN,233.51,8.55,0.2
2007-11-24 0:00,NaN,NaN,233.53,6.1,-0.5
2007-11-25 0:00,NaN,NaN,233.55,6.25,-0.55
2007-11-26 0:00,11.57,2.88,233.575,7.3,0.45
2007-11-27 0:00,NaN,NaN,233.58,5.35,-0.45
2007-11-28 0:00,NaN,NaN,233.58,3.05,0.1
2007-11-29 0:00,NaN,NaN,233.57,5.35,-0.35
2007-11-30 0:00,NaN,NaN,233.55,7.2,1.15
2007-12-01 0:00,NaN,NaN,233.57,6.75,2.6
2007-12-02 0:00,NaN,NaN,233.57,8.45,0.9
2007-12-03 0:00,9.72,3.01,233.58,8.2,1.7
2007-12-04 0:00,NaN,NaN,233.64,11.3,1.95
2007-12-05 0:00,NaN,NaN,233.65,9.9,4.45
2007-12-06 0:00,NaN,NaN,233.66,9.65,3.3
2007-12-07 0:00,NaN,NaN,233.64,8.85,2.25
2007-12-08 0:00,NaN,NaN,233.66,9.4,1.55
2007-12-09 0:00,NaN,NaN,233.75,10.55,2.05
2007-12-10 0:00,11.49,3.22,233.82,6.15,-2.25
2007-12-11 0:00,NaN,NaN,233.89,6,-4.05
2007-12-12 0:00,NaN,NaN,233.89,2,-3.75
2007-12-13 0:00,NaN,NaN,233.85,0.05,-4.45
2007-12-14 0:00,NaN,NaN,233.85,0.25,-2.45
2007-12-15 0:00,NaN,NaN,233.88,-2.2,-3.15
2007-12-16 0:00,NaN,NaN,233.88,0.45,-6
2007-12-17 0:00,14.46,3.46,233.89,0.4,-6.8
2007-12-18 0:00,NaN,NaN,233.89,3.8,-3.65
2007-12-19 0:00,NaN,NaN,233.89,3.45,-2.65
2007-12-20 0:00,NaN,NaN,233.9,2.3,-2.75
2007-12-21 0:00,15.95,3.58,233.91,5.9,0.15
2007-12-22 0:00,15.34,3.6,233.915,7.95,0.5
2007-12-23 0:00,15.1,3.61,233.92,4.5,0.45
2007-12-24 0:00,14.695,3.62,233.927,3.85,-0.4
2007-12-25 0:00,14.57,3.63,233.93,6.05,0.75
2007-12-26 0:00,14.38,3.64,233.935,4.25,-0.75
2007-12-27 0:00,15.18,3.66,233.935,3.85,-1.7
2007-12-28 0:00,14.81,3.68,233.95,3.15,-0.45
2007-12-29 0:00,14.96,3.7,233.96,4.7,-2.65
2007-12-30 0:00,15.13,3.71,233.97,5.9,-0.55
2007-12-31 0:00,14.8,3.72,233.98,2.9,-0.75
2008-01-01 0:00,14.93,3.74,233.98,2.05,-0.65
2008-01-02 0:00,14.59,3.74,233.99,1.85,-1.15
2008-01-03 0:00,14.81,3.76,233.95,6.8,-2.9
2008-01-04 0:00,15.93,3.77,233.89,7.55,-1.5
2008-01-05 0:00,15.26,3.78,233.89,8.25,-0.8
2008-01-06 0:00,14.5,3.78,233.895,12.75,2.35
2008-01-07 0:00,13.8,3.79,234,6.45,3.5
2008-01-08 0:00,13.31,3.8,234.025,9.25,2.5
2008-01-09 0:00,13.07,3.79,234.04,8.65,1.4
2008-01-10 0:00,13.2,3.81,234.05,9.1,2.3
2008-01-11 0:00,13.71,3.82,234.07,9.45,0.6
2008-01-12 0:00,14.4,3.84,234.09,5.95,-4.1
2008-01-13 0:00,15.45,3.87,234.12,7.35,-1.8
2008-01-14 0:00,NaN,NaN,234.15,7.1,-0.1
2008-01-15 0:00,15.16,3.9,234.095,5.1,-2.65
2008-01-16 0:00,15.35,3.9,234.06,6.4,-2
2008-01-17 0:00,15.44,3.9,233.985,8.8,-0.95
2008-01-18 0:00,14.61,3.9,233.915,11.75,3.05
2008-01-19 0:00,14.34,3.9,233.96,10.6,3.1
2008-01-20 0:00,13.04,3.9,234,8.65,4.75
2008-01-21 0:00,13.84,3.91,233.995,7.9,5.55
2008-01-22 0:00,12.53,3.9,233.915,7.2,3.4
2008-01-23 0:00,13.15,3.9,233.905,8.85,3.45
2008-01-24 0:00,12.31,3.89,233.845,6.95,3
2008-01-25 0:00,12.05,3.88,233.705,8.8,1.55
2008-01-26 0:00,12.24,3.88,233.65,6.55,2.45
2008-01-27 0:00,11.56,3.85,233.365,7.9,2.95
2008-01-28 0:00,10.83,3.82,233.135,6,4.2
2008-01-29 0:00,NaN,NaN,232.76,1.05,3.25
2008-01-30 0:00,NaN,NaN,232.52,2.8,0.7
2008-01-31 0:00,NaN,NaN,232.14,4.05,0.1
2008-02-01 0:00,NaN,NaN,231.85,5.2,-2.35
2008-02-02 0:00,NaN,NaN,231.53,5.7,-2.9
2008-02-03 0:00,NaN,NaN,231.41,4.2,-4.65
2008-02-04 0:00,10.61,3.58,231.38,6.3,-3.8
2008-02-05 0:00,NaN,NaN,231.09,8.3,-0.8
2008-02-06 0:00,NaN,NaN,230.83,8.6,1.85
2008-02-07 0:00,NaN,NaN,230.54,11.15,3.2
2008-02-08 0:00,NaN,NaN,230.31,10,3.65
2008-02-09 0:00,NaN,NaN,230.1,7.5,1.55
2008-02-10 0:00,NaN,NaN,230.1,7.7,1.4
2008-02-11 0:00,7.12,3.29,230.105,6.6,-0.5
2008-02-12 0:00,NaN,NaN,230.07,6.3,-1.45
2008-02-13 0:00,NaN,NaN,229.9,5.85,-2.15
2008-02-14 0:00,NaN,NaN,229.86,5.05,-1.75
2008-02-15 0:00,NaN,NaN,229.67,5.9,-1.2
2008-02-16 0:00,NaN,NaN,229.38,6.25,-0.75
2008-02-17 0:00,NaN,NaN,229.15,8,-1.25
2008-02-18 0:00,NaN,NaN,228.95,5.1,-1.4
2008-02-19 0:00,NaN,NaN,228.69,10.4,1.25
2008-02-20 0:00,NaN,NaN,228.46,9.1,2
2008-02-21 0:00,NaN,NaN,228.31,12,2.65
2008-02-22 0:00,NaN,NaN,228.16,10.25,2.5
2008-02-23 0:00,NaN,NaN,228.02,10.55,3.8
2008-02-24 0:00,NaN,NaN,227.84,9.85,3.3
2008-02-25 0:00,3.11,2.77,227.69,9.95,2.75
2008-02-26 0:00,NaN,NaN,227.465,13.6,3
2008-02-27 0:00,NaN,NaN,227.25,13.25,4.8
2008-02-28 0:00,NaN,NaN,226.98,11.75,3.55
2008-02-29 0:00,NaN,NaN,226.64,11.9,4.65
2008-03-01 0:00,NaN,NaN,226.45,11.05,3.25
2008-03-02 0:00,NaN,NaN,226.07,11.05,6.1
2008-03-03 0:00,NaN,NaN,226.04,9.55,2.4
2008-03-04 0:00,NaN,NaN,225.88,3.1,-5.35
2008-03-05 0:00,NaN,NaN,225.72,1.7,-10.7
2008-03-06 0:00,NaN,NaN,225.46,3.2,-8.7
2008-03-07 0:00,NaN,NaN,225.1,5.65,-3.35
2008-03-08 0:00,NaN,NaN,224.83,7.55,-2.15
2008-03-09 0:00,NaN,NaN,224.7,7.6,-2.2
2008-03-10 0:00,3.99,1.96,224.48,7.75,-4.95
2008-03-11 0:00,NaN,NaN,224.15,10.6,0.15
2008-03-12 0:00,NaN,NaN,223.95,11.3,2.65
2008-03-13 0:00,NaN,NaN,223.85,13.15,4
2008-03-14 0:00,NaN,NaN,223.69,13.15,5.25
2008-03-15 0:00,NaN,NaN,223.66,16.35,5.85
2008-03-16 0:00,NaN,NaN,223.54,11.95,2.1
2008-03-17 0:00,NaN,NaN,223.54,9.7,1.45
2008-03-18 0:00,NaN,NaN,223.53,7.5,-0.45
2008-03-19 0:00,NaN,NaN,223.46,7.35,-0.95
2008-03-20 0:00,NaN,NaN,223.37,3.6,-4.4
2008-03-21 0:00,NaN,NaN,223.13,7.45,-2.65
2008-03-22 0:00,NaN,NaN,222.81,5.9,-2.95
2008-03-23 0:00,NaN,NaN,222.54,1.8,-7.8
2008-03-24 0:00,1.38,1.31,222.38,4.6,-6.05
2008-03-25 0:00,NaN,NaN,222.34,8.75,-1.55
2008-03-26 0:00,NaN,NaN,222.06,9.2,-2.05
2008-03-27 0:00,NaN,NaN,221.72,7.25,-4.1
2008-03-28 0:00,NaN,NaN,221.44,10.4,1.75
2008-03-29 0:00,NaN,NaN,221.14,11.65,3.25
2008-03-30 0:00,NaN,NaN,221.09,12.05,1.85
2008-03-31 0:00,NaN,NaN,220.83,6.45,-3.45
2008-04-01 0:00,NaN,NaN,220.54,9.45,0
2008-04-02 0:00,NaN,NaN,220.37,12.3,5.2
2008-04-03 0:00,NaN,NaN,220.15,10.3,3.85
2008-04-04 0:00,NaN,NaN,219.97,12.05,4
2008-04-05 0:00,NaN,NaN,219.93,9.6,3.45
2008-04-06 0:00,NaN,NaN,219.98,6.45,2.65
2008-04-07 0:00,-7.44,0.41,219.975,7.85,1.45
2008-04-08 0:00,NaN,NaN,219.54,10.95,4.3
2008-04-09 0:00,NaN,NaN,219.16,15.3,5.6
2008-04-10 0:00,NaN,NaN,218.85,15.95,5.75
2008-04-11 0:00,NaN,NaN,218.86,7.45,-1.65
2008-04-12 0:00,NaN,NaN,218.9,7.8,-0.45
2008-04-13 0:00,NaN,NaN,218.89,9.25,0.15
2008-04-14 0:00,NaN,NaN,218.82,7.85,-1.15
2008-04-15 0:00,NaN,NaN,218.64,7.35,0
2008-04-16 0:00,NaN,NaN,218.4,10.4,2.9
2008-04-17 0:00,NaN,NaN,218.13,9.15,0.95
2008-04-18 0:00,NaN,NaN,217.7,11.35,0
2008-04-19 0:00,NaN,NaN,217.17,10.8,1.15
2008-04-20 0:00,NaN,NaN,216.67,8.95,0.35
2008-04-21 0:00,NaN,NaN,216.15,8.85,1.05
2008-04-22 0:00,NaN,NaN,215.54,11.6,2
2008-04-23 0:00,NaN,NaN,214.97,10.15,2.4
2008-04-24 0:00,NaN,NaN,214.37,11.4,4.95
2008-04-25 0:00,NaN,NaN,213.86,13.2,7.1
2008-04-26 0:00,NaN,NaN,213.43,15.55,9.15
2008-04-27 0:00,NaN,NaN,213.07,16.55,9.2
2008-04-28 0:00,NaN,NaN,212.88,10.1,5.85
2008-04-29 0:00,NaN,NaN,212.72,9.1,3.95
2008-04-30 0:00,NaN,NaN,212.59,10.2,3.7
2008-05-01 0:00,NaN,NaN,212.32,11.45,3.85
2008-05-02 0:00,NaN,NaN,211.87,14.75,7.15
2008-05-03 0:00,NaN,NaN,211.54,17.6,9.7
2008-05-04 0:00,NaN,NaN,211.5,18.5,10.4
2008-05-05 0:00,-16.33,-2.02,211.845,13.65,6.85
2008-05-06 0:00,NaN,NaN,212.28,14.85,7.95
2008-05-07 0:00,NaN,NaN,212.42,16.7,8.15
2008-05-08 0:00,NaN,NaN,212.59,16.3,7.75
2008-05-09 0:00,NaN,NaN,212.97,15.55,2.95
2008-05-10 0:00,NaN,NaN,213.26,15.35,4.2
2008-05-11 0:00,NaN,NaN,213.47,14.35,3.95
2008-05-12 0:00,NaN,NaN,213.59,13.7,3.65
2008-05-13 0:00,NaN,NaN,213.8,13.95,5.05
2008-05-14 0:00,NaN,NaN,213.87,12.2,4.8
2008-05-15 0:00,NaN,NaN,214.02,15.8,6.55
2008-05-16 0:00,NaN,NaN,214.25,13.9,5.45
2008-05-17 0:00,NaN,NaN,214.49,13.8,4.3
2008-05-18 0:00,NaN,NaN,214.84,13.7,4.7
2008-05-19 0:00,NaN,NaN,215.17,13.55,3.3
2008-05-20 0:00,NaN,NaN,215.42,15.15,5.3
2008-05-21 0:00,NaN,NaN,215.66,14.2,5.6
2008-05-22 0:00,NaN,NaN,215.95,12.95,5.35
2008-05-23 0:00,NaN,NaN,216.25,16.75,6.2
2008-05-24 0:00,NaN,NaN,216.58,15.3,6.9
2008-05-25 0:00,NaN,NaN,217.24,12.35,4.2
2008-05-26 0:00,NaN,NaN,218.3,15.1,5.45
2008-05-27 0:00,NaN,NaN,219,13.45,4.8
2008-05-28 0:00,NaN,NaN,219.73,13.8,5.15
2008-05-29 0:00,NaN,NaN,220.34,15.4,5.9
2008-05-30 0:00,NaN,NaN,220.71,16.1,7.3
2008-05-31 0:00,NaN,NaN,221.12,16.05,6.65
2008-06-01 0:00,NaN,NaN,221.46,16.9,7.35
2008-06-02 0:00,NaN,NaN,221.71,15.9,5.6
2008-06-03 0:00,NaN,NaN,222.05,15.2,5.85
2008-06-04 0:00,-7.77,-0.64,222.31,15.15,6.85
2008-06-05 0:00,NaN,NaN,222.63,13.4,5.75
2008-06-06 0:00,NaN,NaN,222.92,15.05,5.75
2008-06-07 0:00,NaN,NaN,223.26,13.2,3.95
2008-06-08 0:00,NaN,NaN,223.47,12.7,4.75
2008-06-09 0:00,NaN,NaN,223.65,16.25,6.85
2008-06-10 0:00,NaN,NaN,223.9,16.15,7.6
2008-06-11 0:00,NaN,NaN,224.18,17.6,8.2
2008-06-12 0:00,NaN,NaN,224.57,18.3,8.85
2008-06-13 0:00,NaN,NaN,224.92,15.15,6.8
2008-06-14 0:00,NaN,NaN,225.27,15.4,6.75
2008-06-15 0:00,NaN,NaN,225.64,14.4,7.6
2008-06-16 0:00,-5.8,0.27,225.905,15.75,7.75
2008-06-17 0:00,NaN,NaN,226.21,16.85,6.75
2008-06-18 0:00,NaN,NaN,226.51,17.75,9.35
2008-06-19 0:00,NaN,NaN,226.78,19,12.4
2008-06-20 0:00,NaN,NaN,227.05,20.7,14.4
2008-06-21 0:00,NaN,NaN,227.29,24.7,15.7
2008-06-22 0:00,NaN,NaN,227.6,23.45,15.65
2008-06-23 0:00,NaN,NaN,227.94,24.1,15.75
2008-06-24 0:00,-9.62,1.12,228.173,20.35,15.9
2008-06-25 0:00,NaN,NaN,228.36,19.25,13.4
2008-06-26 0:00,NaN,NaN,228.44,21.65,13.9
2008-06-27 0:00,NaN,NaN,228.55,18.45,12.75
2008-06-28 0:00,NaN,NaN,228.67,19.5,12.45
2008-06-29 0:00,NaN,NaN,228.67,20.4,13.8
2008-06-30 0:00,NaN,NaN,228.63,21.6,13.6
2008-07-01 0:00,NaN,NaN,228.58,23.75,14.1
2008-07-02 0:00,-9.48,1.1,228.455,19.2,14.15
2008-07-03 0:00,NaN,NaN,228.57,14.65,8.9
2008-07-04 0:00,NaN,NaN,228.68,18.95,10.9
2008-07-05 0:00,NaN,NaN,228.75,17.7,13.8
2008-07-06 0:00,NaN,NaN,228.84,14.65,11.55
2008-07-07 0:00,NaN,NaN,228.89,15.65,9.8
2008-07-08 0:00,NaN,NaN,228.94,16.7,9.55
2008-07-09 0:00,NaN,NaN,228.98,19.8,12.8
2008-07-10 0:00,NaN,NaN,229.05,21.35,14.9
2008-07-11 0:00,NaN,NaN,229.13,18.4,14.05
2008-07-12 0:00,NaN,NaN,229.17,15,8.95
2008-07-13 0:00,NaN,NaN,229.3,15.75,6.8
2008-07-14 0:00,NaN,NaN,229.37,15.9,8.4
2008-07-15 0:00,NaN,NaN,229.41,16.9,10.2
2008-07-16 0:00,-9.35,1.05,229.43,18.4,11.9
2008-07-17 0:00,NaN,NaN,229.52,17.6,11.25
2008-07-18 0:00,NaN,NaN,229.52,19.55,12.15
2008-07-19 0:00,NaN,NaN,229.56,22.05,14.55
2008-07-20 0:00,NaN,NaN,229.6,19.15,15.35
2008-07-21 0:00,NaN,NaN,229.62,18.3,10.4
2008-07-22 0:00,NaN,NaN,229.66,16.65,10
2008-07-23 0:00,NaN,NaN,229.69,20.4,13.55
2008-07-24 0:00,NaN,NaN,229.71,17.25,16.25
2008-07-25 0:00,NaN,NaN,229.73,22.15,15.15
2008-07-26 0:00,NaN,NaN,229.78,20.15,13.55
2008-07-27 0:00,NaN,NaN,229.8,20.85,13.75
2008-07-28 0:00,NaN,NaN,229.83,24.05,15.9
2008-07-29 0:00,NaN,NaN,229.81,20.1,15.05
2008-07-30 0:00,NaN,NaN,229.83,23.05,16.55
2008-07-31 0:00,-12.47,0.88,229.84,22.7,16.95
2008-08-01 0:00,NaN,NaN,229.87,19.3,13.8
2008-08-02 0:00,NaN,NaN,229.88,19.6,14.65
2008-08-03 0:00,NaN,NaN,229.9,22.35,15.85
2008-08-04 0:00,NaN,NaN,229.91,20.5,16.8
2008-08-05 0:00,NaN,NaN,229.93,23.8,18.7
2008-08-06 0:00,NaN,NaN,229.94,24.75,18.8
2008-08-07 0:00,NaN,NaN,229.96,18.95,16.75
2008-08-08 0:00,NaN,NaN,229.96,18.8,12.25
2008-08-09 0:00,NaN,NaN,229.98,18.75,13.05
2008-08-10 0:00,NaN,NaN,229.98,19.2,14.7
2008-08-11 0:00,NaN,NaN,230,19.05,15.25
2008-08-12 0:00,-13.77,0.74,230.008,19.55,15.95
2008-08-13 0:00,NaN,NaN,230.01,16.25,11.5
2008-08-14 0:00,-13.39,0.74,230.015,15.4,10.5
2008-08-15 0:00,NaN,NaN,230.03,15.6,7.5
2008-08-16 0:00,NaN,NaN,230.03,16.55,8.5
2008-08-17 0:00,NaN,NaN,230.03,17.55,10.3
2008-08-18 0:00,NaN,NaN,230.04,21.7,13.8
2008-08-19 0:00,NaN,NaN,230.03,17.9,13.4
2008-08-20 0:00,NaN,NaN,229.98,16.85,11.5
2008-08-21 0:00,NaN,NaN,229.98,19.2,12.95
2008-08-22 0:00,NaN,NaN,229.98,17.95,12.2
2008-08-23 0:00,NaN,NaN,229.99,17.25,10.1
2008-08-24 0:00,NaN,NaN,229.98,16.8,10.75
2008-08-25 0:00,NaN,NaN,229.98,17.6,11
2008-08-26 0:00,NaN,NaN,229.97,20.85,13.15
2008-08-27 0:00,NaN,NaN,229.975,19.95,12.95
2008-08-28 0:00,NaN,NaN,229.96,20.75,13.25
2008-08-29 0:00,NaN,NaN,229.94,22.7,14.3
2008-08-30 0:00,NaN,NaN,229.94,23.9,15.45
2008-08-31 0:00,NaN,NaN,229.89,18.45,11.9
2008-09-01 0:00,NaN,NaN,229.905,20.7,11.15
2008-09-02 0:00,NaN,NaN,229.9,22.55,12.95
2008-09-03 0:00,NaN,NaN,229.85,20.55,13.5
2008-09-04 0:00,NaN,NaN,229.8,21.35,13.05
2008-09-05 0:00,NaN,NaN,229.745,20.5,12.65
2008-09-06 0:00,NaN,NaN,229.69,15.5,8.4
2008-09-07 0:00,NaN,NaN,229.69,14.5,7.95
2008-09-08 0:00,-8.29,0.65,229.69,18.85,10.3
2008-09-09 0:00,NaN,NaN,229.68,20.45,13.85
2008-09-10 0:00,NaN,NaN,229.67,20.95,14.8
2008-09-11 0:00,NaN,NaN,229.68,18.05,11.9
2008-09-12 0:00,NaN,NaN,229.71,14.15,5.8
2008-09-13 0:00,NaN,NaN,229.73,11.6,3.7
2008-09-14 0:00,NaN,NaN,229.77,14.4,5.35
2008-09-15 0:00,NaN,NaN,229.77,14.3,6.6
2008-09-16 0:00,NaN,NaN,229.8,13.5,7.15
2008-09-17 0:00,NaN,NaN,229.815,15.95,9.45
2008-09-18 0:00,NaN,NaN,229.85,15.7,10.15
2008-09-19 0:00,NaN,NaN,229.87,17.35,9.55
2008-09-20 0:00,NaN,NaN,229.885,17.45,8.85
2008-09-21 0:00,NaN,NaN,229.92,16.4,9.85
2008-09-22 0:00,NaN,NaN,229.97,15.1,9.55
2008-09-23 0:00,NaN,NaN,229.96,16,7.35
2008-09-24 0:00,NaN,NaN,229.94,12.3,4.8
2008-09-25 0:00,-4.52,0.74,229.94,13.2,5.55
2008-09-26 0:00,NaN,NaN,229.93,11.8,4.95
2008-09-27 0:00,NaN,NaN,229.93,12.95,5.65
2008-09-28 0:00,NaN,NaN,229.94,14.2,6.4
2008-09-29 0:00,NaN,NaN,229.95,13.9,6.45
2008-09-30 0:00,NaN,NaN,229.945,13.65,6.1
2008-10-01 0:00,NaN,NaN,229.94,14.9,6.55
2008-10-02 0:00,NaN,NaN,229.93,12.95,6.65
2008-10-03 0:00,NaN,NaN,229.93,11.05,2.45
2008-10-04 0:00,NaN,NaN,229.96,8.15,1.95
2008-10-05 0:00,NaN,NaN,229.97,12.25,5.6
2008-10-06 0:00,-3.57,0.79,229.935,16,8.2
2008-10-07 0:00,NaN,NaN,229.95,16.35,7.6
2008-10-08 0:00,NaN,NaN,229.96,13,3.75
2008-10-09 0:00,NaN,NaN,229.97,11.1,4.15
2008-10-10 0:00,NaN,NaN,229.97,14,9.1
2008-10-11 0:00,NaN,NaN,229.91,14.85,8.95
2008-10-12 0:00,NaN,NaN,229.83,16.8,9.5
2008-10-13 0:00,NaN,NaN,229.78,17.4,11.5
2008-10-14 0:00,NaN,NaN,229.73,16.7,9.9
2008-10-15 0:00,NaN,NaN,229.62,17.15,10.1
2008-10-16 0:00,NaN,NaN,229.64,14.8,8
2008-10-17 0:00,NaN,NaN,229.64,14.15,8.45
2008-10-18 0:00,NaN,NaN,229.51,13.8,5.4
2008-10-19 0:00,NaN,NaN,229.53,12.05,8.1
2008-10-20 0:00,-2.9,0.81,229.515,15.55,8.85
2008-10-21 0:00,NaN,NaN,229.27,15.75,9.1
2008-10-22 0:00,NaN,NaN,229.13,8.85,2.4
2008-10-23 0:00,NaN,NaN,228.93,7.5,3.1
2008-10-24 0:00,NaN,NaN,228.71,8.65,5.4
2008-10-25 0:00,NaN,NaN,228.48,10.25,6.55
2008-10-26 0:00,NaN,NaN,228.31,11.65,7.15
2008-10-27 0:00,NaN,NaN,228.21,12.15,6.35
2008-10-28 0:00,NaN,NaN,228.09,6.9,-0.85
2008-10-29 0:00,NaN,NaN,227.97,5.55,-5.1
2008-10-30 0:00,NaN,NaN,227.98,7.55,-3.95
2008-10-31 0:00,NaN,NaN,227.97,8.05,0.9
2008-11-01 0:00,NaN,NaN,228.04,9.55,3.3
2008-11-02 0:00,NaN,NaN,228.17,6.7,0.75
2008-11-03 0:00,NaN,NaN,228.51,9.1,1.8
2008-11-04 0:00,NaN,NaN,228.53,7.65,1.45
2008-11-05 0:00,NaN,NaN,228.51,6.8,0.05
2008-11-06 0:00,2.79,0.97,228.42,9.95,-0.25
2008-11-07 0:00,3.75,1.01,228.405,7.6,1.55
2008-11-08 0:00,NaN,NaN,228.42,10.65,2.7
2008-11-09 0:00,NaN,NaN,228.45,10.55,4.35
2008-11-10 0:00,NaN,NaN,228.45,12.25,4.85
2008-11-11 0:00,NaN,NaN,228.51,8.5,2.55
2008-11-12 0:00,NaN,NaN,228.55,9.2,-1.25
2008-11-13 0:00,NaN,NaN,228.61,6.9,-2.45
2008-11-14 0:00,NaN,NaN,228.64,5.7,-1.05
2008-11-15 0:00,NaN,NaN,228.67,4.75,0.7
2008-11-16 0:00,NaN,NaN,228.68,6.5,1.3
2008-11-17 0:00,3.23,1.24,228.69,8.15,2.15
2008-11-18 0:00,NaN,NaN,228.7,8.5,-1.35
2008-11-19 0:00,NaN,NaN,228.76,8.8,-0.4
2008-11-20 0:00,4.15,1.3,228.67,8.05,1.25
2008-11-21 0:00,NaN,NaN,228.66,8.6,1.45
2008-11-22 0:00,NaN,NaN,228.7,7.65,1.2
2008-11-23 0:00,NaN,NaN,228.73,8.05,-0.9
2008-11-24 0:00,NaN,NaN,228.79,4.6,-3.75
2008-11-25 0:00,NaN,NaN,228.79,1.6,-5.45
2008-11-26 0:00,NaN,NaN,228.82,1.55,-6.8
2008-11-27 0:00,NaN,NaN,228.77,2.65,-5.7
2008-11-28 0:00,NaN,NaN,228.68,1.2,-2.7
2008-11-29 0:00,NaN,NaN,228.49,2.4,-4.75
2008-11-30 0:00,NaN,NaN,228.34,4.4,-4.55
2008-12-01 0:00,NaN,NaN,228.29,4.1,-4.45
2008-12-02 0:00,NaN,NaN,228.1,3.95,-5.1
2008-12-03 0:00,NaN,NaN,227.91,3.4,-5.15
2008-12-04 0:00,NaN,NaN,227.66,6.6,-4.1
2008-12-05 0:00,7.12,1.54,227.495,9.35,-1.45
2008-12-06 0:00,NaN,NaN,227.48,9.05,0.2
2008-12-07 0:00,NaN,NaN,227.47,9.8,2.05
2008-12-08 0:00,NaN,NaN,227.44,7.05,0.3
2008-12-09 0:00,4.31,1.51,227.35,6.4,-1.4
2008-12-10 0:00,NaN,NaN,227.36,0.85,-4.5
2008-12-11 0:00,NaN,NaN,227.33,0.25,-5.35
2008-12-12 0:00,NaN,NaN,227.1,3.9,-1.1
2008-12-13 0:00,NaN,NaN,226.97,2.95,-3.1
2008-12-14 0:00,NaN,NaN,226.9,1.7,-6.05
2008-12-15 0:00,8.39,1.62,226.925,2.95,-6.65
2008-12-16 0:00,NaN,NaN,226.95,3.65,-3.95
2008-12-17 0:00,NaN,NaN,226.92,6.4,-2.3
2008-12-18 0:00,NaN,NaN,226.77,5.6,-3
2008-12-19 0:00,NaN,NaN,226.79,6.45,0.15
2008-12-20 0:00,NaN,NaN,226.8,6,0.95
2008-12-21 0:00,NaN,NaN,226.82,6.8,2.75
2008-12-22 0:00,NaN,NaN,226.81,6.35,3.35
2008-12-23 0:00,NaN,NaN,226.82,7.65,3.55
2008-12-24 0:00,NaN,NaN,226.82,6.1,3.4
2008-12-25 0:00,NaN,NaN,226.85,2.95,0.55
2008-12-26 0:00,NaN,NaN,226.8,1.35,-5.1
2008-12-27 0:00,NaN,NaN,226.81,4.85,-2.85
2008-12-28 0:00,NaN,NaN,226.82,4.35,-1.55
2008-12-29 0:00,NaN,NaN,226.83,3.5,-2.1
2008-12-30 0:00,NaN,NaN,226.84,8.75,0.55
2008-12-31 0:00,5.53,1.78,226.85,7.85,2.25
2009-01-01 0:00,NaN,NaN,226.85,7.75,2.6
2009-01-02 0:00,NaN,NaN,226.86,7.5,0.6
2009-01-03 0:00,NaN,NaN,226.88,4.55,-0.8
2009-01-04 0:00,NaN,NaN,226.89,3.55,-2.95
2009-01-05 0:00,NaN,NaN,226.85,1.4,-3
2009-01-06 0:00,NaN,NaN,226.57,-0.15,-8
2009-01-07 0:00,NaN,NaN,226.37,-3.85,-9.85
2009-01-08 0:00,NaN,NaN,226.08,-3.7,-8.85
2009-01-09 0:00,7.66,1.71,225.725,-4.1,-5.75
2009-01-10 0:00,NaN,NaN,225.42,0.75,-1.9
2009-01-11 0:00,NaN,NaN,225.02,3.2,-2.25
2009-01-12 0:00,NaN,NaN,224.8,4.8,-1.95
2009-01-13 0:00,NaN,NaN,224.49,2.8,-3.85
2009-01-14 0:00,NaN,NaN,224.41,5.7,-1.85
2009-01-15 0:00,NaN,NaN,224.17,5.85,-0.2
2009-01-16 0:00,NaN,NaN,223.91,5.2,-0.1
2009-01-17 0:00,NaN,NaN,223.77,5.6,0.65
2009-01-18 0:00,NaN,NaN,223.78,6.45,0.3
2009-01-19 0:00,1.84,1.26,223.78,7.15,1.05
2009-01-20 0:00,NaN,NaN,223.79,4.7,-4.25
2009-01-21 0:00,NaN,NaN,223.76,2,-6.4
2009-01-22 0:00,NaN,NaN,223.76,4.6,-4.65
2009-01-23 0:00,NaN,NaN,223.82,10.95,2.05
2009-01-24 0:00,NaN,NaN,223.93,6.65,-1.15
2009-01-25 0:00,NaN,NaN,223.9,6.7,-2.85
2009-01-26 0:00,NaN,NaN,223.92,4.35,-3.35
2009-01-27 0:00,NaN,NaN,223.93,5.4,-3.5
2009-01-28 0:00,4.29,1.32,223.925,4,-2.55
2009-01-29 0:00,NaN,NaN,223.93,7.75,1.4
2009-01-30 0:00,NaN,NaN,223.83,9.75,2
2009-01-31 0:00,NaN,NaN,223.85,7.5,0.5
2009-02-01 0:00,NaN,NaN,223.86,8.7,-0.8
2009-02-02 0:00,3.66,1.3,223.935,6.2,-2
2009-02-03 0:00,NaN,NaN,223.9,3.6,-2.85
2009-02-04 0:00,NaN,NaN,223.9,7.8,-3.25
2009-02-05 0:00,NaN,NaN,223.92,9.1,-1.2
2009-02-06 0:00,NaN,NaN,223.93,4,-3.6
2009-02-07 0:00,NaN,NaN,223.95,3.2,-6.4
2009-02-08 0:00,NaN,NaN,223.98,4.6,-4.15
2009-02-09 0:00,5.66,1.36,223.99,9.7,-0.1
2009-02-10 0:00,NaN,NaN,223.98,6.1,-2.75
2009-02-11 0:00,NaN,NaN,223.92,2.6,-6.85
2009-02-12 0:00,NaN,NaN,223.94,3.2,-5.9
2009-02-13 0:00,NaN,NaN,223.79,3.7,-4.05
2009-02-14 0:00,NaN,NaN,223.75,4.3,-1.75
2009-02-15 0:00,NaN,NaN,223.66,3.3,-3.5
2009-02-16 0:00,4.81,1.32,223.635,1.6,-3.95
2009-02-17 0:00,NaN,NaN,223.52,2.6,-3
2009-02-18 0:00,NaN,NaN,223.33,6.7,-0.55
2009-02-19 0:00,NaN,NaN,223.31,7.5,-1.35
2009-02-20 0:00,NaN,NaN,223.31,5.8,-2
2009-02-21 0:00,NaN,NaN,223.15,5.5,-2
2009-02-22 0:00,NaN,NaN,223.09,5.1,-1.4
2009-02-23 0:00,0.99,1.15,222.84,8,-0.95
2009-02-24 0:00,NaN,NaN,222.73,7.1,0
2009-02-25 0:00,NaN,NaN,222.64,6.6,0
2009-02-26 0:00,NaN,NaN,222.64,7,2.1
2009-02-27 0:00,NaN,NaN,222.63,9.3,3.65
2009-02-28 0:00,NaN,NaN,222.57,8,1.55
2009-03-01 0:00,NaN,NaN,222.58,8.7,-1.8
2009-03-02 0:00,-1.32,1,222.58,7.8,-0.1
2009-03-03 0:00,NaN,NaN,222.55,7.4,-0.9
2009-03-04 0:00,NaN,NaN,222.37,3,-3.9
2009-03-05 0:00,NaN,NaN,222.42,3.8,-7.1
2009-03-06 0:00,NaN,NaN,222.48,4.6,-6.4
2009-03-07 0:00,NaN,NaN,222.4,8,-2.6
2009-03-08 0:00,NaN,NaN,222.32,7.3,2.55
2009-03-09 0:00,-1.13,0.96,222.33,8.6,0.3
2009-03-10 0:00,NaN,NaN,222.22,7.7,1.5
2009-03-11 0:00,NaN,NaN,222.2,8.1,1.8
2009-03-12 0:00,NaN,NaN,222.13,10.2,3.05
2009-03-13 0:00,-3.67,0.83,221.975,13.6,5.75
2009-03-14 0:00,NaN,NaN,222.01,12.2,5.55
2009-03-15 0:00,NaN,NaN,221.8,10.3,3.95
2009-03-16 0:00,-6.83,0.75,221.845,10.2,3.45
2009-03-17 0:00,NaN,NaN,221.88,10.9,3.25
2009-03-18 0:00,NaN,NaN,221.89,12.4,5.05
2009-03-19 0:00,NaN,NaN,221.87,12.9,4.95
2009-03-20 0:00,NaN,NaN,221.9,9.8,3.5
2009-03-21 0:00,NaN,NaN,221.93,6.2,0.5
2009-03-22 0:00,NaN,NaN,222.02,6.7,0.25
2009-03-23 0:00,-6.21,0.69,221.9,7.3,2.6
2009-03-24 0:00,NaN,NaN,221.88,4.9,-2.15
2009-03-25 0:00,NaN,NaN,221.81,5.6,-1.15
2009-03-26 0:00,NaN,NaN,221.75,9.7,2.3
2009-03-27 0:00,NaN,NaN,221.65,9.7,3.75
2009-03-28 0:00,NaN,NaN,221.71,4.9,-1.5
2009-03-29 0:00,NaN,NaN,221.62,7.4,-3.85
2009-03-30 0:00,-3.84,0.6,221.465,6.4,-3.65
2009-03-31 0:00,NaN,NaN,221.57,6.6,-3.95
2009-04-01 0:00,NaN,NaN,221.62,7.6,-1.8
2009-04-02 0:00,NaN,NaN,221.65,7.9,-2.15
2009-04-03 0:00,NaN,NaN,221.61,9.8,0.55
2009-04-04 0:00,NaN,NaN,221.33,10.5,1.35
2009-04-05 0:00,NaN,NaN,221.05,13.1,3.4
2009-04-06 0:00,-5.41,0.49,220.91,13.8,4.6
2009-04-07 0:00,NaN,NaN,220.97,5.6,-1.45
2009-04-08 0:00,NaN,NaN,221.1,8.6,-1.75
2009-04-09 0:00,NaN,NaN,221.16,12.7,2.15
2009-04-10 0:00,NaN,NaN,221.18,12.9,1.9
2009-04-11 0:00,NaN,NaN,221.11,6.2,-2.05
2009-04-12 0:00,NaN,NaN,221.21,5.6,-3.55
2009-04-13 0:00,-3.51,0.46,221.225,10.7,2.05
2009-04-14 0:00,NaN,NaN,221.29,12.1,3.5
2009-04-15 0:00,NaN,NaN,221.3,13.7,1.1
2009-04-16 0:00,NaN,NaN,221.37,9.2,0.15
2009-04-17 0:00,NaN,NaN,221.33,9.1,-1.4
2009-04-18 0:00,NaN,NaN,221.34,8.6,-0.7
2009-04-19 0:00,NaN,NaN,221.3,9.5,-0.45
2009-04-20 0:00,-5.13,0.47,221.305,10.1,-0.4
2009-04-21 0:00,NaN,NaN,221.39,10.4,-0.45
2009-04-22 0:00,NaN,NaN,221.39,12.9,3.1
2009-04-23 0:00,NaN,NaN,221.59,13.2,6.05
2009-04-24 0:00,NaN,NaN,221.63,15.3,7.25
2009-04-25 0:00,NaN,NaN,221.7,12.1,4.3
2009-04-26 0:00,NaN,NaN,221.79,5.8,-1.2
2009-04-27 0:00,NaN,NaN,221.94,9.9,-0.1
2009-04-28 0:00,NaN,NaN,222,11.7,1.9
2009-04-29 0:00,NaN,NaN,221.9,9.1,1.85
2009-04-30 0:00,NaN,NaN,221.86,11.5,3.25
2009-05-01 0:00,NaN,NaN,221.88,11.3,0.75
2009-05-02 0:00,NaN,NaN,221.87,14.3,4.95
2009-05-03 0:00,NaN,NaN,221.87,13,4.8
2009-05-04 0:00,NaN,NaN,221.87,11.1,4.35
2009-05-05 0:00,-7.59,0.25,221.505,14.4,5.35
2009-05-06 0:00,NaN,NaN,220.85,15.7,7.85
2009-05-07 0:00,-10.53,0.27,220.505,16.6,9.3
2009-05-08 0:00,NaN,NaN,220.7,14,8.2
2009-05-09 0:00,NaN,NaN,221.23,17.1,9.25
2009-05-10 0:00,NaN,NaN,221.88,19,8.05
2009-05-11 0:00,NaN,NaN,222.83,20.3,10.05
2009-05-12 0:00,NaN,NaN,223.86,16.8,10.1
2009-05-13 0:00,-8.99,0.76,224.82,15.6,7.55
2009-05-14 0:00,NaN,NaN,225.84,12.7,3.55
2009-05-15 0:00,NaN,NaN,226.22,11.6,2.55
2009-05-16 0:00,NaN,NaN,226.41,14.4,6.2
2009-05-17 0:00,NaN,NaN,226.54,14.7,9.05
2009-05-18 0:00,NaN,NaN,226.76,15.8,7.3
2009-05-19 0:00,-6.21,1.26,227.203,13.5,9.25
2009-05-20 0:00,NaN,NaN,227.69,19.4,11.8
2009-05-21 0:00,NaN,NaN,228.34,17.1,13.35
2009-05-22 0:00,NaN,NaN,229.18,17.4,13.5
2009-05-23 0:00,NaN,NaN,229.88,21.4,14.6
2009-05-24 0:00,NaN,NaN,230.71,20.9,12.1
2009-05-25 0:00,NaN,NaN,231.37,19,13.55
2009-05-26 0:00,-4.06,2.14,231.97,13.5,6.35
2009-05-27 0:00,NaN,NaN,232.47,14.4,6
2009-05-28 0:00,NaN,NaN,232.7,14.9,7.9
2009-05-29 0:00,NaN,NaN,232.9,17.7,10.45
2009-05-30 0:00,NaN,NaN,233.14,19.8,10.7
2009-05-31 0:00,NaN,NaN,233.19,18.6,8.2
2009-06-01 0:00,0.54,2.58,233.24,17.5,8.7
2009-06-02 0:00,NaN,NaN,233.24,18,9
2009-06-03 0:00,NaN,NaN,233.23,18.5,10
2009-06-04 0:00,NaN,NaN,233.21,18.9,10.55
2009-06-05 0:00,NaN,NaN,233.18,18.6,9.3
2009-06-06 0:00,NaN,NaN,233.13,15.2,5.2
2009-06-07 0:00,NaN,NaN,233.19,15,6.3
2009-06-08 0:00,NaN,NaN,233.13,17.8,7.55
2009-06-09 0:00,2.97,2.67,233.17,14.9,6.4
2009-06-10 0:00,NaN,NaN,233.15,19,9.9
2009-06-11 0:00,NaN,NaN,233.11,17.6,10.25
2009-06-12 0:00,NaN,NaN,233.13,19.1,12.9
2009-06-13 0:00,NaN,NaN,233.11,23.8,15.7
2009-06-14 0:00,NaN,NaN,233.18,21,16.25
2009-06-15 0:00,-1.61,2.88,233.185,20.7,15
2009-06-16 0:00,NaN,NaN,233.24,16.7,11.35
2009-06-17 0:00,NaN,NaN,233.36,22.4,14.2
2009-06-18 0:00,NaN,NaN,233.49,23.6,14.65
2009-06-19 0:00,NaN,NaN,233.55,17.4,12.3
2009-06-20 0:00,NaN,NaN,233.64,17,9.45
2009-06-21 0:00,NaN,NaN,233.82,15.7,7.7
2009-06-22 0:00,0.22,2.89,233.93,16.3,8.7
2009-06-23 0:00,NaN,NaN,234.1,16.5,8.45
2009-06-24 0:00,NaN,NaN,234.24,16.7,9.9
2009-06-25 0:00,NaN,NaN,234.34,18.7,9.75
2009-06-26 0:00,NaN,NaN,234.49,18.6,8.6
2009-06-27 0:00,NaN,NaN,234.54,20.4,9.65
2009-06-28 0:00,NaN,NaN,234.66,23,12.8
2009-06-29 0:00,NaN,NaN,234.66,22.5,12.15
2009-06-30 0:00,1.45,2.95,234.49,23.1,12.85
2009-07-01 0:00,NaN,NaN,234.33,23.3,13.75
2009-07-02 0:00,NaN,NaN,234.3,21.1,13.05
2009-07-03 0:00,NaN,NaN,234.13,22.6,13.5
2009-07-04 0:00,NaN,NaN,234.13,22.5,13.55
2009-07-05 0:00,NaN,NaN,234.21,20.7,12.1
2009-07-06 0:00,NaN,NaN,234.28,19.3,10.3
2009-07-07 0:00,NaN,NaN,234.32,15.9,8.85
2009-07-08 0:00,NaN,NaN,234.38,16,8.45
2009-07-09 0:00,NaN,NaN,234.49,16.5,7.95
2009-07-10 0:00,NaN,NaN,234.56,18.5,9.85
2009-07-11 0:00,NaN,NaN,234.57,19.5,11.55
2009-07-12 0:00,NaN,NaN,234.61,20.8,14.25
2009-07-13 0:00,NaN,NaN,234.65,22.3,16.3
2009-07-14 0:00,NaN,NaN,234.66,18.4,14.1
2009-07-15 0:00,NaN,NaN,234.67,22.2,13.65
2009-07-16 0:00,NaN,NaN,234.61,23.7,15.4
2009-07-17 0:00,NaN,NaN,234.49,15.2,7.15
2009-07-18 0:00,NaN,NaN,234.5,16.5,7.7
2009-07-19 0:00,NaN,NaN,234.45,16.4,9.8
2009-07-20 0:00,-2.57,2.81,234.47,21.5,13.85
2009-07-21 0:00,NaN,NaN,234.48,25.5,16.15
2009-07-22 0:00,NaN,NaN,234.45,24.1,17.6
2009-07-23 0:00,NaN,NaN,234.38,20.8,16.95
2009-07-24 0:00,NaN,NaN,234.31,19.7,13
2009-07-25 0:00,NaN,NaN,234.26,17.9,11.15
2009-07-26 0:00,NaN,NaN,234.26,21.3,14.2
2009-07-27 0:00,NaN,NaN,234.26,16.9,15.55
2009-07-28 0:00,-6.13,2.61,234.145,20.3,13.45
2009-07-29 0:00,NaN,NaN,234.13,20.3,16.5
2009-07-30 0:00,NaN,NaN,234.13,19.8,13.05
2009-07-31 0:00,-6.5,2.59,234.17,21,13.95
2009-08-01 0:00,NaN,NaN,234.16,20.3,15.6
2009-08-02 0:00,NaN,NaN,234.11,16.5,9.95
2009-08-03 0:00,NaN,NaN,234.12,17.9,9.95
2009-08-04 0:00,NaN,NaN,234.08,21.2,13.65
2009-08-05 0:00,NaN,NaN,234.07,23.3,16.8
2009-08-06 0:00,-7.91,2.46,233.95,21.5,17.2
2009-08-07 0:00,NaN,NaN,233.96,19.2,12.65
2009-08-08 0:00,NaN,NaN,234.01,19.5,12.3
2009-08-09 0:00,NaN,NaN,234.05,18.6,11.15
2009-08-10 0:00,NaN,NaN,234.09,19.8,11.35
2009-08-11 0:00,NaN,NaN,234.09,21.4,12.85
2009-08-12 0:00,-4.53,2.5,234.1,20.9,13.15
2009-08-13 0:00,NaN,NaN,234.1,22.3,13.1
2009-08-14 0:00,NaN,NaN,233.97,22.9,14.45
2009-08-15 0:00,NaN,NaN,233.92,25.7,15.15
2009-08-16 0:00,NaN,NaN,233.93,24.1,15.4
2009-08-17 0:00,NaN,NaN,233.94,21.2,15.55
2009-08-18 0:00,NaN,NaN,233.89,23.9,16.7
2009-08-19 0:00,NaN,NaN,233.89,26.5,17.1
2009-08-20 0:00,NaN,NaN,233.87,20.2,16.3
2009-08-21 0:00,NaN,NaN,233.85,19.8,13.85
2009-08-22 0:00,NaN,NaN,233.85,21.9,13.65
2009-08-23 0:00,NaN,NaN,233.85,23.1,15.65
2009-08-24 0:00,-7.07,2.3,233.84,18.7,16.55
2009-08-25 0:00,NaN,NaN,233.64,18.3,13.5
2009-08-26 0:00,NaN,NaN,233.49,21.1,12.7
2009-08-27 0:00,NaN,NaN,233.38,22.5,14.8
2009-08-28 0:00,NaN,NaN,233.32,19.2,12.35
2009-08-29 0:00,NaN,NaN,233.28,17,11.1
2009-08-30 0:00,NaN,NaN,233.28,16.6,10.85
2009-08-31 0:00,-8.26,2.16,233.285,21,13.8
2009-09-01 0:00,NaN,NaN,233.29,20.7,15.5
2009-09-02 0:00,NaN,NaN,233.31,19.2,13.15
2009-09-03 0:00,NaN,NaN,233.31,17.7,11
2009-09-04 0:00,NaN,NaN,233.3,15.5,9.95
2009-09-05 0:00,NaN,NaN,233.28,16.7,8.95
2009-09-06 0:00,NaN,NaN,233.17,17.9,10.6
2009-09-07 0:00,-7.84,2.04,232.925,19.8,12.45
2009-09-08 0:00,NaN,NaN,232.72,21.6,12.2
2009-09-09 0:00,NaN,NaN,232.52,19.2,11.9
2009-09-10 0:00,NaN,NaN,232.39,19.3,11.05
2009-09-11 0:00,NaN,NaN,232.33,18,10.2
2009-09-12 0:00,NaN,NaN,232.23,17.9,8.85
2009-09-13 0:00,NaN,NaN,232.04,18.5,9.45
2009-09-14 0:00,NaN,NaN,231.91,16.8,7.75
2009-09-15 0:00,NaN,NaN,231.91,15.1,4.25
2009-09-16 0:00,NaN,NaN,231.9,13.8,4.35
2009-09-17 0:00,NaN,NaN,231.89,15,6.25
2009-09-18 0:00,NaN,NaN,231.88,17.2,6.3
2009-09-19 0:00,NaN,NaN,231.9,15.8,5.9
2009-09-20 0:00,NaN,NaN,231.89,15.2,5.75
2009-09-21 0:00,-0.93,1.77,231.9,14.9,5.3
2009-09-22 0:00,NaN,NaN,231.95,19,8.05
2009-09-23 0:00,NaN,NaN,231.96,18,10.2
2009-09-24 0:00,NaN,NaN,231.97,18.2,9.05
2009-09-25 0:00,NaN,NaN,231.98,18.1,8.6
2009-09-26 0:00,NaN,NaN,231.98,16.3,8.7
2009-09-27 0:00,NaN,NaN,231.98,17.7,8.4
2009-09-28 0:00,NaN,NaN,231.99,17.4,8.15
2009-09-29 0:00,NaN,NaN,231.99,18.2,9.5
2009-09-30 0:00,NaN,NaN,232,17.8,9.25
2009-10-01 0:00,NaN,NaN,232,17.3,9.65
2009-10-02 0:00,NaN,NaN,232,14.9,7.6
2009-10-03 0:00,NaN,NaN,232.01,15.8,6.95
2009-10-04 0:00,NaN,NaN,232.01,15.5,8.7
2009-10-05 0:00,-4.15,1.69,232.02,23.1,12.75
2009-10-06 0:00,NaN,NaN,232.01,22.8,14.45
2009-10-07 0:00,NaN,NaN,232.04,25.4,14.15
2009-10-08 0:00,NaN,NaN,232.04,20,11.85
2009-10-09 0:00,NaN,NaN,232.04,16.7,8
2009-10-10 0:00,NaN,NaN,232.04,16.1,7.6
2009-10-11 0:00,NaN,NaN,232.05,16.8,9.3
2009-10-12 0:00,NaN,NaN,232.08,16.4,7.1
2009-10-13 0:00,NaN,NaN,232.05,10.5,5.1
2009-10-14 0:00,NaN,NaN,232.05,10,5.35
2009-10-15 0:00,NaN,NaN,232.05,7.6,2.15
2009-10-16 0:00,NaN,NaN,NaN,5.1,1.65
2009-10-17 0:00,NaN,NaN,NaN,6.5,2.65
2009-10-18 0:00,NaN,NaN,232.03,7.1,1.1
2009-10-19 0:00,0.32,1.66,232.02,9.3,2.4
2009-10-20 0:00,NaN,NaN,232.02,15.7,4.45
2009-10-21 0:00,NaN,NaN,231.93,11.4,3.1
2009-10-22 0:00,NaN,NaN,231.82,9.2,1.2
2009-10-23 0:00,NaN,NaN,231.73,11.8,4.35
2009-10-24 0:00,NaN,NaN,231.65,17.7,8.45
2009-10-25 0:00,NaN,NaN,231.77,16,8.7
2009-10-26 0:00,NaN,NaN,231.85,15.6,8.2
2009-10-27 0:00,NaN,NaN,231.85,15.3,9.75
2009-10-28 0:00,NaN,NaN,231.77,15.6,9
2009-10-29 0:00,NaN,NaN,231.61,17.1,9.9
2009-10-30 0:00,NaN,NaN,231.44,16.2,9.9
2009-10-31 0:00,NaN,NaN,231.39,15.3,8.6
2009-11-01 0:00,NaN,NaN,231.39,16.3,7.65
2009-11-02 0:00,NaN,NaN,231.28,12.5,2.5
2009-11-03 0:00,NaN,NaN,231.23,12.8,4.2
2009-11-04 0:00,NaN,NaN,231.21,10.2,1.35
2009-11-05 0:00,NaN,NaN,231.29,8.6,-0.95
2009-11-06 0:00,NaN,NaN,231.21,9.4,-0.35
2009-11-07 0:00,NaN,NaN,231.22,8.7,-0.15
2009-11-08 0:00,NaN,NaN,231.3,7.2,-3.45
2009-11-09 0:00,6.51,1.7,231.365,7.1,-3.25
2009-11-10 0:00,NaN,NaN,231.31,3.7,-3.2
2009-11-11 0:00,NaN,NaN,231.19,9.6,-0.15
2009-11-12 0:00,NaN,NaN,231.09,13.1,3
2009-11-13 0:00,NaN,NaN,231.09,12.2,5.2
2009-11-14 0:00,NaN,NaN,231.1,13,7.15
2009-11-15 0:00,NaN,NaN,231.1,11.5,7.05
2009-11-16 0:00,4.395,1.79,231.103,13.8,8.4
2009-11-17 0:00,NaN,NaN,230.95,16.6,8.95
2009-11-18 0:00,NaN,NaN,231.04,12.2,7.4
2009-11-19 0:00,NaN,NaN,231.06,12,8.45
2009-11-20 0:00,NaN,NaN,231.06,12,8.05
2009-11-21 0:00,NaN,NaN,231.04,11.7,7.95
2009-11-22 0:00,NaN,NaN,231.07,10.6,4.9
2009-11-23 0:00,NaN,NaN,231.11,9.6,3
2009-11-24 0:00,NaN,NaN,231.06,9.9,4.55
2009-11-25 0:00,NaN,NaN,231.08,9.5,6.25
2009-11-26 0:00,NaN,NaN,231.09,9.7,2.15
2009-11-27 0:00,NaN,NaN,231.09,9.1,0.85
2009-11-28 0:00,NaN,NaN,231.17,8.7,0.6
2009-11-29 0:00,NaN,NaN,230.99,8.3,-0.75
2009-11-30 0:00,6.53,1.95,230.99,4.7,-3.65
2009-12-01 0:00,NaN,NaN,230.91,4.7,-3.65
2009-12-02 0:00,NaN,NaN,230.82,9.6,-0.6
2009-12-03 0:00,NaN,NaN,230.83,6.7,-0.2
2009-12-04 0:00,NaN,NaN,230.71,8,-0.35
2009-12-05 0:00,NaN,NaN,230.61,9.5,2.55
2009-12-06 0:00,NaN,NaN,230.57,9.7,4.4
2009-12-07 0:00,NaN,NaN,230.58,11.5,4.5
2009-12-08 0:00,7.06,2.05,230.54,10.4,3.65
2009-12-09 0:00,NaN,NaN,230.29,10.1,3.7
2009-12-10 0:00,NaN,NaN,230.29,8.7,3.55
2009-12-11 0:00,NaN,NaN,230.22,8.4,4.25
2009-12-12 0:00,NaN,NaN,230.12,1.5,-0.65
2009-12-13 0:00,NaN,NaN,230.02,1.3,-5.1
2009-12-14 0:00,6.42,2.01,229.78,0.4,-8.25
2009-12-15 0:00,NaN,NaN,229.49,0.5,-5.5
2009-12-16 0:00,NaN,NaN,229.25,-1.2,-7.05
2009-12-17 0:00,NaN,NaN,228.69,-2.3,-6.2
2009-12-18 0:00,NaN,NaN,228.37,-3.5,-7.5
2009-12-19 0:00,NaN,NaN,228.03,-1,-9.5
2009-12-20 0:00,NaN,NaN,227.55,-1.7,-6.75
2009-12-21 0:00,NaN,NaN,227.15,3.6,-3.65
2009-12-22 0:00,NaN,NaN,226.87,7.9,1.3
2009-12-23 0:00,NaN,NaN,226.62,6.5,-0.1
2009-12-24 0:00,NaN,NaN,226.52,10.6,2
2009-12-25 0:00,NaN,NaN,226.59,6.4,-1.15
2009-12-26 0:00,NaN,NaN,226.59,3.4,-2.35
2009-12-27 0:00,NaN,NaN,226.61,5,-1.1
2009-12-28 0:00,6.37,1.75,226.62,8.9,2.45
2009-12-29 0:00,NaN,NaN,226.59,12.5,4.2
2009-12-30 0:00,NaN,NaN,226.57,10.5,4.05
2009-12-31 0:00,NaN,NaN,226.52,8.7,1.25
2010-01-01 0:00,NaN,NaN,226.55,6.1,-3.05
2010-01-02 0:00,NaN,NaN,226.07,1.8,-2.35
2010-01-03 0:00,NaN,NaN,225.85,3.3,-1.9
2010-01-04 0:00,5.44,1.66,225.67,8,0.55
2010-01-05 0:00,NaN,NaN,225.23,3.8,-2.35
2010-01-06 0:00,NaN,NaN,224.87,3.7,-4.85
2010-01-07 0:00,NaN,NaN,224.57,-0.1,-8.45
2010-01-08 0:00,NaN,NaN,224.18,-2.8,-9.45
2010-01-09 0:00,NaN,NaN,223.83,-4.5,-10.2
2010-01-10 0:00,NaN,NaN,223.26,-3.7,-8.6
2010-01-11 0:00,NaN,NaN,222.85,-0.9,-6.85
2010-01-12 0:00,6.04,1.1,222.455,-0.5,-5.95
2010-01-13 0:00,NaN,NaN,222.23,6,-2.2
2010-01-14 0:00,NaN,NaN,221.96,3.6,-1
2010-01-15 0:00,NaN,NaN,221.65,7.6,-0.15
2010-01-16 0:00,NaN,NaN,221.46,6,-0.3
2010-01-17 0:00,NaN,NaN,221.19,8.3,1.6
2010-01-18 0:00,1.74,0.71,221.13,6.3,0.35
2010-01-19 0:00,NaN,NaN,221.06,4.4,0.9
2010-01-20 0:00,NaN,NaN,220.93,7.3,-0.85
2010-01-21 0:00,NaN,NaN,220.85,6.8,0.05
2010-01-22 0:00,NaN,NaN,220.75,6.6,2.25
2010-01-23 0:00,NaN,NaN,220.61,4.2,1.05
2010-01-24 0:00,NaN,NaN,220.45,6,-0.1
2010-01-25 0:00,NaN,NaN,220.36,2.9,-3.15
2010-01-26 0:00,NaN,NaN,220.02,1.6,-3.85
2010-01-27 0:00,NaN,NaN,219.47,0,-5.7
2010-01-28 0:00,NaN,NaN,219.01,1.6,-4.5
2010-01-29 0:00,NaN,NaN,218.63,6.2,-1.75
2010-01-30 0:00,NaN,NaN,218.3,5.5,-3.9
2010-01-31 0:00,NaN,NaN,217.98,1.5,-6.05
2010-02-01 0:00,0.98,-0.14,217.7,1,-8.15
2010-02-02 0:00,NaN,NaN,217.34,4.1,-5.2
2010-02-03 0:00,NaN,NaN,217.03,5.3,-0.7
2010-02-04 0:00,NaN,NaN,216.75,4.7,-1.5
2010-02-05 0:00,NaN,NaN,216.58,7.5,-0.9
2010-02-06 0:00,NaN,NaN,216.35,6.1,-3.25
2010-02-07 0:00,NaN,NaN,216.12,6.9,-2.2
2010-02-08 0:00,NaN,NaN,216,3.7,-3.7
2010-02-09 0:00,NaN,NaN,215.87,2.3,-6.55
2010-02-10 0:00,NaN,NaN,215.7,0.4,-9.1
2010-02-11 0:00,NaN,NaN,215.32,-3.7,-13.7
2010-02-12 0:00,NaN,NaN,214.7,-3.5,-9.9
2010-02-13 0:00,NaN,NaN,214.22,-3.2,-9.95
2010-02-14 0:00,NaN,NaN,213.59,-2.4,-9.3
2010-02-15 0:00,-2.88,-1.27,213.15,-2.3,-9.7
2010-02-16 0:00,NaN,NaN,212.68,3.1,-3.5
2010-02-17 0:00,NaN,NaN,212.62,3.8,0.5
2010-02-18 0:00,NaN,NaN,212.4,8.4,-0.55
2010-02-19 0:00,NaN,NaN,212.37,4.2,-4.4
2010-02-20 0:00,NaN,NaN,212.34,4.4,-6.4
2010-02-21 0:00,NaN,NaN,212.3,5.2,-3.9
2010-02-22 0:00,NaN,NaN,212.28,7.5,0.05
2010-02-23 0:00,NaN,NaN,212.11,9.9,1.1
2010-02-24 0:00,NaN,NaN,211.97,9.6,0.35
2010-02-25 0:00,NaN,NaN,211.79,13.2,1.8
2010-02-26 0:00,NaN,NaN,211.73,8.7,-0.35
2010-02-27 0:00,NaN,NaN,211.7,12.2,0.55
2010-02-28 0:00,NaN,NaN,211.47,11.9,1.1
2010-03-01 0:00,-6.5,-2.02,211.25,8.3,-0.5
2010-03-02 0:00,NaN,NaN,211.17,8.2,-0.75
2010-03-03 0:00,NaN,NaN,211.09,8.7,-1.75
2010-03-04 0:00,NaN,NaN,210.58,8.5,-1.55
2010-03-05 0:00,NaN,NaN,209.36,7.1,-3.35
2010-03-06 0:00,NaN,NaN,210.16,4,-3.2
2010-03-07 0:00,NaN,NaN,210,1.4,-6.35
2010-03-08 0:00,NaN,NaN,209.55,-2.6,-10.65
2010-03-09 0:00,NaN,NaN,208.99,-2.6,-9.8
2010-03-10 0:00,NaN,NaN,208.48,-0.8,-10.6
2010-03-11 0:00,NaN,NaN,207.87,-2,-9.5
2010-03-12 0:00,NaN,NaN,207.26,1.4,-6.75
2010-03-13 0:00,NaN,NaN,206.85,3.6,-6.25
2010-03-14 0:00,NaN,NaN,206.68,2.8,-4.25
2010-03-15 0:00,-11.94,-2.8,206.48,6.4,-3.75
2010-03-16 0:00,NaN,NaN,206.49,9.1,-1.1
2010-03-17 0:00,NaN,NaN,206.5,11,2.1
2010-03-18 0:00,NaN,NaN,206.51,10.7,3.55
2010-03-19 0:00,NaN,NaN,206.51,14.3,5.05
2010-03-20 0:00,NaN,NaN,206.61,14.1,6.45
2010-03-21 0:00,NaN,NaN,206.74,10.7,3.9
2010-03-22 0:00,NaN,NaN,206.87,11.7,1.75
2010-03-23 0:00,NaN,NaN,207.09,13.4,3.7
2010-03-24 0:00,NaN,NaN,207.28,14.8,3.5
2010-03-25 0:00,NaN,NaN,207.37,13.3,3.05
2010-03-26 0:00,NaN,NaN,207.44,10.3,2.05
2010-03-27 0:00,NaN,NaN,207.52,9.6,1.15
2010-03-28 0:00,NaN,NaN,207.6,10.9,3.45
2010-03-29 0:00,-13.95,-3.05,207.69,13.4,4.45
2010-03-30 0:00,NaN,NaN,207.85,9.6,0.4
2010-03-31 0:00,NaN,NaN,207.95,10.5,-0.25
2010-04-01 0:00,NaN,NaN,208.05,8,-2.35
2010-04-02 0:00,NaN,NaN,208.06,10.3,0.55
2010-04-03 0:00,NaN,NaN,208.08,8.3,1.05
2010-04-04 0:00,NaN,NaN,207.96,8.1,-0.95
2010-04-05 0:00,NaN,NaN,208.04,7.2,1.1
2010-04-06 0:00,NaN,NaN,207.91,11.9,5.1
2010-04-07 0:00,NaN,NaN,208.04,8.4,-0.6
2010-04-08 0:00,NaN,NaN,208.11,8.9,-1.6
2010-04-09 0:00,NaN,NaN,208.22,9.2,2
2010-04-10 0:00,NaN,NaN,208.28,12.5,3.75
2010-04-11 0:00,NaN,NaN,208.4,11.8,3.5
2010-04-12 0:00,-15.81,-3.12,208.51,9.8,-1.55
2010-04-13 0:00,NaN,NaN,208.41,6.8,-1.4
2010-04-14 0:00,NaN,NaN,208.26,9.3,-1.65
2010-04-15 0:00,NaN,NaN,208.04,10.6,0.65
2010-04-16 0:00,NaN,NaN,208.11,9.4,1.45
2010-04-17 0:00,NaN,NaN,208.13,11.3,2.2
2010-04-18 0:00,NaN,NaN,208.26,11.8,3.95
2010-04-19 0:00,-13.43,-3.23,208.3,12.9,3.15
2010-04-20 0:00,NaN,NaN,208.39,13.2,4.9
2010-04-21 0:00,NaN,NaN,208.58,15.4,6.25
2010-04-22 0:00,NaN,NaN,208.82,15.1,5.6
2010-04-23 0:00,NaN,NaN,209.06,13.6,3.05
2010-04-24 0:00,NaN,NaN,209.32,16.6,5.2
2010-04-25 0:00,NaN,NaN,209.67,15.1,7
2010-04-26 0:00,-14.97,-3.18,210.13,17.2,7.3
2010-04-27 0:00,NaN,NaN,210.61,15.6,7.2
2010-04-28 0:00,NaN,NaN,211.14,16.8,8.55
2010-04-29 0:00,NaN,NaN,211.64,16.6,10.05
2010-04-30 0:00,NaN,NaN,212.14,13.9,7.55
2010-05-01 0:00,NaN,NaN,212.69,12.1,5
2010-05-02 0:00,NaN,NaN,213.69,12.2,2.4
2010-05-03 0:00,NaN,NaN,213.77,8.6,-2.35
2010-05-04 0:00,NaN,NaN,214.11,3.1,-4.8
2010-05-05 0:00,NaN,NaN,214.38,5.2,-2.7
2010-05-06 0:00,NaN,NaN,214.48,6.3,-1.7
2010-05-07 0:00,NaN,NaN,214.54,9,1.15
2010-05-08 0:00,NaN,NaN,214.61,11.8,3.85
2010-05-09 0:00,NaN,NaN,214.74,14.8,4.6
2010-05-10 0:00,NaN,NaN,214.86,13.3,4.9
2010-05-11 0:00,-12.92,-2.65,215.03,12.1,4.25
2010-05-12 0:00,NaN,NaN,215.26,12.2,1.4
2010-05-13 0:00,NaN,NaN,215.41,8,-1.6
2010-05-14 0:00,NaN,NaN,215.68,8.8,-2.3
2010-05-15 0:00,NaN,NaN,215.85,8.4,-1.6
2010-05-16 0:00,NaN,NaN,215.96,10.3,0.55
2010-05-17 0:00,NaN,NaN,216.11,12.5,2.65
2010-05-18 0:00,NaN,NaN,216.15,12.4,4.35
2010-05-19 0:00,NaN,NaN,216.34,13.9,3.75
2010-05-20 0:00,NaN,NaN,216.53,13.4,6.15
2010-05-21 0:00,NaN,NaN,216.73,15.2,7.5
2010-05-22 0:00,NaN,NaN,217.42,16.9,8.05
2010-05-23 0:00,NaN,NaN,217.42,17.5,7.65
2010-05-24 0:00,-14.03,-2.28,217.815,18.8,10.25
2010-05-25 0:00,NaN,NaN,218.3,20.5,10.1
2010-05-26 0:00,NaN,NaN,218.74,18,10.1
2010-05-27 0:00,NaN,NaN,219.32,15.1,7.25
2010-05-28 0:00,NaN,NaN,219.91,13.7,5.25
2010-05-29 0:00,NaN,NaN,220.42,16.5,7.15
2010-05-30 0:00,NaN,NaN,220.93,18.3,9.05
2010-05-31 0:00,-12.96,-1.62,221.625,18,8.65
2010-06-01 0:00,NaN,NaN,222.23,17.7,10.05
2010-06-02 0:00,NaN,NaN,222.855,17.6,9.6
2010-06-03 0:00,NaN,NaN,223.45,17.1,8.1
2010-06-04 0:00,NaN,NaN,223.91,18,10.45
2010-06-05 0:00,NaN,NaN,224.37,21.1,12.45
2010-06-06 0:00,NaN,NaN,224.8,16.4,9.4
2010-06-07 0:00,-11.23,0.22,225.45,19,10.8
2010-06-08 0:00,NaN,NaN,225.95,16.4,10.7
2010-06-09 0:00,-10.03,0.31,226.435,18.2,8.8
2010-06-10 0:00,NaN,NaN,227.05,20.2,8.35
2010-06-11 0:00,NaN,NaN,227.62,14.8,6.5
2010-06-12 0:00,NaN,NaN,228.06,14.4,6.45
2010-06-13 0:00,NaN,NaN,228.46,17.9,7.5
2010-06-14 0:00,NaN,NaN,228.77,12.5,5.05
2010-06-15 0:00,NaN,NaN,229.16,13.7,3.4
2010-06-16 0:00,NaN,NaN,229.49,15.2,5.1
2010-06-17 0:00,NaN,NaN,229.77,14.5,4.9
2010-06-18 0:00,NaN,NaN,230.01,14.9,6.2
2010-06-19 0:00,NaN,NaN,230.28,14,5.35
2010-06-20 0:00,NaN,NaN,230.63,11.7,1.85
2010-06-21 0:00,1.68,1.56,230.855,13.2,5.2
2010-06-22 0:00,NaN,NaN,231.01,14,7.3
2010-06-23 0:00,NaN,NaN,231.22,15.9,8.8
2010-06-24 0:00,NaN,NaN,231.33,18.3,10.6
2010-06-25 0:00,NaN,NaN,231.46,19.9,12.25
2010-06-26 0:00,NaN,NaN,231.65,20.9,12.1
2010-06-27 0:00,NaN,NaN,231.83,20.3,11.25
2010-06-28 0:00,NaN,NaN,232.18,21.6,10.75
2010-06-29 0:00,-0.58,2.24,232.38,22,11.2
2010-06-30 0:00,NaN,NaN,232.56,22.7,12.1
2010-07-01 0:00,NaN,NaN,232.73,24.1,14.05
2010-07-02 0:00,NaN,NaN,232.85,23.6,15.05
2010-07-03 0:00,NaN,NaN,232.87,21.2,12.75
2010-07-04 0:00,NaN,NaN,232.9,21.6,12.8
2010-07-05 0:00,-2.85,2.39,233.03,20.8,12.8
2010-07-06 0:00,NaN,NaN,233.12,21.2,13.2
2010-07-07 0:00,NaN,NaN,233.17,22.3,14.5
2010-07-08 0:00,NaN,NaN,233.22,25.2,17.25
2010-07-09 0:00,NaN,NaN,233.33,22.8,16.45
2010-07-10 0:00,NaN,NaN,233.45,23,15.2
2010-07-11 0:00,NaN,NaN,233.55,23.6,15.95
2010-07-12 0:00,NaN,NaN,233.67,20.1,15.8
2010-07-13 0:00,NaN,NaN,233.68,23.3,15.7
2010-07-14 0:00,NaN,NaN,233.76,20.7,16.95
2010-07-15 0:00,-6.08,2.42,233.78,20.6,13.55
2010-07-16 0:00,NaN,NaN,233.86,20.8,14.7
2010-07-17 0:00,NaN,NaN,233.84,17.6,11.85
2010-07-18 0:00,NaN,NaN,233.88,21.3,13.75
2010-07-19 0:00,-7,2.37,233.905,20.5,14.95
2010-07-20 0:00,NaN,NaN,233.89,20.8,14.25
2010-07-21 0:00,NaN,NaN,233.89,18.6,14.55
2010-07-22 0:00,NaN,NaN,233.94,16.1,11.15
2010-07-23 0:00,NaN,NaN,234.04,18,9.15
2010-07-24 0:00,NaN,NaN,234.08,18.5,8.75
2010-07-25 0:00,NaN,NaN,234.12,16.5,9.1
2010-07-26 0:00,-4.52,2.38,234.13,19.5,9.75
2010-07-27 0:00,NaN,NaN,234.12,19.9,11.55
2010-07-28 0:00,NaN,NaN,234.13,21,12.75
2010-07-29 0:00,NaN,NaN,234.15,20.7,12.8
2010-07-30 0:00,NaN,NaN,234.14,19.4,11
2010-07-31 0:00,NaN,NaN,234.16,21.5,12.95
2010-08-01 0:00,-6.06,2.33,234.18,18.4,15.4
2010-08-02 0:00,NaN,NaN,234.18,17.2,11.55
2010-08-03 0:00,NaN,NaN,234.2,18.9,10.15
2010-08-04 0:00,NaN,NaN,234.185,19.9,10.55
2010-08-05 0:00,NaN,NaN,234.21,18.6,9.75
2010-08-06 0:00,NaN,NaN,234.17,18.4,9.05
2010-08-07 0:00,-4.79,2.3,234.16,19.5,12.55
2010-08-08 0:00,NaN,NaN,234.17,19.6,14.15
2010-08-09 0:00,NaN,NaN,234.17,18.5,14.25
2010-08-10 0:00,NaN,NaN,234.23,22,13.8
2010-08-11 0:00,NaN,NaN,234.22,19.3,13.1
2010-08-12 0:00,NaN,NaN,234.23,18.4,10.4
2010-08-13 0:00,NaN,NaN,234.26,16.7,7.75
2010-08-14 0:00,NaN,NaN,234.27,16.3,6.65
2010-08-15 0:00,NaN,NaN,234.24,16.8,7.45
2010-08-16 0:00,-1.7,2.29,234.24,16.2,8.05
2010-08-17 0:00,NaN,NaN,234.24,19.1,10.85
2010-08-18 0:00,NaN,NaN,234.24,19.7,12.75
2010-08-19 0:00,NaN,NaN,234.26,19.1,13.2
2010-08-20 0:00,NaN,NaN,234.26,23.8,13.25
2010-08-21 0:00,NaN,NaN,234.2,25.1,15.65
2010-08-22 0:00,NaN,NaN,234.23,25.7,16.7
2010-08-23 0:00,NaN,NaN,234.26,24,16.35
2010-08-24 0:00,-6.9,2.16,234.245,19,12.4
2010-08-25 0:00,NaN,NaN,234.26,21.8,14.7
2010-08-26 0:00,NaN,NaN,234.22,27.6,17.85
2010-08-27 0:00,NaN,NaN,234.11,22,16.2
2010-08-28 0:00,NaN,NaN,234.09,18.3,11.1
2010-08-29 0:00,NaN,NaN,234.1,17.9,9.8
2010-08-30 0:00,NaN,NaN,234.1,16.7,8.55
2010-08-31 0:00,-6.35,2.05,234.07,15.5,8.3
2010-09-01 0:00,NaN,NaN,234.07,18.7,11.6
2010-09-02 0:00,NaN,NaN,234.09,19.2,11.4
2010-09-03 0:00,NaN,NaN,234.13,20.6,12
2010-09-04 0:00,NaN,NaN,234.12,20.1,12.05
2010-09-05 0:00,NaN,NaN,234.08,20.6,13.3
2010-09-06 0:00,-7.8,2,233.985,22.2,13.25
2010-09-07 0:00,NaN,NaN,233.95,19.3,11.6
2010-09-08 0:00,NaN,NaN,233.91,16.3,7.6
2010-09-09 0:00,NaN,NaN,233.86,16,6.45
2010-09-10 0:00,NaN,NaN,233.79,16.9,8.5
2010-09-11 0:00,NaN,NaN,233.72,19.4,10.9
2010-09-12 0:00,NaN,NaN,233.57,16.2,10.75
2010-09-13 0:00,-6.04,1.93,233.46,18.1,9.65
2010-09-14 0:00,NaN,NaN,233.46,16.8,9.95
2010-09-15 0:00,NaN,NaN,233.45,18.1,12.4
2010-09-16 0:00,NaN,NaN,233.45,14.4,10.2
2010-09-17 0:00,NaN,NaN,233.44,14.5,8.75
2010-09-18 0:00,NaN,NaN,233.47,14.3,6.2
2010-09-19 0:00,NaN,NaN,233.48,13.9,7.3
2010-09-20 0:00,-4.34,1.94,233.475,15.9,8.3
2010-09-21 0:00,NaN,NaN,233.48,19.2,7.65
2010-09-22 0:00,NaN,NaN,233.48,19.5,10.4
2010-09-23 0:00,NaN,NaN,233.48,17.4,9.5
2010-09-24 0:00,NaN,NaN,233.49,16.6,6.95
2010-09-25 0:00,NaN,NaN,233.51,14.4,3.4
2010-09-26 0:00,NaN,NaN,233.54,12,3.2
2010-09-27 0:00,0.63,2.03,233.525,10,2.65
2010-09-28 0:00,NaN,NaN,233.52,12.6,3.45
2010-09-29 0:00,NaN,NaN,233.51,13,5.85
2010-09-30 0:00,NaN,NaN,233.51,11.3,6.6
2010-10-01 0:00,NaN,NaN,233.51,16.5,8.25
2010-10-02 0:00,NaN,NaN,233.5,19.1,10.2
2010-10-03 0:00,NaN,NaN,233.51,19.4,10.7
2010-10-04 0:00,-0.09,2.04,233.525,15.2,8.2
2010-10-05 0:00,NaN,NaN,233.53,15.4,7.65
2010-10-06 0:00,NaN,NaN,233.53,16.3,10.05
2010-10-07 0:00,NaN,NaN,233.53,18.5,11.15
2010-10-08 0:00,NaN,NaN,233.54,19,12
2010-10-09 0:00,NaN,NaN,233.57,18.5,10.65
2010-10-10 0:00,NaN,NaN,233.55,14.3,6.2
2010-10-11 0:00,0.71,2.06,233.725,14.2,4.65
2010-10-12 0:00,NaN,NaN,233.99,14.9,4.65
2010-10-13 0:00,NaN,NaN,234.11,15.6,6.35
2010-10-14 0:00,NaN,NaN,234.23,12.3,5.15
2010-10-15 0:00,NaN,NaN,234.29,10.5,3.4
2010-10-16 0:00,NaN,NaN,234.27,10.6,0.45
2010-10-17 0:00,NaN,NaN,234.21,9.4,-0.85
2010-10-18 0:00,6.3,2.29,234.275,8.2,0.55
2010-10-19 0:00,NaN,NaN,234.11,6.9,1.3
2010-10-20 0:00,NaN,NaN,233.99,9,2.15
2010-10-21 0:00,NaN,NaN,233.73,9.6,3.3
2010-10-22 0:00,NaN,NaN,233.36,10.5,5.75
2010-10-23 0:00,NaN,NaN,233.08,11.5,5.3
2010-10-24 0:00,NaN,NaN,232.82,12.9,3.75
2010-10-25 0:00,NaN,NaN,232.57,7.4,-3.15
2010-10-26 0:00,6.38,2.13,232.235,5.7,-0.35
2010-10-27 0:00,NaN,NaN,232.07,8.2,3.45
2010-10-28 0:00,NaN,NaN,231.89,11.4,6.5
2010-10-29 0:00,2.43,2,231.71,12.6,6.6
2010-10-30 0:00,NaN,NaN,231.6,12.4,3.5
2010-10-31 0:00,NaN,NaN,231.62,8.7,1.5
2010-11-01 0:00,NaN,NaN,231.58,10,0.6
2010-11-02 0:00,3.67,2.05,231.72,12.6,2.75
2010-11-03 0:00,5.37,2.08,231.705,12.1,5.8
2010-11-04 0:00,NaN,NaN,231.74,13.8,7.75
2010-11-05 0:00,NaN,NaN,231.74,10.8,7.75
2010-11-06 0:00,NaN,NaN,231.72,11.1,6.6
2010-11-07 0:00,NaN,NaN,231.7,8.9,0.35
2010-11-08 0:00,4.19,2.09,231.58,7.3,-1.2
2010-11-09 0:00,NaN,NaN,231.43,10.2,0.65
2010-11-10 0:00,NaN,NaN,231.32,7.1,-0.95
2010-11-11 0:00,NaN,NaN,231.22,7.8,-1.3
2010-11-12 0:00,NaN,NaN,231.13,15,4.8
2010-11-13 0:00,NaN,NaN,231.14,12.2,7.15
2010-11-14 0:00,NaN,NaN,231.2,11.2,6.25
2010-11-15 0:00,3.45,2.12,231.25,8.4,-1.25
2010-11-16 0:00,NaN,NaN,231.27,8.2,-2.3
2010-11-17 0:00,NaN,NaN,231.25,4.5,-3.55
2010-11-18 0:00,NaN,NaN,231.06,7.2,-0.35
2010-11-19 0:00,NaN,NaN,230.9,5.2,-1.9
2010-11-20 0:00,NaN,NaN,230.8,7.8,-2.35
2010-11-21 0:00,NaN,NaN,230.61,4.1,-2.3
2010-11-22 0:00,7.51,2.21,230.575,7.4,-2.45
2010-11-23 0:00,NaN,NaN,230.53,7.1,-2.6
2010-11-24 0:00,NaN,NaN,230.4,3.6,-3.4
2010-11-25 0:00,NaN,NaN,230.35,4.8,-4.95
2010-11-26 0:00,NaN,NaN,230.05,3.3,-5.8
2010-11-27 0:00,NaN,NaN,229.88,2.3,-5.8
2010-11-28 0:00,NaN,NaN,229.68,2.5,-6.2
2010-11-29 0:00,NaN,NaN,229.49,1.3,-8.8
2010-11-30 0:00,NaN,NaN,229.19,3.5,-3.45
2010-12-01 0:00,NaN,NaN,228.89,2.6,-4.45
2010-12-02 0:00,NaN,NaN,228.47,2.5,-7.45
2010-12-03 0:00,NaN,NaN,228.06,-0.7,-8.3
2010-12-04 0:00,NaN,NaN,227.61,2.4,-5.1
2010-12-05 0:00,NaN,NaN,227.2,4.2,0.2
2010-12-06 0:00,6.98,1.74,226.805,11.6,5.6
2010-12-07 0:00,NaN,NaN,226.48,11.3,5.05
2010-12-08 0:00,NaN,NaN,226.28,13.8,6.1
2010-12-09 0:00,NaN,NaN,226.14,5.2,2.5
2010-12-10 0:00,NaN,NaN,225.98,5.8,0.65
2010-12-11 0:00,NaN,NaN,225.68,6.4,2.45
2010-12-12 0:00,NaN,NaN,225.48,7.2,3.5
2010-12-13 0:00,NaN,NaN,225.43,2.1,0.3
2010-12-14 0:00,NaN,NaN,224.88,1.8,-4.1
2010-12-15 0:00,NaN,NaN,224.51,-1.1,-9.3
2010-12-16 0:00,NaN,NaN,224.09,1.2,-7.15
2010-12-17 0:00,NaN,NaN,223.77,3.7,-5.6
2010-12-18 0:00,NaN,NaN,223.36,-1.7,-6.3
2010-12-19 0:00,NaN,NaN,223,2.3,-1.35
2010-12-20 0:00,3.3,0.87,222.71,4.9,-0.55
2010-12-21 0:00,NaN,NaN,222.56,4.2,-2.1
2010-12-22 0:00,NaN,NaN,222.35,8.8,1.9
2010-12-23 0:00,NaN,NaN,222.32,5.7,-0.85
2010-12-24 0:00,NaN,NaN,222.17,2.1,-4.2
2010-12-25 0:00,NaN,NaN,222.02,-1.1,-6.8
2010-12-26 0:00,NaN,NaN,221.83,-2.7,-5.5
2010-12-27 0:00,NaN,NaN,221.64,2.6,-1.95
2010-12-28 0:00,NaN,NaN,221.33,6.8,2.8
2010-12-29 0:00,NaN,NaN,221.18,6.6,4.2
2010-12-30 0:00,NaN,NaN,221.09,5,2.95
2010-12-31 0:00,NaN,NaN,221.08,7.8,0.85
2011-01-01 0:00,NaN,NaN,220.93,4.4,-0.05
2011-01-02 0:00,NaN,NaN,220.85,3.9,-1.4
2011-01-03 0:00,0.28,0.37,220.82,0.7,-3.55
2011-01-04 0:00,NaN,NaN,220.73,3.2,-1.85
2011-01-05 0:00,NaN,NaN,220.62,7.5,-0.05
2011-01-06 0:00,NaN,NaN,220.41,9.7,3.5
2011-01-07 0:00,NaN,NaN,220.34,10.1,5.45
2011-01-08 0:00,NaN,NaN,220.26,10.2,2.95
2011-01-09 0:00,NaN,NaN,220.27,6.1,-0.35
2011-01-10 0:00,NaN,NaN,220.25,5.2,-1.65
2011-01-11 0:00,NaN,NaN,220.2,6.5,-1.3
2011-01-12 0:00,NaN,NaN,220.12,5.7,0.1
2011-01-13 0:00,NaN,NaN,220.12,11,4.1
2011-01-14 0:00,NaN,NaN,220,10.2,5.7
2011-01-15 0:00,NaN,NaN,219.96,8.6,3.75
2011-01-16 0:00,NaN,NaN,219.97,7.7,5.05
2011-01-17 0:00,NaN,NaN,219.97,7.1,3.35
2011-01-18 0:00,-3.05,0.1,219.957,8.1,1.2
2011-01-19 0:00,NaN,NaN,219.94,8.3,0.85
2011-01-20 0:00,NaN,NaN,219.95,2.3,-3.15
2011-01-21 0:00,NaN,NaN,219.81,0.4,-9.8
2011-01-22 0:00,NaN,NaN,219.55,-1.4,-10
2011-01-23 0:00,NaN,NaN,219.31,-2.9,-8.5
2011-01-24 0:00,NaN,NaN,219.08,-2,-6.05
2011-01-25 0:00,NaN,NaN,218.8,-2,-4.45
2011-01-26 0:00,NaN,NaN,218.61,0.3,-4.4
2011-01-27 0:00,NaN,NaN,218.34,0.7,-4.3
2011-01-28 0:00,NaN,NaN,218.14,4.6,-3.8
2011-01-29 0:00,NaN,NaN,217.96,2.4,-4.25
2011-01-30 0:00,NaN,NaN,217.69,2.8,-5.9
2011-01-31 0:00,0.64,-0.53,217.365,0.9,-5.25
2011-02-01 0:00,NaN,NaN,216.87,0.7,-4.95
2011-02-02 0:00,NaN,NaN,216.33,1,-4.55
2011-02-03 0:00,NaN,NaN,216.21,3.3,-3.5
2011-02-04 0:00,NaN,NaN,215.97,6.5,0.2
2011-02-05 0:00,NaN,NaN,215.79,7.3,2.25
2011-02-06 0:00,NaN,NaN,215.71,9.8,3.75
2011-02-07 0:00,NaN,NaN,215.67,10.7,3.3
2011-02-08 0:00,NaN,NaN,215.56,9.9,1.95
2011-02-09 0:00,NaN,NaN,215.5,9.3,1.35
2011-02-10 0:00,NaN,NaN,215.38,10.1,1.65
2011-02-11 0:00,NaN,NaN,215.33,9.5,1.8
2011-02-12 0:00,NaN,NaN,215.29,7,-0.15
2011-02-13 0:00,NaN,NaN,215.28,8.6,-1.1
2011-02-14 0:00,-5.9,-1.15,214.995,6,-3.95
2011-02-15 0:00,NaN,NaN,214.69,7.5,-2
2011-02-16 0:00,NaN,NaN,214.36,8.4,-1.4
2011-02-17 0:00,NaN,NaN,214.11,3.4,-4.55
2011-02-18 0:00,NaN,NaN,213.97,8.8,-1.7
2011-02-19 0:00,NaN,NaN,213.73,7.7,0.2
2011-02-20 0:00,NaN,NaN,213.68,8.7,-0.7
2011-02-21 0:00,NaN,NaN,213.64,6.8,-2.25
2011-02-22 0:00,NaN,NaN,213.63,7.6,-1.85
2011-02-23 0:00,NaN,NaN,213.63,6.7,-1
2011-02-24 0:00,NaN,NaN,213.58,10.3,1.8
2011-02-25 0:00,NaN,NaN,213.47,10.2,3.2
2011-02-26 0:00,NaN,NaN,213.42,7.6,2.3
2011-02-27 0:00,NaN,NaN,213.35,5.6,-4.85
2011-02-28 0:00,NaN,NaN,213.25,1.9,-6.75
2011-03-01 0:00,NaN,NaN,213.19,3.3,-5.3
2011-03-02 0:00,NaN,NaN,213.09,2.8,-5.15
2011-03-03 0:00,NaN,NaN,212.77,3.7,-6.6
2011-03-04 0:00,NaN,NaN,212.62,5.4,-3.6
2011-03-05 0:00,NaN,NaN,212.35,6.1,-1.75
2011-03-06 0:00,NaN,NaN,212.27,7,-1.25
2011-03-07 0:00,NaN,NaN,212.25,7.9,0.2
2011-03-08 0:00,NaN,NaN,212.26,9.2,0.05
2011-03-09 0:00,NaN,NaN,NaN,8.6,1.3
2011-03-10 0:00,NaN,NaN,212.24,7.5,1.7
2011-03-11 0:00,NaN,NaN,212.15,9.2,1.05
2011-03-12 0:00,NaN,NaN,211.98,10.8,-1.35
2011-03-13 0:00,NaN,NaN,211.97,11,1.55
2011-03-14 0:00,-9.25,-2.01,211.865,11.3,0.95
2011-03-15 0:00,NaN,NaN,211.83,11.7,-0.05
2011-03-16 0:00,NaN,NaN,211.81,9,-0.8
2011-03-17 0:00,NaN,NaN,211.77,9.8,-0.65
2011-03-18 0:00,NaN,NaN,211.71,10,2.05
2011-03-19 0:00,NaN,NaN,211.7,11.5,1.55
2011-03-20 0:00,NaN,NaN,211.7,9.8,1.35
2011-03-21 0:00,NaN,NaN,211.71,10.2,0.95
2011-03-22 0:00,NaN,NaN,211.7,8.8,-1.3
2011-03-23 0:00,NaN,NaN,211.96,8.2,0.15
2011-03-24 0:00,NaN,NaN,211.64,9.9,2.2
2011-03-25 0:00,NaN,NaN,211.66,10.5,3.15
2011-03-26 0:00,NaN,NaN,211.67,12,2.7
2011-03-27 0:00,NaN,NaN,211.66,11.2,3.1
2011-03-28 0:00,-11.96,-2.11,211.69,10.2,1.65
2011-03-29 0:00,NaN,NaN,211.76,10.4,0.8
2011-03-30 0:00,NaN,NaN,211.77,10.9,1.7
2011-03-31 0:00,NaN,NaN,211.81,14.3,4.9
2011-04-01 0:00,NaN,NaN,211.85,15.8,7.35
2011-04-02 0:00,NaN,NaN,212.12,16.8,8.4
2011-04-03 0:00,NaN,NaN,212.42,12.6,7.8
2011-04-04 0:00,NaN,NaN,212.7,10.8,5.1
2011-04-05 0:00,NaN,NaN,213.22,13,7.05
2011-04-06 0:00,NaN,NaN,213.71,17.1,9.65
2011-04-07 0:00,NaN,NaN,214.03,18.1,10.4
2011-04-08 0:00,NaN,NaN,214.44,18.3,11.25
2011-04-09 0:00,NaN,NaN,214.92,18.7,11.5
2011-04-10 0:00,NaN,NaN,215.41,13.5,6.8
2011-04-11 0:00,-16.99,-1.88,215.89,13.9,5.4
2011-04-12 0:00,NaN,NaN,216.31,13,5.1
2011-04-13 0:00,NaN,NaN,216.66,10.2,4.3
2011-04-14 0:00,NaN,NaN,216.88,10.6,4.3
2011-04-15 0:00,NaN,NaN,217.03,9.9,2.55
2011-04-16 0:00,NaN,NaN,217.24,10.7,2.85
2011-04-17 0:00,NaN,NaN,217.4,13.3,4.45
2011-04-18 0:00,NaN,NaN,217.56,15.4,5.55
2011-04-19 0:00,NaN,NaN,217.75,14,5.25
2011-04-20 0:00,NaN,NaN,217.94,14.4,5.9
2011-04-21 0:00,NaN,NaN,218.12,15.8,6.35
2011-04-22 0:00,NaN,NaN,218.39,14.8,4.3
2011-04-23 0:00,NaN,NaN,218.56,11,2
2011-04-24 0:00,NaN,NaN,218.79,13,3.1
2011-04-25 0:00,-11.42,-1.43,218.93,13.2,4.05
2011-04-26 0:00,NaN,NaN,219.19,15.5,5.85
2011-04-27 0:00,NaN,NaN,219.415,13.9,5.25
2011-04-28 0:00,NaN,NaN,219.61,13.4,2.85
2011-04-29 0:00,NaN,NaN,219.7,12.8,3.05
2011-04-30 0:00,NaN,NaN,219.63,13.9,5
2011-05-01 0:00,NaN,NaN,219.84,13.9,6.55
2011-05-02 0:00,NaN,NaN,219.92,13.6,4.6
2011-05-03 0:00,NaN,NaN,220.05,13.2,4.15
2011-05-04 0:00,NaN,NaN,220.04,15.3,4.8
2011-05-05 0:00,NaN,NaN,220.13,15.5,5.6
2011-05-06 0:00,NaN,NaN,220.36,19,7.6
2011-05-07 0:00,NaN,NaN,220.5,19.5,6.75
2011-05-08 0:00,NaN,NaN,221.04,16.5,8.15
2011-05-09 0:00,NaN,NaN,221.58,18.9,9.35
2011-05-10 0:00,-10.66,-0.78,221.923,19.6,9.45
2011-05-11 0:00,NaN,NaN,222.16,19.4,9.55
2011-05-12 0:00,NaN,NaN,222.2,17.8,7.65
2011-05-13 0:00,NaN,NaN,222.53,19.3,8.55
2011-05-14 0:00,NaN,NaN,222.88,13.1,6.35
2011-05-15 0:00,NaN,NaN,223.17,13.3,3.15
2011-05-16 0:00,NaN,NaN,223.53,13.6,4.85
2011-05-17 0:00,-8.67,-0.29,223.72,15.8,7.25
2011-05-18 0:00,NaN,NaN,223.82,16.8,7.8
2011-05-19 0:00,NaN,NaN,223.9,16.5,7
2011-05-20 0:00,NaN,NaN,224.02,15.8,6.55
2011-05-21 0:00,NaN,NaN,224.04,18.2,7.8
2011-05-22 0:00,NaN,NaN,224.22,16.5,8.35
2011-05-23 0:00,-9.51,-0.12,224.483,20.3,10.1
2011-05-24 0:00,NaN,NaN,224.67,17.2,9.85
2011-05-25 0:00,NaN,NaN,224.86,19.6,10.6
2011-05-26 0:00,NaN,NaN,225.01,15,9.7
2011-05-27 0:00,NaN,NaN,225.22,12.3,5.9
2011-05-28 0:00,NaN,NaN,225.54,15.3,7.95
2011-05-29 0:00,NaN,NaN,225.76,17.4,9.7
2011-05-30 0:00,NaN,NaN,225.93,18.2,10.25
2011-05-31 0:00,NaN,NaN,226.12,13.5,5.05
2011-06-01 0:00,NaN,NaN,226.37,11.3,0.95
2011-06-02 0:00,NaN,NaN,226.58,10.7,0.95
2011-06-03 0:00,NaN,NaN,226.74,15.6,4.65
2011-06-04 0:00,NaN,NaN,227,15.4,5.6
2011-06-05 0:00,NaN,NaN,227.54,16,6.1
2011-06-06 0:00,-5.09,0.75,227.87,17.4,7.95
2011-06-07 0:00,NaN,NaN,228.18,13,5.55
2011-06-08 0:00,NaN,NaN,228.49,14.3,3.85
2011-06-09 0:00,NaN,NaN,228.75,14.2,5.15
2011-06-10 0:00,NaN,NaN,228.96,13.6,5.3
2011-06-11 0:00,NaN,NaN,229.18,14.5,5.05
2011-06-12 0:00,NaN,NaN,229.36,17,8.25
2011-06-13 0:00,NaN,NaN,229.52,19.7,9.65
2011-06-14 0:00,NaN,NaN,229.71,18.9,9.6
2011-06-15 0:00,NaN,NaN,229.7,20,10.9
2011-06-16 0:00,NaN,NaN,229.77,16.5,11.35
2011-06-17 0:00,NaN,NaN,229.84,20,12.65
2011-06-18 0:00,NaN,NaN,229.83,14.4,8
2011-06-19 0:00,NaN,NaN,229.93,14.3,8
2011-06-20 0:00,-6.69,1.36,230.02,18.6,12.3
2011-06-21 0:00,-6.865,1.355,230.023,19.6,14.45
2011-06-22 0:00,NaN,NaN,230.15,17,12.6
2011-06-23 0:00,NaN,NaN,230.22,14.9,8.9
2011-06-24 0:00,NaN,NaN,230.35,16.8,9.75
2011-06-25 0:00,NaN,NaN,230.45,18.2,12.45
2011-06-26 0:00,NaN,NaN,230.52,24.2,16.3
2011-06-27 0:00,NaN,NaN,230.59,24.4,17.35
2011-06-28 0:00,NaN,NaN,230.66,20.1,15.95
2011-06-29 0:00,NaN,NaN,230.69,15,9.25
2011-06-30 0:00,NaN,NaN,230.68,17.6,10.05
2011-07-01 0:00,NaN,NaN,230.75,18.7,10.8
2011-07-02 0:00,NaN,NaN,230.71,18.2,11.8
2011-07-03 0:00,NaN,NaN,230.75,20.4,13.75
2011-07-04 0:00,-9,1.32,230.77,18.9,9.55
2011-07-05 0:00,NaN,NaN,230.9,19.7,11.75
2011-07-06 0:00,NaN,NaN,230.9,16,10.85
2011-07-07 0:00,NaN,NaN,230.91,16,11.25
2011-07-08 0:00,NaN,NaN,230.975,19.5,11.35
2011-07-09 0:00,NaN,NaN,230.96,17.9,12.5
2011-07-10 0:00,NaN,NaN,231.02,20,12.6
2011-07-11 0:00,NaN,NaN,231.03,23.7,15.6
2011-07-12 0:00,NaN,NaN,231.03,21.7,14.95
2011-07-13 0:00,NaN,NaN,231.06,16.9,9.65
2011-07-14 0:00,NaN,NaN,231.07,17.7,8.05
2011-07-15 0:00,NaN,NaN,231.12,16.8,9.55
2011-07-16 0:00,NaN,NaN,231.19,20.2,13.9
2011-07-17 0:00,NaN,NaN,231.25,15.5,12.7
2011-07-18 0:00,-6.58,1.35,231.265,13.9,9.75
2011-07-19 0:00,NaN,NaN,231.3,15,9.95
2011-07-20 0:00,NaN,NaN,231.31,17,6.95
2011-07-21 0:00,NaN,NaN,231.33,14.4,7
2011-07-22 0:00,NaN,NaN,231.36,14.5,6.2
2011-07-23 0:00,NaN,NaN,231.36,14.5,6
2011-07-24 0:00,NaN,NaN,231.39,16.4,6.9
2011-07-25 0:00,NaN,NaN,231.42,17,7.15
2011-07-26 0:00,NaN,NaN,231.8,18.2,9.8
2011-07-27 0:00,NaN,NaN,232.11,18.7,8.2
2011-07-28 0:00,NaN,NaN,232.32,18.6,8.3
2011-07-29 0:00,NaN,NaN,232.44,19.6,9.1
2011-07-30 0:00,NaN,NaN,232.51,20.3,9.85
2011-07-31 0:00,NaN,NaN,232.55,19.1,8.85
2011-08-01 0:00,-4.28,1.6,232.63,19.4,11.45
2011-08-02 0:00,NaN,NaN,232.67,22.4,14.1
2011-08-03 0:00,NaN,NaN,232.68,20,10.1
2011-08-04 0:00,NaN,NaN,232.7,21.9,10.8
2011-08-05 0:00,NaN,NaN,232.71,20.7,10.5
2011-08-06 0:00,NaN,NaN,232.81,23.7,12.05
2011-08-07 0:00,NaN,NaN,232.91,17.6,9.45
2011-08-08 0:00,NaN,NaN,232.99,17,7.45
2011-08-09 0:00,-4.5,1.64,233.035,15.5,5.65
2011-08-10 0:00,NaN,NaN,233.04,16.8,7.45
2011-08-11 0:00,NaN,NaN,232.93,18.5,11.6
2011-08-12 0:00,NaN,NaN,232.89,18.9,13.45
2011-08-13 0:00,NaN,NaN,232.74,20.8,14.45
2011-08-14 0:00,NaN,NaN,232.79,20.6,13.05
2011-08-15 0:00,NaN,NaN,232.78,21.5,13.3
2011-08-16 0:00,-7.01,1.55,232.73,23.3,14.3
2011-08-17 0:00,NaN,NaN,232.44,24.5,17.05
2011-08-18 0:00,NaN,NaN,232.24,23.6,17.05
2011-08-19 0:00,NaN,NaN,232.16,24.1,17.05
2011-08-20 0:00,NaN,NaN,232.05,27.3,18.2
2011-08-21 0:00,NaN,NaN,232.07,26.4,18.25
2011-08-22 0:00,NaN,NaN,232.11,23,16.7
2011-08-23 0:00,NaN,NaN,231.97,19.2,15.35
2011-08-24 0:00,NaN,NaN,231.81,19.6,13
2011-08-25 0:00,NaN,NaN,231.75,22.7,14.9
2011-08-26 0:00,NaN,NaN,231.74,15.9,10
2011-08-27 0:00,NaN,NaN,231.73,15.2,6.5
2011-08-28 0:00,NaN,NaN,231.73,16.5,9.6
2011-08-29 0:00,-9.93,1.26,231.757,17.5,11.65
2011-08-30 0:00,NaN,NaN,231.76,19.6,12.25
2011-08-31 0:00,NaN,NaN,231.76,18.8,12.65
2011-09-01 0:00,NaN,NaN,231.78,21.4,14.25
2011-09-02 0:00,NaN,NaN,231.78,22.5,13.75
2011-09-03 0:00,NaN,NaN,231.78,20.6,11.35
2011-09-04 0:00,NaN,NaN,231.78,19.1,9.25
2011-09-05 0:00,NaN,NaN,231.79,17.1,8.6
2011-09-06 0:00,NaN,NaN,231.78,17.9,10.3
2011-09-07 0:00,NaN,NaN,231.78,16.9,10.75
2011-09-08 0:00,NaN,NaN,231.78,18,11.45
2011-09-09 0:00,NaN,NaN,231.75,22.2,14.2
2011-09-10 0:00,NaN,NaN,231.75,24.2,15
2011-09-11 0:00,NaN,NaN,231.75,21.3,13.8
2011-09-12 0:00,-10.39,1.18,231.75,19.7,11.85
2011-09-13 0:00,NaN,NaN,231.74,20.4,12.65
2011-09-14 0:00,NaN,NaN,231.74,20.9,11.7
2011-09-15 0:00,NaN,NaN,231.74,22.1,13
2011-09-16 0:00,NaN,NaN,231.75,21.6,12.75
2011-09-17 0:00,NaN,NaN,231.77,17.9,11.6
2011-09-18 0:00,NaN,NaN,231.76,12.6,4.2
2011-09-19 0:00,NaN,NaN,231.77,13.3,3.75
2011-09-20 0:00,NaN,NaN,231.74,15.2,7.5
2011-09-21 0:00,NaN,NaN,231.71,17,10.5
2011-09-22 0:00,NaN,NaN,231.64,17,9.35
2011-09-23 0:00,NaN,NaN,231.63,18.3,10.1
2011-09-24 0:00,NaN,NaN,231.56,17.7,6.8
2011-09-25 0:00,NaN,NaN,231.57,17.8,8.45
2011-09-26 0:00,-6.29,1.19,231.57,19.8,9.6
2011-09-27 0:00,NaN,NaN,231.54,19.6,10.85
2011-09-28 0:00,NaN,NaN,231.49,19.8,11.15
2011-09-29 0:00,NaN,NaN,231.48,19.4,10.65
2011-09-30 0:00,NaN,NaN,231.45,18.7,10.3
2011-10-01 0:00,NaN,NaN,231.44,18.5,10.6
2011-10-02 0:00,NaN,NaN,231.41,17.5,11
2011-10-03 0:00,NaN,NaN,231.38,17.5,11.3
2011-10-04 0:00,NaN,NaN,231.33,17.9,10.45
2011-10-05 0:00,NaN,NaN,231.27,15.1,9.9
2011-10-06 0:00,NaN,NaN,231.24,15.7,9.5
2011-10-07 0:00,NaN,NaN,231.19,13,3.85
2011-10-08 0:00,NaN,NaN,231.2,11.6,3.9
2011-10-09 0:00,NaN,NaN,231.15,14.7,6.6
2011-10-10 0:00,-5.2,1.08,231.135,16.2,10.95
2011-10-11 0:00,-5.98,1.08,231.12,17.5,11.4
2011-10-12 0:00,NaN,NaN,231.1,16.4,11.75
2011-10-13 0:00,NaN,NaN,231.1,15.2,10.2
2011-10-14 0:00,NaN,NaN,230.97,12.8,7.25
2011-10-15 0:00,NaN,NaN,230.99,13.7,7.3
2011-10-16 0:00,NaN,NaN,230.98,14.5,6.6
2011-10-17 0:00,NaN,NaN,231,14.5,6.1
2011-10-18 0:00,NaN,NaN,231,12.8,6
2011-10-19 0:00,NaN,NaN,230.95,11.1,4.4
2011-10-20 0:00,NaN,NaN,230.87,10.1,1.25
2011-10-21 0:00,NaN,NaN,230.84,7.5,1.3
2011-10-22 0:00,NaN,NaN,230.8,10.3,4.1
2011-10-23 0:00,NaN,NaN,230.66,13.1,4.45
2011-10-24 0:00,-3.69,1.01,230.58,14.1,6
2011-10-25 0:00,NaN,NaN,230.555,12,4.2
2011-10-26 0:00,NaN,NaN,230.53,10.4,2.65
2011-10-27 0:00,NaN,NaN,230.48,12.9,3.8
2011-10-28 0:00,NaN,NaN,230.36,11.9,3.55
2011-10-29 0:00,NaN,NaN,230.18,12.5,6.65
2011-10-30 0:00,NaN,NaN,230.15,12.6,6.65
2011-10-31 0:00,NaN,NaN,230.1,14.5,6.65
2011-11-01 0:00,NaN,NaN,230.01,13,6
2011-11-02 0:00,NaN,NaN,229.81,16.3,6.6
2011-11-03 0:00,NaN,NaN,229.59,18.1,5.55
2011-11-04 0:00,NaN,NaN,229.46,10.5,4
2011-11-05 0:00,NaN,NaN,229.39,11.5,2.1
2011-11-06 0:00,NaN,NaN,229.19,11.3,2.45
2011-11-07 0:00,1.98,0.91,229.445,11.8,2.25
2011-11-08 0:00,NaN,NaN,229.46,11,3.7
2011-11-09 0:00,NaN,NaN,229.48,12.6,5.3
2011-11-10 0:00,NaN,NaN,229.49,12.6,5.1
2011-11-11 0:00,NaN,NaN,229.55,12.4,5.8
2011-11-12 0:00,NaN,NaN,229.59,12.4,6.25
2011-11-13 0:00,NaN,NaN,229.65,13.9,5.7
2011-11-14 0:00,NaN,NaN,229.51,13.8,6.1
2011-11-15 0:00,NaN,NaN,229.41,10.5,2.55
2011-11-16 0:00,NaN,NaN,229.31,11.4,2.8
2011-11-17 0:00,NaN,NaN,229.11,12.2,3.85
2011-11-18 0:00,NaN,NaN,228.87,9.2,1.95
2011-11-19 0:00,NaN,NaN,228.83,10.5,3.85
2011-11-20 0:00,NaN,NaN,228.82,9.5,4.6
2011-11-21 0:00,NaN,NaN,228.77,10.1,1.65
2011-11-22 0:00,NaN,NaN,228.56,9.5,1.95
2011-11-23 0:00,NaN,NaN,228.37,11.2,3.65
2011-11-24 0:00,NaN,NaN,228.23,9.4,3.25
2011-11-25 0:00,2.47,0.96,228.14,7.2,2.7
2011-11-26 0:00,NaN,NaN,228.02,8,2.1
2011-11-27 0:00,NaN,NaN,227.92,3.8,3
2011-11-28 0:00,NaN,NaN,227.67,5.7,2
2011-11-29 0:00,NaN,NaN,227.4,8.9,3.8
2011-11-30 0:00,NaN,NaN,226.9,8.3,2.5
2011-12-01 0:00,NaN,NaN,226.65,9.6,4.3
2011-12-02 0:00,NaN,NaN,226.37,4.8,1.95
2011-12-03 0:00,NaN,NaN,226.24,6.5,-0.85
2011-12-04 0:00,NaN,NaN,226,10.5,3.75
2011-12-05 0:00,-1.09,0.57,226,10.2,1
2011-12-06 0:00,NaN,NaN,225.91,8.8,-1.1
2011-12-07 0:00,NaN,NaN,225.76,12.3,2.9
2011-12-08 0:00,NaN,NaN,225.54,8.7,2.4
2011-12-09 0:00,NaN,NaN,225.5,7.4,2
2011-12-10 0:00,NaN,NaN,225.01,8.8,1.5
2011-12-11 0:00,NaN,NaN,224.86,7,0.55
2011-12-12 0:00,NaN,NaN,224.77,7.4,0.05
2011-12-13 0:00,NaN,NaN,224.6,8.6,1.7
2011-12-14 0:00,NaN,NaN,224.28,5.4,1.85
2011-12-15 0:00,NaN,NaN,223.93,7.5,0.2
2011-12-16 0:00,NaN,NaN,223.64,10.7,0.05
2011-12-17 0:00,NaN,NaN,223.44,5.2,-3.95
2011-12-18 0:00,NaN,NaN,223.2,4,-6.2
2011-12-19 0:00,2.41,0.11,223.025,2.1,-6.55
2011-12-20 0:00,NaN,NaN,222.73,8,-1.5
2011-12-21 0:00,NaN,NaN,222.74,10.4,2.15
2011-12-22 0:00,NaN,NaN,222.76,11,3.95
2011-12-23 0:00,NaN,NaN,222.76,5.3,2.5
2011-12-24 0:00,NaN,NaN,222.76,5.7,-0.95
2011-12-25 0:00,NaN,NaN,222.73,2.1,-1.65
2011-12-26 0:00,NaN,NaN,222.73,4.1,1.1
2011-12-27 0:00,NaN,NaN,222.73,6.7,1.65
2011-12-28 0:00,NaN,NaN,222.72,5,-0.9
2011-12-29 0:00,NaN,NaN,222.75,5.8,-3.5
2011-12-30 0:00,NaN,NaN,222.74,5.8,-2.25
2011-12-31 0:00,NaN,NaN,222.68,10.4,1
2012-01-01 0:00,NaN,NaN,222.72,11.3,3.3
2012-01-02 0:00,-1.07,0.11,222.71,7.7,-1.55
2012-01-03 0:00,NaN,NaN,222.7,6.7,0.5
2012-01-04 0:00,NaN,NaN,222.64,6.5,-0.95
2012-01-05 0:00,NaN,NaN,222.68,6.5,1.3
2012-01-06 0:00,NaN,NaN,222.39,7.2,-1.75
2012-01-07 0:00,NaN,NaN,222.28,6.1,-1.1
2012-01-08 0:00,NaN,NaN,222.25,6.8,-0.15
2012-01-09 0:00,NaN,NaN,222.12,6.1,0.8
2012-01-10 0:00,NaN,NaN,222.03,4.8,1.3
2012-01-11 0:00,NaN,NaN,221.9,3.4,1.9
2012-01-12 0:00,NaN,NaN,221.77,4.3,1.7
2012-01-13 0:00,NaN,NaN,221.29,-0.6,-0.15
2012-01-14 0:00,NaN,NaN,220.95,-0.2,-1.45
2012-01-15 0:00,NaN,NaN,220.8,4,-1.9
2012-01-16 0:00,-3.22,-0.14,220.73,2.3,-3.2
2012-01-17 0:00,NaN,NaN,220.55,4,-1.85
2012-01-18 0:00,NaN,NaN,220.26,3.3,-1.75
2012-01-19 0:00,NaN,NaN,219.95,5.9,0.65
2012-01-20 0:00,NaN,NaN,219.76,10.6,0.75
2012-01-21 0:00,NaN,NaN,219.57,7.8,1.85
2012-01-22 0:00,NaN,NaN,219.56,9.8,2.3
2012-01-23 0:00,NaN,NaN,219.48,8,1.35
2012-01-24 0:00,NaN,NaN,219.23,6.4,-0.05
2012-01-25 0:00,NaN,NaN,218.82,5.4,0.75
2012-01-26 0:00,NaN,NaN,218.69,4.9,-0.5
2012-01-27 0:00,NaN,NaN,218.34,5.5,-1.8
2012-01-28 0:00,NaN,NaN,217.95,4,-4.15
2012-01-29 0:00,NaN,NaN,217.75,1.3,-8.05
2012-01-30 0:00,-2.32,-0.84,217.63,0.4,-7.2
2012-01-31 0:00,NaN,NaN,217.2,3.5,-5.35
2012-02-01 0:00,NaN,NaN,216.72,0.5,-8.2
2012-02-02 0:00,NaN,NaN,216.37,-4.7,-12
2012-02-03 0:00,NaN,NaN,215.99,-5.9,-14.65
2012-02-04 0:00,NaN,NaN,215.48,-5.9,-14.6
2012-02-05 0:00,NaN,NaN,214.97,-3.5,-12.75
2012-02-06 0:00,NaN,NaN,214.5,-1.3,-10.5
2012-02-07 0:00,NaN,NaN,214.09,-1.4,-10.65
2012-02-08 0:00,NaN,NaN,213.51,-8.3,-12.4
2012-02-09 0:00,NaN,NaN,212.97,-8.1,-9.6
2012-02-10 0:00,NaN,NaN,212.39,-4.1,-8.8
2012-02-11 0:00,NaN,NaN,211.8,-6.1,-12.95
2012-02-12 0:00,NaN,NaN,211.2,-6.3,-13.05
2012-02-13 0:00,-2.95,-2.27,210.995,-5.5,-12.55
2012-02-14 0:00,NaN,NaN,210.19,0.5,-8.95
2012-02-15 0:00,NaN,NaN,209.14,3.8,-6.1
2012-02-16 0:00,NaN,NaN,209.19,3.7,-5.45
2012-02-17 0:00,NaN,NaN,208.71,4.6,-4.25
2012-02-18 0:00,NaN,NaN,208.26,6.4,-3.6
2012-02-19 0:00,NaN,NaN,207.93,7.2,-3
2012-02-20 0:00,-7.73,-2.86,207.595,2.3,-6.65
2012-02-21 0:00,NaN,NaN,206.91,0.8,-6.55
2012-02-22 0:00,NaN,NaN,206.31,2.6,-3.7
2012-02-23 0:00,NaN,NaN,205.71,4.7,-2.05
2012-02-24 0:00,NaN,NaN,205.09,10.5,3.4
2012-02-25 0:00,NaN,NaN,204.67,8.7,2.2
2012-02-26 0:00,NaN,NaN,204.67,8.3,2.55
2012-02-27 0:00,-14.11,-3.34,204.615,6.4,0.6
2012-02-28 0:00,NaN,NaN,204.38,7.8,1.5
2012-02-29 0:00,NaN,NaN,204.21,9.6,2.95
2012-03-01 0:00,NaN,NaN,204.12,10,3.25
2012-03-02 0:00,NaN,NaN,203.82,10.4,3.35
2012-03-03 0:00,NaN,NaN,203.57,9.9,-1.4
2012-03-04 0:00,NaN,NaN,203.25,8.2,-0.5
2012-03-05 0:00,NaN,NaN,203.2,5.9,-4.15
2012-03-06 0:00,NaN,NaN,203.16,5.4,-5.15
2012-03-07 0:00,NaN,NaN,202.96,4.7,-4.1
2012-03-08 0:00,NaN,NaN,202.82,7.1,-4.85
2012-03-09 0:00,NaN,NaN,202.76,5.9,-2.55
2012-03-10 0:00,NaN,NaN,202.67,5.9,-1.65
2012-03-11 0:00,NaN,NaN,202.57,6.2,1.25
2012-03-12 0:00,-15.13,-3.76,202.6,8.6,2.7
2012-03-13 0:00,NaN,NaN,202.59,11.1,5.15
2012-03-14 0:00,NaN,NaN,202.59,13.7,6.3
2012-03-15 0:00,NaN,NaN,202.6,14.3,6.45
2012-03-16 0:00,NaN,NaN,202.6,12.4,4.85
2012-03-17 0:00,NaN,NaN,202.61,12.5,2.4
2012-03-18 0:00,NaN,NaN,202.61,7,-0.85
2012-03-19 0:00,NaN,NaN,202.63,4.3,-4.45
2012-03-20 0:00,NaN,NaN,202.58,6.2,-4.3
2012-03-21 0:00,NaN,NaN,202.6,6.4,-2.35
2012-03-22 0:00,NaN,NaN,202.59,8.7,-2.55
2012-03-23 0:00,NaN,NaN,202.67,11.1,-0.7
2012-03-24 0:00,NaN,NaN,202.68,11.6,2.6
2012-03-25 0:00,NaN,NaN,202.68,13,3.8
2012-03-26 0:00,NaN,NaN,202.68,12.6,3.5
2012-03-27 0:00,NaN,NaN,202.98,12.8,3.6
2012-03-28 0:00,-19.76,-4,203.07,13.4,3.95
2012-03-29 0:00,NaN,NaN,203.21,13.6,4.25
2012-03-30 0:00,NaN,NaN,203.35,13.2,5.5
2012-03-31 0:00,NaN,NaN,203.55,12.3,6.15
2012-04-01 0:00,NaN,NaN,203.73,11.4,4.6
2012-04-02 0:00,NaN,NaN,204,12,4.15
2012-04-03 0:00,NaN,NaN,204.09,9.7,1.4
2012-04-04 0:00,NaN,NaN,204.18,8.8,-0.5
2012-04-05 0:00,NaN,NaN,204.25,8.6,0.65
2012-04-06 0:00,NaN,NaN,204.11,11.3,1.4
2012-04-07 0:00,NaN,NaN,204.14,7.3,-2.05
2012-04-08 0:00,NaN,NaN,204.21,10,-0.15
2012-04-09 0:00,-14.16,-4.08,204.295,12.5,2.9
2012-04-10 0:00,NaN,NaN,204.25,12.6,2.5
2012-04-11 0:00,NaN,NaN,204.18,8.2,-1.25
2012-04-12 0:00,NaN,NaN,203.8,9.6,-0.1
2012-04-13 0:00,NaN,NaN,203.49,9.4,-1.75
2012-04-14 0:00,NaN,NaN,203.14,6.4,-2.7
2012-04-15 0:00,NaN,NaN,203.02,6.4,-3.9
2012-04-16 0:00,NaN,NaN,202.58,6.4,-5.85
2012-04-17 0:00,NaN,NaN,201.82,6.6,-3.25
2012-04-18 0:00,NaN,NaN,201.3,10,-0.55
2012-04-19 0:00,NaN,NaN,200.71,9.2,-1.1
2012-04-20 0:00,NaN,NaN,200.07,10.2,-1.1
2012-04-21 0:00,NaN,NaN,199.73,12.7,1.4
2012-04-22 0:00,NaN,NaN,199.74,9.2,-0.35
2012-04-23 0:00,-14.36,-4.59,199.73,9.2,-0.05
2012-04-24 0:00,NaN,NaN,199.315,9,-1.3
2012-04-25 0:00,NaN,NaN,199.19,12.3,2.85
2012-04-26 0:00,NaN,NaN,199.14,14.9,8.35
2012-04-27 0:00,NaN,NaN,199.34,13.3,8.75
2012-04-28 0:00,NaN,NaN,199.95,11.5,6.5
2012-04-29 0:00,NaN,NaN,201.2,11.9,1.55
2012-04-30 0:00,NaN,NaN,202.09,8.7,-0.7
2012-05-01 0:00,NaN,NaN,202.47,11.2,1.8
2012-05-02 0:00,NaN,NaN,202.72,12,3.55
2012-05-03 0:00,NaN,NaN,202.92,14.5,4.85
2012-05-04 0:00,NaN,NaN,203.14,13.7,3.95
2012-05-05 0:00,NaN,NaN,203.14,12.6,4.4
2012-05-06 0:00,NaN,NaN,203.67,12.3,3.15
2012-05-07 0:00,-15.99,-4.57,204.01,12.5,5.05
2012-05-08 0:00,NaN,NaN,204.42,16.9,6.95
2012-05-09 0:00,NaN,NaN,204.9,18.1,10.25
2012-05-10 0:00,NaN,NaN,205.48,20.4,11.95
2012-05-11 0:00,NaN,NaN,206.39,21.9,14.35
2012-05-12 0:00,NaN,NaN,207.48,18,12.8
2012-05-13 0:00,NaN,NaN,208.61,16,8.25
2012-05-14 0:00,NaN,NaN,209.68,13.5,5.75
2012-05-15 0:00,NaN,NaN,210.59,13.5,4.6
2012-05-16 0:00,NaN,NaN,211.29,13.1,5
2012-05-17 0:00,NaN,NaN,211.86,14.6,8.9
2012-05-18 0:00,NaN,NaN,212.38,13.5,6.95
2012-05-19 0:00,NaN,NaN,213.29,13.5,7.6
2012-05-20 0:00,NaN,NaN,214.26,11.2,0.85
2012-05-21 0:00,NaN,NaN,214.89,9.5,-0.7
2012-05-22 0:00,-15.15,-3.25,215.36,12.8,1.7
2012-05-23 0:00,NaN,NaN,215.67,16.2,7.1
2012-05-24 0:00,NaN,NaN,216,18.3,9.65
2012-05-25 0:00,NaN,NaN,216.43,20.1,10.45
2012-05-26 0:00,NaN,NaN,217.03,16.5,9.25
2012-05-27 0:00,NaN,NaN,217.57,18.5,7.95
2012-05-28 0:00,NaN,NaN,218.11,18.8,9.1
2012-05-29 0:00,NaN,NaN,218.67,18.7,8.75
2012-05-30 0:00,NaN,NaN,219.26,18.2,9.5
2012-05-31 0:00,NaN,NaN,219.83,20.8,10.85
2012-06-01 0:00,NaN,NaN,220.4,21.4,12.9
2012-06-02 0:00,NaN,NaN,221.03,22.4,13.8
2012-06-03 0:00,NaN,NaN,221.65,16,7.55
2012-06-04 0:00,-14.84,-1.71,222.18,16.6,7.7
2012-06-05 0:00,NaN,NaN,222.68,17.4,9.55
2012-06-06 0:00,NaN,NaN,223.15,17.3,12
2012-06-07 0:00,NaN,NaN,223.67,20.8,13.45
2012-06-08 0:00,NaN,NaN,224.75,14.6,7.2
2012-06-09 0:00,NaN,NaN,224.9,15.9,7.15
2012-06-10 0:00,NaN,NaN,225.22,18.1,8.1
2012-06-11 0:00,NaN,NaN,225.57,15.9,7.75
2012-06-12 0:00,NaN,NaN,225.88,12.9,4.35
2012-06-13 0:00,NaN,NaN,226.07,12.3,5.3
2012-06-14 0:00,NaN,NaN,226.26,17.7,10.1
2012-06-15 0:00,-11.44,0.03,226.49,18.4,12
2012-06-16 0:00,NaN,NaN,226.75,20,14
2012-06-17 0:00,NaN,NaN,227.01,21.2,13.3
2012-06-18 0:00,-13.31,0.2,227.24,17.8,12.9
2012-06-19 0:00,NaN,NaN,227.48,18.1,10.95
2012-06-20 0:00,NaN,NaN,227.69,20.6,12.9
2012-06-21 0:00,NaN,NaN,227.77,21.7,13.15
2012-06-22 0:00,NaN,NaN,227.89,17.4,10.05
2012-06-23 0:00,NaN,NaN,228.04,19.9,11.45
2012-06-24 0:00,NaN,NaN,228.22,19.9,13.2
2012-06-25 0:00,NaN,NaN,228.39,18.8,13.85
2012-06-26 0:00,-14.64,0.38,228.467,21.7,15.1
2012-06-27 0:00,NaN,NaN,228.55,25,17
2012-06-28 0:00,NaN,NaN,228.56,25.3,18.1
2012-06-29 0:00,NaN,NaN,228.54,20.7,16.65
2012-06-30 0:00,NaN,NaN,228.56,21.1,15.75
2012-07-01 0:00,NaN,NaN,228.54,12.8,5.25
2012-07-02 0:00,-13.1,0.35,228.63,17.1,8.1
2012-07-03 0:00,-14.14,0.4,228.545,20,11.8
2012-07-04 0:00,NaN,NaN,228.43,19.3,13.4
2012-07-05 0:00,NaN,NaN,228.42,16.7,10.35
2012-07-06 0:00,NaN,NaN,228.41,14.9,8.35
2012-07-07 0:00,NaN,NaN,228.47,20.2,12.5
2012-07-08 0:00,NaN,NaN,228.46,18.1,10.7
2012-07-09 0:00,NaN,NaN,228.48,18.8,12.6
2012-07-10 0:00,NaN,NaN,228.47,17.6,12.35
2012-07-11 0:00,NaN,NaN,228.42,15.6,10.8
2012-07-12 0:00,NaN,NaN,228.41,17.6,10.8
2012-07-13 0:00,NaN,NaN,228.31,19.2,13.4
2012-07-14 0:00,NaN,NaN,228.27,16.3,9.15
2012-07-15 0:00,NaN,NaN,228.29,13.6,7.5
2012-07-16 0:00,-14.11,0.2,228.24,18.2,10.1
2012-07-17 0:00,NaN,NaN,228.25,19.1,13.05
2012-07-18 0:00,NaN,NaN,228.12,23.7,15.25
2012-07-19 0:00,NaN,NaN,228.03,19,13.65
2012-07-20 0:00,NaN,NaN,228,16.8,12.15
2012-07-21 0:00,NaN,NaN,227.92,18.9,9.75
2012-07-22 0:00,NaN,NaN,227.94,18.4,10.3
2012-07-23 0:00,NaN,NaN,227.95,17.8,10.3
2012-07-24 0:00,NaN,NaN,227.87,18.6,12.3
2012-07-25 0:00,NaN,NaN,227.84,22.4,15.05
2012-07-26 0:00,NaN,NaN,227.81,24.2,17.35
2012-07-27 0:00,NaN,NaN,227.73,22.5,16.75
2012-07-28 0:00,NaN,NaN,227.69,19.7,12.75
2012-07-29 0:00,NaN,NaN,227.68,17.6,12.65
2012-07-30 0:00,NaN,NaN,227.69,19.3,14.25
2012-07-31 0:00,-17.05,-0.16,227.67,22.1,15.8
2012-08-01 0:00,NaN,NaN,227.6,18.1,16
2012-08-02 0:00,NaN,NaN,227.59,21.5,13.4
2012-08-03 0:00,NaN,NaN,227.59,18.6,13.55
2012-08-04 0:00,NaN,NaN,227.6,20.3,14.05
2012-08-05 0:00,NaN,NaN,227.61,19.3,14.5
2012-08-06 0:00,NaN,NaN,227.59,17.2,10.15
2012-08-07 0:00,NaN,NaN,227.59,19.4,11.8
2012-08-08 0:00,NaN,NaN,227.58,21.9,14.35
2012-08-09 0:00,NaN,NaN,227.58,24.6,16.95
2012-08-10 0:00,NaN,NaN,227.57,24.8,18.2
2012-08-11 0:00,NaN,NaN,227.58,21.8,17.65
2012-08-12 0:00,NaN,NaN,227.6,19.7,11.7
2012-08-13 0:00,NaN,NaN,227.59,20.5,12.45
2012-08-14 0:00,NaN,NaN,227.565,24.2,15.5
2012-08-15 0:00,NaN,NaN,227.54,24.6,16.25
2012-08-16 0:00,NaN,NaN,227.39,21,15.1
2012-08-17 0:00,NaN,NaN,227.34,25.7,18.1
2012-08-18 0:00,NaN,NaN,227.33,24.8,20.5
2012-08-19 0:00,NaN,NaN,227.17,25.5,19.4
2012-08-20 0:00,NaN,NaN,227.14,26.3,18
2012-08-21 0:00,-20.86,-0.58,227.105,24.7,18.6
2012-08-22 0:00,NaN,NaN,227.05,23.9,17.45
2012-08-23 0:00,NaN,NaN,227.03,24,18.1
2012-08-24 0:00,NaN,NaN,227,23.3,16.8
2012-08-25 0:00,NaN,NaN,226.91,20.1,12.25
2012-08-26 0:00,NaN,NaN,226.94,19.3,10.35
2012-08-27 0:00,NaN,NaN,226.89,21.5,12.95
2012-08-28 0:00,NaN,NaN,226.73,22.4,14.1
2012-08-29 0:00,NaN,NaN,226.64,20.5,14.95
2012-08-30 0:00,-20.22,-0.74,226.62,16.1,7.5
2012-08-31 0:00,NaN,NaN,226.64,15.9,5.85
2012-09-01 0:00,NaN,NaN,226.6,13.6,5
2012-09-02 0:00,NaN,NaN,226.6,13.3,2.9
2012-09-03 0:00,NaN,NaN,226.61,16.3,6.1
2012-09-04 0:00,NaN,NaN,226.61,18.4,9.2
2012-09-05 0:00,NaN,NaN,226.6,19.7,9.75
2012-09-06 0:00,NaN,NaN,226.6,19.8,11.15
2012-09-07 0:00,NaN,NaN,226.6,21.3,12.65
2012-09-08 0:00,NaN,NaN,226.61,21.3,12.15
2012-09-09 0:00,NaN,NaN,226.61,21.4,11.95
2012-09-10 0:00,-12.74,-0.67,226.62,19.1,12
2012-09-11 0:00,NaN,NaN,226.62,21.2,11.85
2012-09-12 0:00,NaN,NaN,226.61,16.7,8.5
2012-09-13 0:00,NaN,NaN,226.65,15.8,5.7
2012-09-14 0:00,NaN,NaN,226.65,15.6,8.9
2012-09-15 0:00,NaN,NaN,226.62,14.9,11.15
2012-09-16 0:00,NaN,NaN,226.63,19,12.75
2012-09-17 0:00,NaN,NaN,226.63,19.9,13.95
2012-09-18 0:00,NaN,NaN,226.62,15.9,10.25
2012-09-19 0:00,NaN,NaN,226.62,16,8.55
2012-09-20 0:00,NaN,NaN,226.62,17.1,9.45
2012-09-21 0:00,NaN,NaN,226.61,20.2,12.5
2012-09-22 0:00,NaN,NaN,226.61,20.8,12.7
2012-09-23 0:00,NaN,NaN,226.61,19.6,12.05
2012-09-24 0:00,-15.82,-0.68,226.595,17.2,10
2012-09-25 0:00,NaN,NaN,226.6,15.2,9.25
2012-09-26 0:00,NaN,NaN,226.6,13.3,3.1
2012-09-27 0:00,NaN,NaN,226.59,12.5,4.15
2012-09-28 0:00,-11.13,-0.64,226.585,13.7,6.4
2012-09-29 0:00,NaN,NaN,226.59,12,3.5
2012-09-30 0:00,NaN,NaN,226.66,13.3,3.45
2012-10-01 0:00,NaN,NaN,226.68,14.9,6.05
2012-10-02 0:00,NaN,NaN,226.71,13.4,7.55
2012-10-03 0:00,NaN,NaN,226.73,14.9,8.6
2012-10-04 0:00,NaN,NaN,226.75,14.9,9.2
2012-10-05 0:00,NaN,NaN,226.75,18.1,10.6
2012-10-06 0:00,NaN,NaN,226.76,18.3,10.55
2012-10-07 0:00,NaN,NaN,226.76,18.3,11.3
2012-10-08 0:00,-11.36,-0.57,226.765,21.2,13.5
2012-10-09 0:00,NaN,NaN,226.76,20.1,11.3
2012-10-10 0:00,NaN,NaN,226.77,17.4,9.4
2012-10-11 0:00,NaN,NaN,226.85,17,8.7
2012-10-12 0:00,NaN,NaN,226.91,12.4,6.15
2012-10-13 0:00,NaN,NaN,226.95,12.4,4.45
2012-10-14 0:00,NaN,NaN,226.97,13.4,4
2012-10-15 0:00,NaN,NaN,227.05,11,1.2
2012-10-16 0:00,NaN,NaN,227.11,12.7,4.4
2012-10-17 0:00,NaN,NaN,227.15,16.9,8.6
2012-10-18 0:00,NaN,NaN,227.18,18.5,8.8
2012-10-19 0:00,NaN,NaN,227.19,16.7,10.05
2012-10-20 0:00,NaN,NaN,227.45,13.9,9.4
2012-10-21 0:00,NaN,NaN,227.56,15.9,7.15
2012-10-22 0:00,-5.48,-0.29,227.755,15.4,4.65
2012-10-23 0:00,NaN,NaN,227.89,15.1,6.6
2012-10-24 0:00,NaN,NaN,227.97,16.2,7.95
2012-10-25 0:00,NaN,NaN,228.02,13.8,6.15
2012-10-26 0:00,NaN,NaN,227.99,13.5,5.4
2012-10-27 0:00,NaN,NaN,228.05,8,-0.8
2012-10-28 0:00,NaN,NaN,228.19,5,-5.2
2012-10-29 0:00,NaN,NaN,228.19,4.2,-1.6
2012-10-30 0:00,NaN,NaN,228.2,5.6,-0.85
2012-10-31 0:00,NaN,NaN,228.16,8.7,-0.05
2012-11-01 0:00,NaN,NaN,228.2,9.4,2
2012-11-02 0:00,NaN,NaN,228.24,13.4,3.4
2012-11-03 0:00,NaN,NaN,228.19,12.7,5.7
2012-11-04 0:00,NaN,NaN,228.23,10,4.2
2012-11-05 0:00,-1.07,0.18,228.34,8.8,2.05
2012-11-06 0:00,NaN,NaN,228.36,7.5,0.5
2012-11-07 0:00,NaN,NaN,228.4,5.4,0.75
2012-11-08 0:00,NaN,NaN,228.4,8.1,6.5
2012-11-09 0:00,NaN,NaN,228.4,11.6,5.7
2012-11-10 0:00,NaN,NaN,228.52,13,3.9
2012-11-11 0:00,NaN,NaN,228.59,7.7,-1.45
2012-11-12 0:00,NaN,NaN,228.64,7.6,0.15
2012-11-13 0:00,NaN,NaN,228.67,6.6,2.8
2012-11-14 0:00,NaN,NaN,228.68,11,7.3
2012-11-15 0:00,NaN,NaN,228.72,12,6.75
2012-11-16 0:00,NaN,NaN,228.76,11.8,6
2012-11-17 0:00,NaN,NaN,228.79,10.7,4.7
2012-11-18 0:00,NaN,NaN,228.79,10.8,1.85
2012-11-19 0:00,NaN,0.6,228.775,9.5,3.25
2012-11-20 0:00,NaN,NaN,228.785,9.5,3.85
2012-11-21 0:00,NaN,NaN,228.76,8.3,3.2
2012-11-22 0:00,NaN,NaN,228.75,9.1,2.9
2012-11-23 0:00,NaN,NaN,228.67,7.4,3
2012-11-24 0:00,NaN,NaN,228.63,7.9,5.6
2012-11-25 0:00,NaN,NaN,228.59,8.9,4.7
2012-11-26 0:00,NaN,NaN,228.55,7.2,1.05
2012-11-27 0:00,NaN,NaN,228.36,6.7,-3.35
2012-11-28 0:00,NaN,NaN,228.32,4,-4.9
2012-11-29 0:00,NaN,NaN,228.27,3.7,-6.45
2012-11-30 0:00,NaN,NaN,228.07,1.3,-6.85
2012-12-01 0:00,NaN,NaN,227.95,0.2,-6
2012-12-02 0:00,NaN,NaN,227.8,2.6,-6.4
2012-12-03 0:00,5.11,0.88,227.83,10.6,-0.75
2012-12-04 0:00,NaN,NaN,227.75,6.4,-2.85
2012-12-05 0:00,NaN,NaN,227.67,5,-5.3
2012-12-06 0:00,NaN,NaN,227.5,4.9,-2.85
2012-12-07 0:00,NaN,NaN,227.31,3.9,-3.6
2012-12-08 0:00,NaN,NaN,227.12,6.1,-4.35
2012-12-09 0:00,NaN,NaN,226.99,4,-3.2
2012-12-10 0:00,NaN,NaN,226.99,2.7,-2.4
2012-12-11 0:00,NaN,NaN,226.68,2.3,-4.35
2012-12-12 0:00,NaN,NaN,226.44,0.1,-4.7
2012-12-13 0:00,NaN,NaN,226.2,4.4,-1.25
2012-12-14 0:00,NaN,NaN,225.96,9.4,1.5
2012-12-15 0:00,NaN,NaN,225.84,10,2.85
2012-12-16 0:00,NaN,NaN,225.84,8.5,1.35
2012-12-17 0:00,2.22,0.75,225.835,9.2,1.35
2012-12-18 0:00,NaN,NaN,225.8,9,1.2
2012-12-19 0:00,NaN,NaN,225.87,8.5,2.75
2012-12-20 0:00,NaN,NaN,225.91,7.9,0.2
2012-12-21 0:00,NaN,NaN,225.87,10.3,0.1
2012-12-22 0:00,NaN,NaN,225.8,10.8,4.3
2012-12-23 0:00,NaN,NaN,225.83,11.7,6.3
2012-12-24 0:00,NaN,NaN,225.84,9.4,7.05
2012-12-25 0:00,NaN,NaN,225.88,6.7,2.95
2012-12-26 0:00,NaN,NaN,225.91,8,0.95
2012-12-27 0:00,NaN,NaN,225.91,6.7,1.1
2012-12-28 0:00,NaN,NaN,225.91,11.2,4.05
2012-12-29 0:00,NaN,NaN,225.88,8.8,3.35
2012-12-30 0:00,NaN,NaN,225.91,5.7,-0.9
2012-12-31 0:00,0.79,0.87,225.88,5.3,-0.9
2013-01-01 0:00,NaN,NaN,225.87,6.4,-3
2013-01-02 0:00,NaN,NaN,225.88,6.8,-3.75
2013-01-03 0:00,NaN,NaN,225.92,4.9,-1.95
2013-01-04 0:00,NaN,NaN,225.92,7.9,1.5
2013-01-05 0:00,NaN,NaN,225.91,6.8,3.15
2013-01-06 0:00,NaN,NaN,225.84,4.6,4.4
2013-01-07 0:00,NaN,NaN,225.6,3.1,5
2013-01-08 0:00,NaN,NaN,225.44,1.3,4.75
2013-01-09 0:00,NaN,NaN,225.23,2.1,2.85
2013-01-10 0:00,NaN,NaN,224.95,5.2,-0.95
2013-01-11 0:00,NaN,NaN,224.67,6.8,-0.45
2013-01-12 0:00,NaN,NaN,224.67,4.8,-1.65
2013-01-13 0:00,NaN,NaN,224.56,2.2,-4.45
2013-01-14 0:00,NaN,NaN,224.335,3.3,-6.25
2013-01-15 0:00,NaN,NaN,224.15,3,-6.8
2013-01-16 0:00,NaN,NaN,223.95,7.1,-4.45
2013-01-17 0:00,NaN,NaN,223.67,2.3,-5.4
2013-01-18 0:00,NaN,NaN,223.4,3.7,-3.7
2013-01-19 0:00,NaN,NaN,223.12,7.1,-0.25
2013-01-20 0:00,NaN,NaN,222.95,5.3,-4.1
2013-01-21 0:00,NaN,NaN,222.635,4.3,-4.9
2013-01-22 0:00,NaN,NaN,222.35,2.2,-6.05
2013-01-23 0:00,NaN,NaN,222.04,2.8,-6.3
2013-01-24 0:00,NaN,NaN,221.75,2.8,-6.25
2013-01-25 0:00,NaN,NaN,221.32,2.4,-5.3
2013-01-26 0:00,NaN,NaN,221.08,3.4,-3.75
2013-01-27 0:00,NaN,NaN,220.88,5.5,-1.2
2013-01-28 0:00,NaN,NaN,220.557,7.9,-2
2013-01-29 0:00,NaN,NaN,220.44,8.1,2
2013-01-30 0:00,NaN,NaN,220.36,11.1,4.4
2013-01-31 0:00,NaN,NaN,220.2,11.2,4.7
2013-02-01 0:00,NaN,NaN,220.08,12.1,1.75
2013-02-02 0:00,NaN,NaN,219.96,3.8,-6.15
2013-02-03 0:00,NaN,NaN,219.96,3.4,-6.9
2013-02-04 0:00,NaN,NaN,219.83,5.5,-4.75
2013-02-05 0:00,NaN,NaN,219.71,9.3,-1.4
2013-02-06 0:00,NaN,NaN,219.4,3.2,-6.6
2013-02-07 0:00,NaN,NaN,219.08,2.5,-9.55
2013-02-08 0:00,NaN,NaN,218.64,1.5,-8.45
2013-02-09 0:00,NaN,NaN,218.36,3.2,-8.7
2013-02-10 0:00,NaN,NaN,218.11,7.8,-3.8
2013-02-11 0:00,NaN,NaN,217.81,4.2,-6.4
2013-02-12 0:00,NaN,NaN,217.44,4.7,-5.35
2013-02-13 0:00,NaN,NaN,217.04,6.1,-5.45
2013-02-14 0:00,NaN,NaN,216.68,7.4,-2.6
2013-02-15 0:00,NaN,NaN,216.36,8,-3.05
2013-02-16 0:00,NaN,NaN,216.04,6.5,-1.3
2013-02-17 0:00,NaN,NaN,215.8,5.8,-0.15
2013-02-18 0:00,NaN,NaN,215.63,7.1,-0.55
2013-02-19 0:00,NaN,NaN,215.295,6.9,-0.2
2013-02-20 0:00,NaN,NaN,214.91,7.4,-0.55
2013-02-21 0:00,NaN,NaN,214.51,6.3,-2.75
2013-02-22 0:00,NaN,NaN,214,3.8,-2.5
2013-02-23 0:00,NaN,NaN,213.48,-2.9,-11.65
2013-02-24 0:00,NaN,NaN,212.92,-2.9,-11.95
2013-02-25 0:00,NaN,NaN,212.455,-0.8,-9.9
2013-02-26 0:00,NaN,NaN,211.8,1.5,-8.95
2013-02-27 0:00,NaN,NaN,211.19,1.9,-6.35
2013-02-28 0:00,NaN,NaN,210.52,2.6,-6.2
2013-03-01 0:00,NaN,NaN,210.08,3.7,-5.55
2013-03-02 0:00,NaN,NaN,209.52,4.5,-1.7
2013-03-03 0:00,NaN,NaN,209.04,7.3,0
2013-03-04 0:00,NaN,NaN,208.67,9.4,-0.8
2013-03-05 0:00,NaN,NaN,208.32,13.8,0.5
2013-03-06 0:00,NaN,NaN,207.95,10.8,1.45
2013-03-07 0:00,NaN,NaN,207.63,14.3,2.6
2013-03-08 0:00,NaN,NaN,207.48,12.1,1.85
2013-03-09 0:00,NaN,NaN,207.43,13.1,1.55
2013-03-10 0:00,NaN,NaN,207.24,10.6,0.95
2013-03-11 0:00,NaN,NaN,207.14,10.4,-0.8
2013-03-12 0:00,NaN,NaN,206.84,8.4,-2.3
2013-03-13 0:00,NaN,NaN,206.56,-0.7,-8.6
2013-03-14 0:00,NaN,NaN,206.12,0.5,-9.95
2013-03-15 0:00,NaN,NaN,205.68,3.7,-5.9
2013-03-16 0:00,NaN,NaN,205.39,6.1,-3.2
2013-03-17 0:00,NaN,NaN,204.99,7.2,-1.05
2013-03-18 0:00,NaN,NaN,204.38,5.9,-2.5
2013-03-19 0:00,NaN,NaN,203.79,7.5,-3.15
2013-03-20 0:00,NaN,NaN,203.23,8.7,-2.45
2013-03-21 0:00,NaN,NaN,202.67,10.3,0.7
2013-03-22 0:00,NaN,NaN,202.12,11.8,5.35
2013-03-23 0:00,NaN,NaN,201.59,12.2,2.3
2013-03-24 0:00,NaN,NaN,201.16,9.4,-0.05
2013-03-25 0:00,NaN,NaN,200.61,9.7,0
2013-03-26 0:00,NaN,NaN,200.03,9.4,0.2
2013-03-27 0:00,NaN,NaN,199.52,11.5,2.75
2013-03-28 0:00,NaN,NaN,199.03,9.2,2.65
2013-03-29 0:00,NaN,NaN,198.59,12.9,3.65
2013-03-30 0:00,NaN,NaN,198.47,10.3,-0.45
2013-03-31 0:00,NaN,NaN,198.4,10.9,0.75
2013-04-01 0:00,NaN,NaN,198.375,8.4,-1.4
2013-04-02 0:00,NaN,NaN,198.31,9.5,-1.5
2013-04-03 0:00,NaN,NaN,198.055,8,0.25
2013-04-04 0:00,NaN,NaN,197.55,8.1,-0.35
2013-04-05 0:00,NaN,NaN,196.91,5.4,-5
2013-04-06 0:00,NaN,NaN,196.4,3.7,-6.8
2013-04-07 0:00,NaN,NaN,195.87,6.9,-1.6
2013-04-08 0:00,NaN,NaN,195.69,9,-0.85
2013-04-09 0:00,NaN,NaN,195.2,6.4,1.4
2013-04-10 0:00,NaN,NaN,194.87,11.5,3.15
2013-04-11 0:00,NaN,NaN,194.44,14.5,6.35
2013-04-12 0:00,NaN,NaN,194.11,12.6,2.9
2013-04-13 0:00,NaN,NaN,194.11,14.2,5.6
2013-04-14 0:00,NaN,NaN,194.237,15.7,7.85
2013-04-15 0:00,NaN,NaN,194.43,16.3,8.2
2013-04-16 0:00,NaN,NaN,194.87,16.2,8.45
2013-04-17 0:00,NaN,NaN,195.35,19.5,9.75
2013-04-18 0:00,NaN,NaN,196.04,13.4,7.05
2013-04-19 0:00,NaN,NaN,196.75,7.1,-1.85
2013-04-20 0:00,NaN,NaN,197.23,8.9,-1.7
2013-04-21 0:00,NaN,NaN,197.52,8.3,-0.3
2013-04-22 0:00,NaN,NaN,197.695,9.8,0.8
2013-04-23 0:00,NaN,NaN,197.91,11.3,2
2013-04-24 0:00,NaN,NaN,198.16,12.3,4.7
2013-04-25 0:00,NaN,NaN,198.48,14.1,4.5
2013-04-26 0:00,NaN,NaN,198.92,13,2.8
2013-04-27 0:00,NaN,NaN,199.43,6.2,-4.1
2013-04-28 0:00,NaN,NaN,199.87,5.5,-5.25
2013-04-29 0:00,NaN,NaN,200.15,7.3,-1.2
2013-04-30 0:00,NaN,NaN,200.48,9,1.65
2013-05-01 0:00,NaN,NaN,201.07,9.9,2.9
2013-05-02 0:00,NaN,NaN,201.55,10.3,0.85
2013-05-03 0:00,NaN,NaN,201.95,11.2,0.95
2013-05-04 0:00,NaN,NaN,202.31,13.4,2.75
2013-05-05 0:00,NaN,NaN,202.68,13.2,4
2013-05-06 0:00,NaN,NaN,203.033,13.9,5.3
2013-05-07 0:00,NaN,NaN,203.64,16.5,7.95
2013-05-08 0:00,NaN,NaN,204.32,18,8.75
2013-05-09 0:00,NaN,NaN,205.28,16.5,6.3
2013-05-10 0:00,NaN,NaN,206.27,9.9,4
2013-05-11 0:00,NaN,NaN,207.27,12,2.6
2013-05-12 0:00,NaN,NaN,208.03,12.5,3.3
2013-05-13 0:00,NaN,NaN,208.72,13.4,4.6
2013-05-14 0:00,NaN,NaN,209.4,15.7,5.85
2013-05-15 0:00,NaN,NaN,210.11,9.2,-0.1
2013-05-16 0:00,NaN,NaN,210.64,8.8,-1.45
2013-05-17 0:00,NaN,NaN,210.84,10.4,-0.4
2013-05-18 0:00,NaN,NaN,211.15,9.8,0.05
2013-05-19 0:00,NaN,NaN,211.36,11.8,0.55
2013-05-20 0:00,NaN,NaN,211.555,10.6,0.4
2013-05-21 0:00,NaN,NaN,211.63,9.5,1.25
2013-05-22 0:00,NaN,NaN,211.64,10.5,2.1
2013-05-23 0:00,NaN,NaN,211.85,11.5,2.6
2013-05-24 0:00,NaN,NaN,212.27,8.9,-0.65
2013-05-25 0:00,NaN,NaN,212.36,9.3,-0.6
2013-05-26 0:00,NaN,NaN,212.43,8.6,1.35
2013-05-27 0:00,NaN,NaN,212.4,12.7,4.3
2013-05-28 0:00,NaN,NaN,212.35,9.7,0.5
2013-05-29 0:00,NaN,NaN,212.43,8.1,-1.6
2013-05-30 0:00,NaN,NaN,212.4,8.2,-0.9
2013-05-31 0:00,NaN,NaN,212.39,12.2,0.6
2013-06-01 0:00,NaN,NaN,212.63,13.6,2.9
2013-06-02 0:00,NaN,NaN,212.68,13.5,4.35
2013-06-03 0:00,NaN,NaN,212.955,14.9,5.9
2013-06-04 0:00,NaN,NaN,213.2,14.2,5.3
2013-06-05 0:00,NaN,NaN,213.48,16.7,7.6
2013-06-06 0:00,NaN,NaN,213.91,17.4,8.6
2013-06-07 0:00,NaN,NaN,214.47,17.5,8.4
2013-06-08 0:00,NaN,NaN,215.08,15,4.9
2013-06-09 0:00,NaN,NaN,215.67,12.3,3.2
2013-06-10 0:00,NaN,NaN,216.23,14.5,5.85
2013-06-11 0:00,NaN,NaN,216.75,16.4,8.4
2013-06-12 0:00,NaN,NaN,217.35,20.7,11.25
2013-06-13 0:00,NaN,NaN,218.23,15.9,12.2
2013-06-14 0:00,NaN,NaN,219.15,18.7,12.25
2013-06-15 0:00,NaN,NaN,220.23,18.4,11.65
2013-06-16 0:00,NaN,NaN,221.31,21.9,13.55
2013-06-17 0:00,NaN,NaN,222.4,20.6,14.45
2013-06-18 0:00,NaN,NaN,223.71,18.6,10.6
2013-06-19 0:00,NaN,NaN,224.84,14.2,8.05
2013-06-20 0:00,NaN,NaN,225.76,15.5,6.75
2013-06-21 0:00,NaN,NaN,226.52,13.6,5.75
2013-06-22 0:00,NaN,NaN,226.96,17.7,8.55
2013-06-23 0:00,NaN,NaN,227.36,14.6,6.25
2013-06-24 0:00,NaN,NaN,227.76,14.1,5.4
2013-06-25 0:00,NaN,NaN,228.04,14.5,6.1
2013-06-26 0:00,NaN,NaN,228.32,16.3,6.65
2013-06-27 0:00,NaN,NaN,228.63,14.7,7
2013-06-28 0:00,NaN,NaN,228.87,15.3,6.55
2013-06-29 0:00,NaN,NaN,229.12,17.3,9.8
2013-06-30 0:00,NaN,NaN,229.47,18.3,10.5
2013-07-01 0:00,NaN,NaN,229.795,19.3,11.1
2013-07-02 0:00,NaN,NaN,230.135,20.3,11.5
2013-07-03 0:00,NaN,NaN,230.35,19.4,10.6
2013-07-04 0:00,NaN,NaN,230.63,19.4,11.05
2013-07-05 0:00,NaN,NaN,230.71,20,12.1
2013-07-06 0:00,NaN,NaN,230.8,22.1,13.75
2013-07-07 0:00,NaN,NaN,231.03,22.5,13.25
2013-07-08 0:00,NaN,NaN,231.215,22.7,13.5
2013-07-09 0:00,NaN,NaN,231.31,23.2,13.1
2013-07-10 0:00,NaN,NaN,231.32,22.8,13
2013-07-11 0:00,NaN,NaN,231.55,22.3,11.55
2013-07-12 0:00,NaN,NaN,231.6,22.8,13.2
2013-07-13 0:00,NaN,NaN,231.71,24.3,13.05
2013-07-14 0:00,NaN,NaN,231.84,21.7,11.9
2013-07-15 0:00,NaN,NaN,232.115,21,11.75
2013-07-16 0:00,NaN,NaN,232.24,21.9,12.45
2013-07-17 0:00,NaN,NaN,232.28,21.5,11.35
2013-07-18 0:00,NaN,NaN,232.295,20,10.9
2013-07-19 0:00,NaN,NaN,232.32,22.1,11.6
2013-07-20 0:00,NaN,NaN,232.31,23.8,13.55
2013-07-21 0:00,NaN,NaN,232.35,23,13.4
2013-07-22 0:00,NaN,NaN,232.37,23.5,13.4
2013-07-23 0:00,NaN,NaN,232.323,23.1,12.2
2013-07-24 0:00,NaN,NaN,232.48,21.1,14.5
2013-07-25 0:00,NaN,NaN,232.59,24.5,16.25
2013-07-26 0:00,NaN,NaN,232.36,25.4,16.7
2013-07-27 0:00,NaN,NaN,231.96,24.1,17.4
2013-07-28 0:00,NaN,NaN,231.6,21.4,14.05
2013-07-29 0:00,NaN,NaN,231.24,19.4,10.55
2013-07-30 0:00,NaN,NaN,230.87,20.7,11.6
2013-07-31 0:00,NaN,NaN,230.52,23.7,14.25
2013-08-01 0:00,NaN,NaN,230.12,25.7,16.05
2013-08-02 0:00,NaN,NaN,229.72,25.7,18.45
2013-08-03 0:00,NaN,NaN,229.27,21.8,15.95
2013-08-04 0:00,NaN,NaN,228.83,24,15.1
2013-08-05 0:00,NaN,NaN,228.44,20.7,16.05
2013-08-06 0:00,NaN,NaN,228,22,14.8
2013-08-07 0:00,NaN,NaN,227.56,18,11.6
2013-08-08 0:00,NaN,NaN,227.56,17.1,6.95
2013-08-09 0:00,NaN,NaN,227.63,17.9,10.15
2013-08-10 0:00,NaN,NaN,226.11,20.3,11.35
2013-08-11 0:00,NaN,NaN,225.63,20.7,13.2
2013-08-12 0:00,NaN,NaN,225.155,21.5,14.15
2013-08-13 0:00,NaN,NaN,224.64,21.2,11.35
2013-08-14 0:00,NaN,NaN,224.12,20.5,11.75
2013-08-15 0:00,NaN,NaN,223.66,19.9,12.75
2013-08-16 0:00,NaN,NaN,223.08,20.8,13.75
2013-08-17 0:00,NaN,NaN,222.59,20.9,11.35
2013-08-18 0:00,NaN,NaN,222.04,21.8,12.5
2013-08-19 0:00,NaN,NaN,221.555,19.7,11.45
2013-08-20 0:00,NaN,NaN,221.51,18.7,10.5
2013-08-21 0:00,NaN,NaN,221.52,20.3,12.6
2013-08-22 0:00,NaN,NaN,221.55,20.6,13.9
2013-08-23 0:00,NaN,NaN,221.55,20,12.65
2013-08-24 0:00,NaN,NaN,221.56,18.1,9.75
2013-08-25 0:00,NaN,NaN,221.56,17.8,9.35
2013-08-26 0:00,NaN,NaN,221.56,18.6,7.9
2013-08-27 0:00,NaN,NaN,221.56,18.9,8.15
2013-08-28 0:00,NaN,NaN,221.56,18.7,8.45
2013-08-29 0:00,NaN,NaN,221.56,17.7,8.2
2013-08-30 0:00,NaN,NaN,221.56,17.7,9.25
2013-08-31 0:00,NaN,NaN,221.56,18.2,8.1
2013-09-01 0:00,NaN,NaN,221.56,17.9,9.25
2013-09-02 0:00,NaN,NaN,221.56,18.4,9.9
2013-09-03 0:00,NaN,NaN,221.55,19.2,12.2
2013-09-04 0:00,NaN,NaN,221.59,21.2,13.45
2013-09-05 0:00,NaN,NaN,221.55,21.2,12.9
2013-09-06 0:00,NaN,NaN,221.52,19.4,10.9
2013-09-07 0:00,NaN,NaN,221.51,16.1,8.35
2013-09-08 0:00,NaN,NaN,221.55,15.4,7.3
2013-09-09 0:00,NaN,NaN,221.555,17,8.55
2013-09-10 0:00,NaN,NaN,221.545,14.9,6.55
2013-09-11 0:00,NaN,NaN,221.56,15.3,5.25
2013-09-12 0:00,NaN,NaN,221.56,15.6,5.8
2013-09-13 0:00,NaN,NaN,221.55,17.8,8.95
2013-09-14 0:00,NaN,NaN,221.55,17.6,9.05
2013-09-15 0:00,NaN,NaN,221.56,14.9,6.7
2013-09-16 0:00,NaN,NaN,221.56,13.3,7.95
2013-09-17 0:00,NaN,NaN,221.55,15.2,6.45
2013-09-18 0:00,NaN,NaN,221.52,15.7,7.85
2013-09-19 0:00,NaN,NaN,221.52,16.2,8.25
2013-09-20 0:00,NaN,NaN,221.55,17.4,8.45
2013-09-21 0:00,NaN,NaN,221.55,15.8,8.15
2013-09-22 0:00,NaN,NaN,221.55,17.1,10
2013-09-23 0:00,NaN,NaN,221.52,17.9,10.55
2013-09-24 0:00,NaN,NaN,221.51,19.8,11.8
2013-09-25 0:00,NaN,NaN,221.51,20.3,12.3
2013-09-26 0:00,NaN,NaN,221.51,21.3,14.2
2013-09-27 0:00,NaN,NaN,221.48,20.9,14.6
2013-09-28 0:00,NaN,NaN,221.48,21.2,12.45
2013-09-29 0:00,NaN,NaN,221.47,17.5,7.75
2013-09-30 0:00,NaN,NaN,221.47,17.1,8.4
2013-10-01 0:00,NaN,NaN,221.47,21.2,11.7
2013-10-02 0:00,NaN,NaN,221.47,20.8,13
2013-10-03 0:00,NaN,NaN,221.43,21.4,11.75
2013-10-04 0:00,NaN,NaN,221.43,16.9,10.1
2013-10-05 0:00,NaN,NaN,221.48,15.8,7.7
2013-10-06 0:00,NaN,NaN,221.48,15.5,6.5
2013-10-07 0:00,NaN,NaN,221.51,13.2,5.95
2013-10-08 0:00,NaN,NaN,221.52,14.8,6.6
2013-10-09 0:00,NaN,NaN,221.55,14.2,5.95
2013-10-10 0:00,NaN,NaN,221.52,12.1,3.8
2013-10-11 0:00,NaN,NaN,221.51,8.8,-1.05
2013-10-12 0:00,NaN,NaN,221.55,9.5,2.35
2013-10-13 0:00,NaN,NaN,221.4,12.4,4.3
2013-10-14 0:00,NaN,NaN,221.36,13.7,5.6
2013-10-15 0:00,NaN,NaN,221.31,15.7,6.35
2013-10-16 0:00,NaN,NaN,221.15,18.6,8.4
2013-10-17 0:00,NaN,NaN,220.91,16,8.7
2013-10-18 0:00,NaN,NaN,220.8,18,10.2
2013-10-19 0:00,NaN,NaN,220.75,14.8,9.35
2013-10-20 0:00,NaN,NaN,220.63,16.9,8.85
2013-10-21 0:00,NaN,NaN,220.615,15.6,8.75
2013-10-22 0:00,NaN,NaN,220.6,18.6,9.15
2013-10-23 0:00,NaN,NaN,220.6,15.8,8.55
2013-10-24 0:00,NaN,NaN,220.56,15.2,7.4
2013-10-25 0:00,NaN,NaN,220.43,21,10.45
2013-10-26 0:00,NaN,NaN,220.39,16.5,11.2
2013-10-27 0:00,NaN,NaN,220.36,17.3,9.7
2013-10-28 0:00,NaN,NaN,220.36,14.7,9.75
2013-10-29 0:00,NaN,NaN,220.35,11.5,1.95
2013-10-30 0:00,NaN,NaN,220.23,10.2,0
2013-10-31 0:00,NaN,NaN,220.04,7.7,2.15
2013-11-01 0:00,NaN,NaN,219.95,9.5,4.85
2013-11-02 0:00,NaN,NaN,219.91,16.7,8.1
2013-11-03 0:00,NaN,NaN,219.87,11.5,4.65
2013-11-04 0:00,NaN,NaN,219.84,13.5,1.15
2013-11-05 0:00,NaN,NaN,219.68,13.5,3.25
2013-11-06 0:00,NaN,NaN,220.195,17.2,8.55
2013-11-07 0:00,NaN,NaN,220.39,16.5,7.8
2013-11-08 0:00,NaN,NaN,220.52,12.5,4.9
2013-11-09 0:00,NaN,NaN,220.56,10.7,1.8
2013-11-10 0:00,NaN,NaN,220.67,12.1,2.6
2013-11-11 0:00,NaN,NaN,220.87,10.1,1.5
2013-11-12 0:00,NaN,NaN,220.92,11.7,2.45
2013-11-13 0:00,NaN,NaN,221.35,12.3,3.75
2013-11-14 0:00,NaN,NaN,221.87,9.1,0
2013-11-15 0:00,NaN,NaN,221.96,3.3,-6.65
2013-11-16 0:00,NaN,NaN,221.96,2.8,-5.2
2013-11-17 0:00,NaN,NaN,221.87,6.2,-1.85
2013-11-18 0:00,NaN,NaN,221.895,5.9,-3.45
2013-11-19 0:00,NaN,NaN,221.88,6,-3.85
2013-11-20 0:00,NaN,NaN,221.75,4.6,-7.25
2013-11-21 0:00,NaN,NaN,221.55,3.7,-7.55
2013-11-22 0:00,NaN,NaN,221.35,1.9,-7.6
2013-11-23 0:00,NaN,NaN,221.08,1.9,-7.5
2013-11-24 0:00,NaN,NaN,220.91,2.9,-5.8
2013-11-25 0:00,NaN,NaN,220.88,4.2,-3.75
2013-11-26 0:00,NaN,NaN,220.83,2.3,-6.3
2013-11-27 0:00,NaN,NaN,220.83,-0.2,-7.4
2013-11-28 0:00,NaN,NaN,220.585,0.4,-6.2
2013-11-29 0:00,NaN,NaN,220.24,0.5,-5.05
2013-11-30 0:00,NaN,NaN,219.99,2.8,-7
2013-12-01 0:00,NaN,NaN,219.72,2.7,-3.7
2013-12-02 0:00,NaN,NaN,219.455,3.3,-3.45
2013-12-03 0:00,NaN,NaN,218.92,5.7,1
2013-12-04 0:00,NaN,NaN,218.52,7.1,1.05
2013-12-05 0:00,NaN,NaN,218.07,4.7,0.25
2013-12-06 0:00,NaN,NaN,217.51,5.2,-1.1
2013-12-07 0:00,NaN,NaN,217.04,3.9,-0.1
2013-12-08 0:00,NaN,NaN,216.71,5.3,1.2
2013-12-09 0:00,NaN,NaN,216.31,6.8,1.1
2013-12-10 0:00,NaN,NaN,215.56,6.8,1.65
2013-12-11 0:00,NaN,NaN,214.88,6.2,3
2013-12-12 0:00,NaN,NaN,214.28,6.9,2.3
2013-12-13 0:00,NaN,NaN,213.71,6.5,1.3
2013-12-14 0:00,NaN,NaN,213.31,8,0.65
2013-12-15 0:00,NaN,NaN,213.19,8.6,2.1
2013-12-16 0:00,NaN,NaN,213.015,6.4,3.2
2013-12-17 0:00,NaN,NaN,212.83,5.7,1.7
2013-12-18 0:00,NaN,NaN,212.76,9,1
2013-12-19 0:00,NaN,NaN,212.79,6.5,-1.5
2013-12-20 0:00,NaN,NaN,212.72,5,-3.05
2013-12-21 0:00,NaN,NaN,212.68,3.5,-2.3
2013-12-22 0:00,NaN,NaN,212.55,7.2,1.4
2013-12-23 0:00,NaN,NaN,212.55,7.4,0.9
2013-12-24 0:00,NaN,NaN,212.515,9.8,1.35
2013-12-25 0:00,NaN,NaN,212.36,8.7,0
2013-12-26 0:00,NaN,NaN,212.39,5.3,-4.05
2013-12-27 0:00,NaN,NaN,212.4,8.8,0.7
2013-12-28 0:00,NaN,NaN,212.44,6.5,-1.85
2013-12-29 0:00,NaN,NaN,212.47,4.4,-2.9
2013-12-30 0:00,NaN,NaN,212.4,4.9,-2.15
2013-12-31 0:00,NaN,NaN,212.36,5,-0.35
2014-01-01 0:00,NaN,NaN,212.36,6.1,2.3
2014-01-02 0:00,NaN,NaN,212.39,7.7,2
2014-01-03 0:00,NaN,NaN,212.4,10.7,2.75
2014-01-04 0:00,NaN,NaN,212.4,9.9,-0.75
2014-01-05 0:00,NaN,NaN,212.44,6.5,-2.15
2014-01-06 0:00,NaN,NaN,212.48,13.5,3.45
2014-01-07 0:00,NaN,NaN,212.55,9.2,4.95
2014-01-08 0:00,NaN,NaN,212.51,8.6,5.6
2014-01-09 0:00,NaN,NaN,212.51,9.7,4.9
2014-01-10 0:00,NaN,NaN,212.39,8.2,4.3
2014-01-11 0:00,NaN,NaN,212.43,6.7,3.15
2014-01-12 0:00,NaN,NaN,212.36,9.8,3.7
2014-01-13 0:00,NaN,NaN,212.355,6.3,-2.1
2014-01-14 0:00,NaN,NaN,212.35,4.5,-3.95
2014-01-15 0:00,NaN,NaN,212.35,6.2,-0.5
2014-01-16 0:00,NaN,NaN,212.28,7.8,1.1
2014-01-17 0:00,NaN,NaN,212.19,6.4,-0.8
2014-01-18 0:00,NaN,NaN,212.19,4.7,-2.9
2014-01-19 0:00,NaN,NaN,212.19,4.2,-4.25
2014-01-20 0:00,NaN,NaN,212.08,5.8,-5
2014-01-21 0:00,NaN,NaN,212.03,5.7,-3
2014-01-22 0:00,NaN,NaN,211.71,3.3,-4.6
2014-01-23 0:00,NaN,NaN,211.68,6.1,-3.75
2014-01-24 0:00,NaN,NaN,211.68,8.7,-1.55
2014-01-25 0:00,NaN,NaN,211.83,10.3,0.3
2014-01-26 0:00,NaN,NaN,211.83,10.7,1.35
2014-01-27 0:00,NaN,NaN,211.85,5.5,-3.15
2014-01-28 0:00,NaN,NaN,211.8,6.5,-3.45
2014-01-29 0:00,NaN,NaN,211.79,5.4,-3.75
2014-01-30 0:00,NaN,NaN,211.76,4.6,-4
2014-01-31 0:00,NaN,NaN,211.76,6.2,-2.75
2014-02-01 0:00,NaN,NaN,211.75,4.5,-5.15
2014-02-02 0:00,NaN,NaN,211.63,5.7,-5.25
2014-02-03 0:00,NaN,NaN,211.35,4.3,-6.15
2014-02-04 0:00,NaN,NaN,211.153,6.2,-5.25
2014-02-05 0:00,NaN,NaN,211.08,7.7,-3.2
2014-02-06 0:00,NaN,NaN,210.91,11,-1.15
2014-02-07 0:00,NaN,NaN,210.76,8.3,-2.1
2014-02-08 0:00,NaN,NaN,210.71,9.3,-1.75
2014-02-09 0:00,NaN,NaN,210.44,6,-4.75
2014-02-10 0:00,NaN,NaN,210.33,6.7,-3.05
2014-02-11 0:00,NaN,NaN,209.86,4.6,-5.45
2014-02-12 0:00,NaN,NaN,209.44,7.9,-1.3
2014-02-13 0:00,NaN,NaN,209.24,10.3,0.5
2014-02-14 0:00,NaN,NaN,208.67,13,2.8
2014-02-15 0:00,NaN,NaN,208.31,7.8,1
2014-02-16 0:00,NaN,NaN,208.03,5.7,-4.2
2014-02-17 0:00,NaN,NaN,207.87,8,-1.6
2014-02-18 0:00,NaN,NaN,207.68,6.9,-0.15
2014-02-19 0:00,NaN,NaN,207.48,8.9,-0.6
2014-02-20 0:00,NaN,NaN,207.15,9.3,-0.65
2014-02-21 0:00,NaN,NaN,207.11,6.7,-3.75
2014-02-22 0:00,NaN,NaN,206.92,6.3,-3.05
2014-02-23 0:00,NaN,NaN,206.87,9.8,0.1
2014-02-24 0:00,NaN,NaN,206.87,8.2,-0.05
2014-02-25 0:00,NaN,NaN,206.8,8.7,-1.4
2014-02-26 0:00,NaN,NaN,206.6,6,-3.6
2014-02-27 0:00,NaN,NaN,206.48,4.9,-5.55
2014-02-28 0:00,NaN,NaN,206.23,5.3,-4.85
2014-03-01 0:00,NaN,NaN,205.71,6,-4.2
2014-03-02 0:00,NaN,NaN,204.96,9.1,-0.95
2014-03-03 0:00,NaN,NaN,204.715,7.1,-3.8
2014-03-04 0:00,NaN,NaN,204.28,5.9,-5.15
2014-03-05 0:00,NaN,NaN,203.84,7.1,-3.45
2014-03-06 0:00,NaN,NaN,203.67,7.1,-1.65
2014-03-07 0:00,NaN,NaN,203.35,7.9,0.6
2014-03-08 0:00,NaN,NaN,202.99,11.4,3
2014-03-09 0:00,NaN,NaN,202.92,11.8,2.9
2014-03-10 0:00,NaN,NaN,202.86,10.7,2.3
2014-03-11 0:00,NaN,NaN,202.48,9.8,1.75
2014-03-12 0:00,NaN,NaN,202.48,10.3,1.1
2014-03-13 0:00,NaN,NaN,201.91,8,0.9
2014-03-14 0:00,NaN,NaN,201.4,10.6,1.75
2014-03-15 0:00,NaN,NaN,201.12,9.3,1.35
2014-03-16 0:00,NaN,NaN,200.88,12.9,4.65
2014-03-17 0:00,NaN,NaN,200.72,13.5,6.5
2014-03-18 0:00,NaN,NaN,200.12,8.5,5.1
2014-03-19 0:00,NaN,NaN,199.84,11.7,3.55
2014-03-20 0:00,NaN,NaN,199.55,12,4.1
2014-03-21 0:00,NaN,NaN,199.16,11.2,2.8
2014-03-22 0:00,NaN,NaN,198.6,6.5,-1.5
2014-03-23 0:00,NaN,NaN,198.23,4.8,-5.95
2014-03-24 0:00,NaN,NaN,197.875,6.1,-3.05
2014-03-25 0:00,NaN,NaN,197.43,7.1,-3.25
2014-03-26 0:00,NaN,NaN,196.87,5.8,-4.75
2014-03-27 0:00,NaN,NaN,196.39,6.8,-2.9
2014-03-28 0:00,NaN,NaN,195.56,10.3,-0.1
2014-03-29 0:00,NaN,NaN,194.43,13,1
2014-03-30 0:00,NaN,NaN,193.68,8.9,0.8
2014-03-31 0:00,NaN,NaN,192.92,13.9,4.05
2014-04-01 0:00,NaN,NaN,192.71,15.2,4.4
2014-04-02 0:00,NaN,NaN,192.91,16.2,4
2014-04-03 0:00,NaN,NaN,193.08,10.2,-0.3
2014-04-04 0:00,NaN,NaN,193.39,11,-0.05
2014-04-05 0:00,NaN,NaN,193.43,10.6,0.85
2014-04-06 0:00,NaN,NaN,193.08,14,5.35
2014-04-07 0:00,NaN,NaN,192.83,18.4,7.6
2014-04-08 0:00,NaN,NaN,192.76,11.6,4.25
2014-04-09 0:00,NaN,NaN,192.72,13.6,5.6
2014-04-10 0:00,NaN,NaN,192.64,14.6,7.4
2014-04-11 0:00,NaN,NaN,192.72,15.4,5.55
2014-04-12 0:00,NaN,NaN,192.87,14.3,4.8
2014-04-13 0:00,NaN,NaN,193.27,14,4.6
2014-04-14 0:00,NaN,NaN,193.56,15.8,6.25
2014-04-15 0:00,NaN,NaN,193.95,14.2,7.25
2014-04-16 0:00,NaN,NaN,194.27,14.3,7
2014-04-17 0:00,NaN,NaN,194.64,13.2,5.65
2014-04-18 0:00,NaN,NaN,194.72,11.7,4.85
2014-04-19 0:00,NaN,NaN,194.87,11.3,2.95
2014-04-20 0:00,NaN,NaN,194.95,9.3,1.15
2014-04-21 0:00,NaN,NaN,194.92,11.3,1.8
2014-04-22 0:00,NaN,NaN,194.84,12.4,1.7
2014-04-23 0:00,NaN,NaN,194.68,14.7,3.85
2014-04-24 0:00,NaN,NaN,194.71,14.9,3.15
2014-04-25 0:00,NaN,NaN,195.04,10.7,-0.25
2014-04-26 0:00,NaN,NaN,194.99,11.5,2.3
2014-04-27 0:00,NaN,NaN,194.84,9.9,1.15
2014-04-28 0:00,NaN,NaN,194.59,11.2,1.15
2014-04-29 0:00,NaN,NaN,194.32,13.7,3.7
2014-04-30 0:00,NaN,NaN,194.08,12.8,3.15
2014-05-01 0:00,NaN,NaN,193.92,11.4,3.1
2014-05-02 0:00,NaN,NaN,194.12,10.4,-0.05
2014-05-03 0:00,NaN,NaN,194.63,12.6,2.25
2014-05-04 0:00,NaN,NaN,194.88,12.5,2.7
2014-05-05 0:00,NaN,NaN,195.29,15.3,6.3
2014-05-06 0:00,NaN,NaN,195.58,15.3,8.6
2014-05-07 0:00,NaN,NaN,196.04,14.7,7
2014-05-08 0:00,NaN,NaN,196.88,16.2,7.45
2014-05-09 0:00,NaN,NaN,197.77,13.9,7.75
2014-05-10 0:00,NaN,NaN,198.83,15.1,8.6
2014-05-11 0:00,NaN,NaN,199.72,13,5.5
2014-05-12 0:00,NaN,NaN,200.59,10.4,3.35
2014-05-13 0:00,NaN,NaN,201.39,10.6,0.5
2014-05-14 0:00,NaN,NaN,202,11.4,1.85
2014-05-15 0:00,NaN,NaN,202.28,11.3,2.85
2014-05-16 0:00,NaN,NaN,202.47,10,3.25
2014-05-17 0:00,NaN,NaN,202.56,11.5,2.85
2014-05-18 0:00,NaN,NaN,202.84,14.6,5.45
2014-05-19 0:00,NaN,NaN,203.34,17.1,7.25
2014-05-20 0:00,NaN,NaN,203.935,16.4,7.65
2014-05-21 0:00,NaN,NaN,204.79,19.5,7.8
2014-05-22 0:00,NaN,NaN,205.99,15.6,6
2014-05-23 0:00,NaN,NaN,206.71,14.7,2.9
2014-05-24 0:00,NaN,NaN,207.28,11.5,1.9
2014-05-25 0:00,NaN,NaN,207.56,14.7,3.95
2014-05-26 0:00,NaN,NaN,207.88,10.9,0.55
2014-05-27 0:00,NaN,NaN,208.27,11.6,1.65
2014-05-28 0:00,NaN,NaN,208.55,12.9,3.55
2014-05-29 0:00,NaN,NaN,208.74,12.8,3.2
2014-05-30 0:00,NaN,NaN,208.79,13.3,2
2014-05-31 0:00,NaN,NaN,208.93,14.8,2.45
2014-06-01 0:00,NaN,NaN,209.16,16.4,6.05
2014-06-02 0:00,NaN,NaN,209.55,15.6,5.9
2014-06-03 0:00,NaN,NaN,210,16.3,7.3
2014-06-04 0:00,NaN,NaN,210.48,12.9,5.3
2014-06-05 0:00,NaN,NaN,211.04,17.4,9.15
2014-06-06 0:00,NaN,NaN,211.76,21,12.6
2014-06-07 0:00,NaN,NaN,212.59,21.4,14.35
2014-06-08 0:00,NaN,NaN,213.64,20.5,14.75
2014-06-09 0:00,NaN,NaN,214.47,23.2,15.6
2014-06-10 0:00,NaN,NaN,215.19,18.4,13
2014-06-11 0:00,NaN,NaN,215.955,20.9,11.3
2014-06-12 0:00,NaN,NaN,216.59,22.8,11.15
2014-06-13 0:00,NaN,NaN,217.11,21.4,11.4
2014-06-14 0:00,NaN,NaN,217.76,20.5,9.3
2014-06-15 0:00,NaN,NaN,218.48,17.9,7.05
2014-06-16 0:00,NaN,NaN,219.035,16.9,5.85
2014-06-17 0:00,NaN,NaN,219.39,17.2,7.1
2014-06-18 0:00,NaN,NaN,219.15,17.3,5.8
2014-06-19 0:00,NaN,NaN,219.99,17.9,9.05
2014-06-20 0:00,NaN,NaN,220.2,19.9,11.45
2014-06-21 0:00,NaN,NaN,220.59,22,13.7
2014-06-22 0:00,NaN,NaN,221.03,20.8,12.75
2014-06-23 0:00,NaN,NaN,221.4,20.7,11.95
2014-06-24 0:00,NaN,NaN,221.75,19.3,8.7
2014-06-25 0:00,NaN,NaN,222.32,19.4,7.3
2014-06-26 0:00,NaN,NaN,223.07,18,7.4
2014-06-27 0:00,NaN,NaN,223.63,19.9,8.9
2014-06-28 0:00,NaN,NaN,223.87,20.7,11.75
2014-06-29 0:00,NaN,NaN,224.07,16.1,6.7
2014-06-30 0:00,NaN,NaN,224.16,14.9,6.6
2014-07-01 0:00,NaN,NaN,224.28,20,9.5
2014-07-02 0:00,NaN,NaN,224.4,18.2,8.35
2014-07-03 0:00,NaN,NaN,224.52,17.4,9.05
2014-07-04 0:00,NaN,NaN,224.59,19.2,9.05
2014-07-05 0:00,NaN,NaN,224.72,20.3,11.05
2014-07-06 0:00,NaN,NaN,224.8,20.5,12.1
2014-07-07 0:00,NaN,NaN,224.99,14.4,5.15
2014-07-08 0:00,NaN,NaN,225.16,15.5,6.6
2014-07-09 0:00,NaN,NaN,225.24,15.9,5.35
2014-07-10 0:00,NaN,NaN,225.4,15.7,6.55
2014-07-11 0:00,NaN,NaN,225.44,18,7.6
2014-07-12 0:00,NaN,NaN,225.51,16.6,6.9
2014-07-13 0:00,NaN,NaN,225.56,18.5,8.8
2014-07-14 0:00,NaN,NaN,225.63,19.6,10.45
2014-07-15 0:00,NaN,NaN,225.705,20.3,11.9
2014-07-16 0:00,NaN,NaN,225.79,22.7,13.8
2014-07-17 0:00,NaN,NaN,225.83,23.6,14.55
2014-07-18 0:00,NaN,NaN,225.88,26.2,15.8
2014-07-19 0:00,NaN,NaN,225.95,21.7,14.7
2014-07-20 0:00,NaN,NaN,225.96,18.1,8.95
2014-07-21 0:00,NaN,NaN,226.03,18.6,8.25
2014-07-22 0:00,NaN,NaN,226.11,20.1,9.4
2014-07-23 0:00,NaN,NaN,226.15,19.9,10.7
2014-07-24 0:00,NaN,NaN,226.2,21.9,12.25
2014-07-25 0:00,NaN,NaN,226.23,21.1,10.45
2014-07-26 0:00,NaN,NaN,226.32,20.2,10.75
2014-07-27 0:00,NaN,NaN,226.36,21.6,12.1
2014-07-28 0:00,NaN,NaN,226.4,19.8,8.6
2014-07-29 0:00,NaN,NaN,226.51,16.8,6.05
2014-07-30 0:00,NaN,NaN,226.6,18.1,8.25
2014-07-31 0:00,NaN,NaN,226.64,20.5,10.7
2014-08-01 0:00,NaN,NaN,226.8,19.8,12.55
2014-08-02 0:00,NaN,NaN,226.75,19.8,9.3
2014-08-03 0:00,NaN,NaN,226.84,19.5,10.4
2014-08-04 0:00,NaN,NaN,226.91,19.1,10.6
2014-08-05 0:00,NaN,NaN,226.92,21,11.15
2014-08-06 0:00,NaN,NaN,226.96,19.1,11.6
2014-08-07 0:00,NaN,NaN,227,20.3,11.55
2014-08-08 0:00,NaN,NaN,227.03,24.2,13.9
2014-08-09 0:00,NaN,NaN,227.07,20.5,12
2014-08-10 0:00,NaN,NaN,227.08,23.1,14.6
2014-08-11 0:00,NaN,NaN,227.11,17.4,10.6
2014-08-12 0:00,NaN,NaN,227.11,19.1,10.95
2014-08-13 0:00,NaN,NaN,227.15,17.4,8.1
2014-08-14 0:00,NaN,NaN,227.19,16.7,7.7
2014-08-15 0:00,NaN,NaN,227.2,16.3,7.5
2014-08-16 0:00,NaN,NaN,227.23,17.2,6.35
2014-08-17 0:00,NaN,NaN,227.23,17.8,8.9
2014-08-18 0:00,NaN,NaN,227.24,17.5,11.75
2014-08-19 0:00,NaN,NaN,227.27,16.3,8.45
2014-08-20 0:00,NaN,NaN,227.31,16.2,7.15
2014-08-21 0:00,NaN,NaN,227.39,17.2,9.15
2014-08-22 0:00,NaN,NaN,227.4,15.1,8.15
2014-08-23 0:00,NaN,NaN,227.44,17,7.3
2014-08-24 0:00,NaN,NaN,227.47,18.8,8.9
2014-08-25 0:00,NaN,NaN,227.48,20.2,12.1
2014-08-26 0:00,NaN,NaN,227.51,19.7,12.3
2014-08-27 0:00,NaN,NaN,227.51,22.1,12.15
2014-08-28 0:00,NaN,NaN,227.52,20.2,13.25
2014-08-29 0:00,NaN,NaN,227.52,18.4,9.8
2014-08-30 0:00,NaN,NaN,227.55,20.7,9.7
2014-08-31 0:00,NaN,NaN,227.56,21,10.8
2014-09-01 0:00,NaN,NaN,227.56,18.5,10.55
2014-09-02 0:00,NaN,NaN,227.56,18,10.7
2014-09-03 0:00,NaN,NaN,227.56,18.3,11.35
2014-09-04 0:00,NaN,NaN,227.56,18.3,10.2
2014-09-05 0:00,NaN,NaN,227.59,20,10
2014-09-06 0:00,NaN,NaN,227.59,20,12.1
2014-09-07 0:00,NaN,NaN,227.59,22.6,12.25
2014-09-08 0:00,NaN,NaN,227.6,21.1,9.95
2014-09-09 0:00,NaN,NaN,227.63,19.9,9.5
2014-09-10 0:00,NaN,NaN,227.63,20.7,10.8
2014-09-11 0:00,NaN,NaN,227.63,20.1,11.9
2014-09-12 0:00,NaN,NaN,227.63,19.6,10.1
2014-09-13 0:00,NaN,NaN,227.63,18,10.1
2014-09-14 0:00,NaN,NaN,227.64,17.5,9.85
2014-09-15 0:00,NaN,NaN,227.675,17.8,8.85
2014-09-16 0:00,NaN,NaN,227.695,19.1,9.4
2014-09-17 0:00,NaN,NaN,227.67,20.9,11.8
2014-09-18 0:00,NaN,NaN,227.675,19,10.25
2014-09-19 0:00,NaN,NaN,227.68,21.8,10.9
2014-09-20 0:00,NaN,NaN,227.57,19.3,10.4
2014-09-21 0:00,NaN,NaN,227.68,18.9,8.5
2014-09-22 0:00,NaN,NaN,227.68,16.2,7.65
2014-09-23 0:00,NaN,NaN,227.67,15.9,7.95
2014-09-24 0:00,NaN,NaN,227.68,14.8,4.5
2014-09-25 0:00,NaN,NaN,227.68,13.7,4.1
2014-09-26 0:00,NaN,NaN,227.68,13.4,5.35
2014-09-27 0:00,NaN,NaN,227.68,15.4,7.35
2014-09-28 0:00,NaN,NaN,227.68,16.7,7.25
2014-09-29 0:00,NaN,NaN,227.72,17.5,8.5
2014-09-30 0:00,NaN,NaN,227.72,17.9,6.85
2014-10-01 0:00,NaN,NaN,227.76,17.9,8.15
2014-10-02 0:00,NaN,NaN,227.76,17,7.5
2014-10-03 0:00,NaN,NaN,227.79,16.6,7.65
2014-10-04 0:00,NaN,NaN,227.79,17.5,8.15
2014-10-05 0:00,NaN,NaN,227.79,13.4,5.55
2014-10-06 0:00,NaN,NaN,227.785,14.3,7.4
2014-10-07 0:00,NaN,NaN,227.79,15.7,9.3
2014-10-08 0:00,NaN,NaN,227.8,18.3,10.5
2014-10-09 0:00,NaN,NaN,227.8,16.9,9.3
2014-10-10 0:00,NaN,NaN,227.8,16,7.25
2014-10-11 0:00,NaN,NaN,227.83,15.1,7.3
2014-10-12 0:00,NaN,NaN,227.83,20.7,7.75
2014-10-13 0:00,NaN,NaN,227.88,14.9,6.65
2014-10-14 0:00,NaN,NaN,227.91,14.4,4.85
2014-10-15 0:00,NaN,NaN,227.91,17.2,6.15
2014-10-16 0:00,NaN,NaN,227.92,18.3,9.6
2014-10-17 0:00,NaN,NaN,227.95,18.5,10.05
2014-10-18 0:00,NaN,NaN,227.95,17,10.9
2014-10-19 0:00,NaN,NaN,227.96,18.3,11.4
2014-10-20 0:00,NaN,NaN,227.96,19.6,11.25
2014-10-21 0:00,NaN,NaN,227.96,17.2,9.5
2014-10-22 0:00,NaN,NaN,227.95,12.6,4.05
2014-10-23 0:00,NaN,NaN,227.96,10.5,5.2
2014-10-24 0:00,NaN,NaN,227.96,13.7,7.2
2014-10-25 0:00,NaN,NaN,227.99,16.1,7.7
2014-10-26 0:00,NaN,NaN,227.99,15.8,6.7
2014-10-27 0:00,NaN,NaN,227.99,15.1,4.6
2014-10-28 0:00,NaN,NaN,227.99,14.5,6.9
2014-10-29 0:00,NaN,NaN,227.99,15,7.3
2014-10-30 0:00,NaN,NaN,227.99,16.5,8.8
2014-10-31 0:00,NaN,NaN,227.99,17.7,9.4
2014-11-01 0:00,NaN,NaN,227.99,14.4,9.05
2014-11-02 0:00,NaN,NaN,227.99,14.4,8.5
2014-11-03 0:00,NaN,NaN,227.99,15.5,5.85
2014-11-04 0:00,NaN,NaN,227.99,8.8,0.7
2014-11-05 0:00,NaN,NaN,228,9.8,-1.65
2014-11-06 0:00,NaN,NaN,227.99,8.6,0
2014-11-07 0:00,NaN,NaN,227.99,7.7,2.75
2014-11-08 0:00,NaN,NaN,227.99,9.2,2.8
2014-11-09 0:00,NaN,NaN,227.99,6.1,0.2
2014-11-10 0:00,NaN,NaN,228,8,1.15
2014-11-11 0:00,NaN,NaN,227.99,6.4,1.55
2014-11-12 0:00,NaN,NaN,227.99,8.7,1.85
2014-11-13 0:00,NaN,NaN,227.99,11.9,4.5
2014-11-14 0:00,NaN,NaN,228,12.2,4.3
2014-11-15 0:00,NaN,NaN,227.99,11.5,2.15
2014-11-16 0:00,NaN,NaN,228,8.7,-0.4
2014-11-17 0:00,NaN,NaN,227.995,8.1,0.15
2014-11-18 0:00,NaN,NaN,228,10.4,0.6
2014-11-19 0:00,NaN,NaN,228.03,9.6,3.55
2014-11-20 0:00,NaN,NaN,228.01,11.4,5.95
2014-11-21 0:00,NaN,NaN,228.01,11.6,6.05
2014-11-22 0:00,NaN,NaN,228.01,12.3,8.5
2014-11-23 0:00,NaN,NaN,228,17.6,9.1
2014-11-24 0:00,NaN,NaN,228,12.8,6.85
2014-11-25 0:00,NaN,NaN,228,12.1,5.15
2014-11-26 0:00,NaN,NaN,228.01,12.1,2
2014-11-27 0:00,NaN,NaN,228.01,11.1,1.6
2014-11-28 0:00,NaN,NaN,228.04,13.2,3.55
2014-11-29 0:00,NaN,NaN,228.12,12.4,3.55
2014-11-30 0:00,NaN,NaN,228.28,10.8,2.4
2014-12-01 0:00,NaN,NaN,228.35,8.1,0.2
2014-12-02 0:00,NaN,NaN,228.44,4.8,-0.9
2014-12-03 0:00,NaN,NaN,228.47,4.5,-1.1
2014-12-04 0:00,NaN,NaN,228.48,5.7,-1.2
2014-12-05 0:00,NaN,NaN,228.48,5.7,-2.75
2014-12-06 0:00,NaN,NaN,228.55,3.9,-4.8
2014-12-07 0:00,NaN,NaN,228.56,4.5,-3.8
2014-12-08 0:00,NaN,NaN,228.59,6.3,-2.2
2014-12-09 0:00,NaN,NaN,228.67,2.9,-6.85
2014-12-10 0:00,NaN,NaN,228.67,2.8,-5
2014-12-11 0:00,NaN,NaN,228.68,8.9,-0.05
2014-12-12 0:00,NaN,NaN,228.68,8.4,0.5
2014-12-13 0:00,NaN,NaN,228.68,4.9,2.15
2014-12-14 0:00,NaN,NaN,228.68,6.8,0.25
2014-12-15 0:00,NaN,NaN,228.695,5.8,-1.65
2014-12-16 0:00,NaN,NaN,228.72,5.3,-1.6
2014-12-17 0:00,NaN,NaN,228.75,9.4,0.25
2014-12-18 0:00,NaN,NaN,228.79,10.4,2.1
2014-12-19 0:00,NaN,NaN,228.8,8.9,3.25
2014-12-20 0:00,NaN,NaN,228.83,10.3,2.15
2014-12-21 0:00,NaN,NaN,228.83,5.3,1.55
2014-12-22 0:00,NaN,NaN,228.83,6.2,3.1
2014-12-23 0:00,NaN,NaN,228.84,6.7,3.2
2014-12-24 0:00,NaN,NaN,228.84,4.8,0.2
2014-12-25 0:00,NaN,NaN,228.87,5.4,-0.65
2014-12-26 0:00,NaN,NaN,228.87,6.4,-0.6
2014-12-27 0:00,NaN,NaN,228.88,7.1,-2.5
2014-12-28 0:00,NaN,NaN,228.95,2.7,-6.75
2014-12-29 0:00,NaN,NaN,228.975,0.3,-7.8
2014-12-30 0:00,NaN,NaN,228.96,0.6,-5.65
2014-12-31 0:00,NaN,NaN,228.95,1.1,-4.3
2015-01-01 0:00,NaN,NaN,228.96,1.8,-2.2
2015-01-02 0:00,NaN,NaN,228.96,5.1,-0.05
2015-01-03 0:00,NaN,NaN,228.96,6.8,2.2
2015-01-04 0:00,NaN,NaN,228.96,7.4,1.35
2015-01-05 0:00,NaN,NaN,228.96,8.5,0.6
2015-01-06 0:00,NaN,NaN,228.97,4.2,-1.1
2015-01-07 0:00,NaN,NaN,228.95,6.7,-1.8
2015-01-08 0:00,NaN,NaN,228.95,5.4,-0.45
2015-01-09 0:00,NaN,NaN,228.87,8.4,1.6
2015-01-10 0:00,NaN,NaN,228.79,11,4.4
2015-01-11 0:00,NaN,NaN,228.72,7.1,-1.9
2015-01-12 0:00,NaN,NaN,228.675,9.3,0.75
2015-01-13 0:00,NaN,NaN,228.56,10.4,1.25
2015-01-14 0:00,NaN,NaN,228.47,8,0.1
2015-01-15 0:00,NaN,NaN,228.4,7,2.3
2015-01-16 0:00,NaN,NaN,228.35,5.4,-1.95
2015-01-17 0:00,NaN,NaN,228.27,4.4,-4.35
2015-01-18 0:00,NaN,NaN,228.2,3.9,-4.65
2015-01-19 0:00,NaN,NaN,228.12,4.5,-5.45
2015-01-20 0:00,NaN,NaN,228.04,1.5,-4.9
2015-01-21 0:00,NaN,NaN,227.96,2.4,-5.35
2015-01-22 0:00,NaN,NaN,227.92,1.5,-5.05
2015-01-23 0:00,NaN,NaN,227.88,3.5,-5.05
2015-01-24 0:00,NaN,NaN,227.87,1,-4.8
2015-01-25 0:00,NaN,NaN,227.8,1.9,-6.2
2015-01-26 0:00,NaN,NaN,227.8,3.4,-3.9
2015-01-27 0:00,NaN,NaN,227.79,5.5,-1.2
2015-01-28 0:00,NaN,NaN,227.76,4.5,-2.1
2015-01-29 0:00,NaN,NaN,227.72,10.6,-0.45
2015-01-30 0:00,NaN,NaN,227.76,2.7,-4
2015-01-31 0:00,NaN,NaN,227.75,3.1,-5.3
2015-02-01 0:00,NaN,NaN,227.75,2.3,-8.85
2015-02-02 0:00,NaN,NaN,227.735,2.6,-6.6
2015-02-03 0:00,NaN,NaN,227.68,-0.3,-9.95
2015-02-04 0:00,NaN,NaN,227.67,-1.8,-11.35
2015-02-05 0:00,NaN,NaN,227.6,-0.8,-10.95
2015-02-06 0:00,NaN,NaN,227.6,-1.9,-9.85
2015-02-07 0:00,NaN,NaN,227.56,0.5,-7.5
2015-02-08 0:00,NaN,NaN,227.52,0.1,-6.75
2015-02-09 0:00,NaN,NaN,227.49,2.4,-4.35
2015-02-10 0:00,NaN,NaN,227.44,4.6,-2.15
2015-02-11 0:00,NaN,NaN,227.35,4.2,-1.9
2015-02-12 0:00,NaN,NaN,227.27,5.4,-2.15
2015-02-13 0:00,NaN,NaN,227.16,7.7,-2
2015-02-14 0:00,NaN,NaN,227.11,5.6,-2.45
2015-02-15 0:00,NaN,NaN,227.03,7.2,-3.4
2015-02-16 0:00,NaN,NaN,226.92,5.6,-2.6
2015-02-17 0:00,NaN,NaN,226.84,7.5,-2.7
2015-02-18 0:00,NaN,NaN,226.71,5.6,-1.3
2015-02-19 0:00,NaN,NaN,226.6,7.3,-1
2015-02-20 0:00,NaN,NaN,226.4,7.9,-1.7
2015-02-21 0:00,NaN,NaN,226.27,4.4,-3.9
2015-02-22 0:00,NaN,NaN,226.16,5.9,-6.1
2015-02-23 0:00,NaN,NaN,226.03,6.7,-1.75
2015-02-24 0:00,NaN,NaN,225.68,3.5,-6.45
2015-02-25 0:00,NaN,NaN,225.28,6.5,-5
2015-02-26 0:00,NaN,NaN,225.04,9.5,-2.1
2015-02-27 0:00,NaN,NaN,224.44,5.4,-5.25
2015-02-28 0:00,NaN,NaN,223.85,4.8,-4.5
2015-03-01 0:00,NaN,NaN,223.25,10.9,0.6
2015-03-02 0:00,NaN,NaN,222.64,11.7,3.45
2015-03-03 0:00,NaN,NaN,222.02,11.4,1.8
2015-03-04 0:00,NaN,NaN,221.47,5.7,-3.8
2015-03-05 0:00,NaN,NaN,221.24,6.3,-3.4
2015-03-06 0:00,NaN,NaN,220.16,6.7,-0.15
2015-03-07 0:00,NaN,NaN,219.47,10.6,3.2
2015-03-08 0:00,NaN,NaN,218.79,9.8,2.2
2015-03-09 0:00,NaN,NaN,218.375,9.4,2.45
2015-03-10 0:00,NaN,NaN,217.35,9.9,3.2
2015-03-11 0:00,NaN,NaN,216.64,12.5,4.75
2015-03-12 0:00,NaN,NaN,216.43,12.5,4.35
2015-03-13 0:00,NaN,NaN,216.42,8.9,-0.55
2015-03-14 0:00,NaN,NaN,216.44,5,-4.95
2015-03-15 0:00,NaN,NaN,216.44,4.1,-6.65
2015-03-16 0:00,NaN,NaN,216.45,7.4,-3.25
2015-03-17 0:00,NaN,NaN,216.46,7.7,-1.15
2015-03-18 0:00,NaN,NaN,216.46,8.6,0.95
2015-03-19 0:00,NaN,NaN,216.47,11.4,3.45
2015-03-20 0:00,NaN,NaN,216.47,8.2,2.75
2015-03-21 0:00,NaN,NaN,216.47,6.3,0.1
2015-03-22 0:00,NaN,NaN,216.48,7.9,-1.45
2015-03-23 0:00,NaN,NaN,216.49,10.2,0.45
2015-03-24 0:00,NaN,NaN,216.49,8.5,-1.7
2015-03-25 0:00,NaN,NaN,216.5,4.9,-5.25
2015-03-26 0:00,NaN,NaN,216.53,5.5,-3.05
2015-03-27 0:00,NaN,NaN,216.52,10.8,0.65
2015-03-28 0:00,NaN,NaN,216.56,12.7,2.9
2015-03-29 0:00,NaN,NaN,216.59,13.2,3.95
2015-03-30 0:00,NaN,NaN,216.6,13.7,5.7
2015-03-31 0:00,NaN,NaN,216.67,12.9,6.95
2015-04-01 0:00,NaN,NaN,216.72,9.8,1.75
2015-04-02 0:00,NaN,NaN,216.72,8.3,3.05
2015-04-03 0:00,NaN,NaN,216.73,9.7,3.7
2015-04-04 0:00,NaN,NaN,216.76,10,2
2015-04-05 0:00,NaN,NaN,216.79,10.1,1.3
2015-04-06 0:00,NaN,NaN,216.795,7.7,1.25
2015-04-07 0:00,NaN,NaN,216.83,9.3,1.8
2015-04-08 0:00,NaN,NaN,216.76,10.9,3.05
2015-04-09 0:00,NaN,NaN,216.64,11.8,4.6
2015-04-10 0:00,NaN,NaN,216.52,11.7,3.6
2015-04-11 0:00,NaN,NaN,216.36,12.6,3.75
2015-04-12 0:00,NaN,NaN,216.12,15.2,5.1
2015-04-13 0:00,NaN,NaN,215.91,15.8,7.1
2015-04-14 0:00,NaN,NaN,215.6,16.9,8.05
2015-04-15 0:00,NaN,NaN,215.52,16.5,8.45
2015-04-16 0:00,NaN,NaN,215.51,15.5,5.2
2015-04-17 0:00,NaN,NaN,215.6,13.9,3.7
2015-04-18 0:00,NaN,NaN,215.48,14.4,5
2015-04-19 0:00,NaN,NaN,215.4,11,1.5
2015-04-20 0:00,NaN,NaN,215.315,13,3.4
2015-04-21 0:00,NaN,NaN,215.04,14.1,5.55
2015-04-22 0:00,NaN,NaN,214.88,16.3,5.9
2015-04-23 0:00,NaN,NaN,214.64,13.8,3.3
2015-04-24 0:00,NaN,NaN,214.36,14.7,5.6
2015-04-25 0:00,NaN,NaN,214.24,16,6.6
2015-04-26 0:00,NaN,NaN,214.28,14.6,4.7
2015-04-27 0:00,NaN,NaN,214.43,11,1.3
2015-04-28 0:00,NaN,NaN,214.31,11.2,2
2015-04-29 0:00,NaN,NaN,214.12,11.3,1.6
2015-04-30 0:00,NaN,NaN,213.75,12.8,4.2
2015-05-01 0:00,NaN,NaN,213.32,14.1,7.1
2015-05-02 0:00,NaN,NaN,213.11,17.9,8.3
2015-05-03 0:00,NaN,NaN,213.99,19.5,11.7
2015-05-04 0:00,NaN,NaN,214.555,23.4,12.25
2015-05-05 0:00,NaN,NaN,215.755,15.2,8.65
2015-05-06 0:00,NaN,NaN,216.71,13.3,5.8
2015-05-07 0:00,NaN,NaN,217,14.7,7.3
2015-05-08 0:00,NaN,NaN,217.28,16.1,8.05
2015-05-09 0:00,NaN,NaN,217.51,15.6,7.65
2015-05-10 0:00,NaN,NaN,217.75,20.2,10.65
2015-05-11 0:00,NaN,NaN,217.83,20.8,11.85
2015-05-12 0:00,NaN,NaN,218.23,21,12.85
2015-05-13 0:00,NaN,NaN,218.59,23.8,14.15
2015-05-14 0:00,NaN,NaN,219.11,14,10.6
2015-05-15 0:00,NaN,NaN,219.47,10.5,1.35
2015-05-16 0:00,NaN,NaN,219.35,14.1,4.15
2015-05-17 0:00,NaN,NaN,219.2,14.5,6.85
2015-05-18 0:00,NaN,NaN,219.12,15.5,8.1
2015-05-19 0:00,NaN,NaN,219.27,10.3,2.1
2015-05-20 0:00,NaN,NaN,219.23,10.9,0.75
2015-05-21 0:00,NaN,NaN,218.99,11.4,0.6
2015-05-22 0:00,NaN,NaN,218.75,12.1,2.4
2015-05-23 0:00,NaN,NaN,218.6,13.9,3.05
2015-05-24 0:00,NaN,NaN,218.56,15.8,4.7
2015-05-25 0:00,NaN,NaN,218.44,15.2,4.7
2015-05-26 0:00,NaN,NaN,218.28,14,5.05
2015-05-27 0:00,NaN,NaN,218.16,15.7,6.6
2015-05-28 0:00,NaN,NaN,218,14.9,6.3
2015-05-29 0:00,NaN,NaN,218.23,12.5,7.8
2015-05-30 0:00,NaN,NaN,218.99,14.4,6.85
2015-05-31 0:00,NaN,NaN,219.36,15.8,7.85
2015-06-01 0:00,NaN,NaN,219.475,17.8,8.45
2015-06-02 0:00,NaN,NaN,219.95,20.5,10.95
2015-06-03 0:00,NaN,NaN,220.23,21.4,12.35
2015-06-04 0:00,NaN,NaN,220.55,22.7,13.1
2015-06-05 0:00,NaN,NaN,220.84,22.3,12.05
2015-06-06 0:00,NaN,NaN,221.12,19.9,11.5
2015-06-07 0:00,NaN,NaN,221.43,21.6,10.8
2015-06-08 0:00,NaN,NaN,221.55,21.1,10.1
2015-06-09 0:00,NaN,NaN,222.51,17.3,9.7
2015-06-10 0:00,NaN,NaN,223.32,17.7,8.9
2015-06-11 0:00,NaN,NaN,224.11,18.7,10.35
2015-06-12 0:00,NaN,NaN,224.96,17.3,8.25
2015-06-13 0:00,NaN,NaN,225.55,17.9,9.2
2015-06-14 0:00,NaN,NaN,225.99,16.9,7.8
2015-06-15 0:00,NaN,NaN,226.09,16.8,6.9
2015-06-16 0:00,NaN,NaN,226.44,15.9,6.6
2015-06-17 0:00,NaN,NaN,226.88,17.5,7.8
2015-06-18 0:00,NaN,NaN,227.15,17.3,9.1
2015-06-19 0:00,NaN,NaN,227.48,18.9,9.55
2015-06-20 0:00,NaN,NaN,227.68,18.8,9.9
2015-06-21 0:00,NaN,NaN,227.91,19,11.05
2015-06-22 0:00,NaN,NaN,228.04,21.4,12.55
2015-06-23 0:00,NaN,NaN,228.15,20.6,10.35
2015-06-24 0:00,NaN,NaN,228.23,19.5,9.85
2015-06-25 0:00,NaN,NaN,228.16,20.8,12.05
2015-06-26 0:00,NaN,NaN,228.12,22,13.5
2015-06-27 0:00,NaN,NaN,228.08,20.1,13.4
2015-06-28 0:00,NaN,NaN,228.04,20.9,14.4
2015-06-29 0:00,NaN,NaN,228.015,23.6,15.4
2015-06-30 0:00,NaN,NaN,227.88,25.7,17.35
2015-07-01 0:00,NaN,NaN,227.75,26,17.75
2015-07-02 0:00,NaN,NaN,227.68,21.2,16.6
2015-07-03 0:00,NaN,NaN,227.56,26.8,17.3
2015-07-04 0:00,NaN,NaN,227.44,24.2,18.4
2015-07-05 0:00,NaN,NaN,227.28,22.4,18.1
2015-07-06 0:00,NaN,NaN,227.16,25.7,18.85
2015-07-07 0:00,NaN,NaN,227.12,24,19.4
2015-07-08 0:00,NaN,NaN,226.99,17.6,13.35
2015-07-09 0:00,NaN,NaN,226.835,19.9,12.4
2015-07-10 0:00,NaN,NaN,226.6,23.3,15.55
2015-07-11 0:00,NaN,NaN,226.43,19.8,13.65
2015-07-12 0:00,NaN,NaN,226.28,20.7,14.8
2015-07-13 0:00,NaN,NaN,226.235,22.2,15.3
2015-07-14 0:00,NaN,NaN,226.16,20.8,14.95
2015-07-15 0:00,NaN,NaN,226.04,22.5,15.65
2015-07-16 0:00,NaN,NaN,225.99,25.8,17.85
2015-07-17 0:00,NaN,NaN,225.92,22.2,16.7
2015-07-18 0:00,NaN,NaN,225.95,24.4,16.4
2015-07-19 0:00,NaN,NaN,225.85,21.6,14.75
2015-07-20 0:00,NaN,NaN,225.75,23.3,15.3
2015-07-21 0:00,NaN,NaN,225.67,25.2,16.5
2015-07-22 0:00,NaN,NaN,225.52,22.8,14.05
2015-07-23 0:00,NaN,NaN,225.39,22.1,13.95
2015-07-24 0:00,NaN,NaN,225.2,22.3,15.35
2015-07-25 0:00,NaN,NaN,224.99,17.6,10.75
2015-07-26 0:00,NaN,NaN,224.84,20.3,12.65
2015-07-27 0:00,NaN,NaN,224.82,19.3,11.65
2015-07-28 0:00,NaN,NaN,224.79,21,13.35
2015-07-29 0:00,NaN,NaN,224.71,19.7,13.5
2015-07-30 0:00,NaN,NaN,224.72,14.7,8.9
2015-07-31 0:00,NaN,NaN,224.79,14.9,10.8
2015-08-01 0:00,NaN,NaN,224.91,17.5,9.15
2015-08-02 0:00,NaN,NaN,224.96,21.7,12.3
2015-08-03 0:00,NaN,NaN,225,25.5,16.1
2015-08-04 0:00,NaN,NaN,225.04,21.7,14.25
2015-08-05 0:00,NaN,NaN,225.05,25.3,16.25
2015-08-06 0:00,NaN,NaN,225.07,22.9,17.3
2015-08-07 0:00,NaN,NaN,225.04,20.8,16.95
2015-08-08 0:00,NaN,NaN,225.03,17.5,11.25
2015-08-09 0:00,NaN,NaN,225.03,17.8,9.4
2015-08-10 0:00,NaN,NaN,225.05,19.9,11.4
2015-08-11 0:00,NaN,NaN,224.99,22.6,13.6
2015-08-12 0:00,NaN,NaN,224.88,23.2,15.8
2015-08-13 0:00,NaN,NaN,224.88,21.8,13.45
2015-08-14 0:00,NaN,NaN,224.88,17.4,8
2015-08-15 0:00,NaN,NaN,224.88,16.1,6.9
2015-08-16 0:00,NaN,NaN,224.88,18.4,8.2
2015-08-17 0:00,NaN,NaN,224.95,16.5,9.05
2015-08-18 0:00,NaN,NaN,224.95,18.4,8.15
2015-08-19 0:00,NaN,NaN,224.95,18.8,9.3
2015-08-20 0:00,NaN,NaN,224.79,19.3,11.1
2015-08-21 0:00,NaN,NaN,224.72,21.7,13
2015-08-22 0:00,NaN,NaN,224.66,20.5,12.7
2015-08-23 0:00,NaN,NaN,224.67,17.6,10.95
2015-08-24 0:00,NaN,NaN,224.65,15.5,8.9
2015-08-25 0:00,NaN,NaN,224.6,18.9,9.5
2015-08-26 0:00,NaN,NaN,224.52,22.7,12.75
2015-08-27 0:00,NaN,NaN,224.44,21.5,14.05
2015-08-28 0:00,NaN,NaN,224.39,22.7,15
2015-08-29 0:00,NaN,NaN,224.31,24.4,15.45
2015-08-30 0:00,NaN,NaN,224.16,24.4,15.25
2015-08-31 0:00,NaN,NaN,224.19,23.9,15.2
2015-09-01 0:00,NaN,NaN,224.19,19.9,9.95
2015-09-02 0:00,NaN,NaN,224.2,17.3,9.85
2015-09-03 0:00,NaN,NaN,224.23,16.3,7.95
2015-09-04 0:00,NaN,NaN,224.27,14.8,5.25
2015-09-05 0:00,NaN,NaN,224.31,15.3,6.6
2015-09-06 0:00,NaN,NaN,224.31,14.5,7.25
2015-09-07 0:00,NaN,NaN,224.315,15.2,7.25
2015-09-08 0:00,NaN,NaN,224.31,15.6,8.65
2015-09-09 0:00,NaN,NaN,224.35,17.7,8.6
2015-09-10 0:00,NaN,NaN,224.31,18.6,7.35
2015-09-11 0:00,NaN,NaN,224.24,18.2,9
2015-09-12 0:00,NaN,NaN,224.11,18.4,10.05
2015-09-13 0:00,NaN,NaN,224.07,17.4,10.65
2015-09-14 0:00,NaN,NaN,223.96,13.4,7.15
2015-09-15 0:00,NaN,NaN,223.91,17.6,8.9
2015-09-16 0:00,NaN,NaN,223.87,21.9,12.6
2015-09-17 0:00,NaN,NaN,223.83,16.7,8
2015-09-18 0:00,NaN,NaN,223.76,13.7,6.45
2015-09-19 0:00,NaN,NaN,223.67,16,6.75
2015-09-20 0:00,NaN,NaN,223.64,14.8,7.35
2015-09-21 0:00,NaN,NaN,223.615,14.7,8.1
2015-09-22 0:00,NaN,NaN,223.47,13.4,5.9
2015-09-23 0:00,NaN,NaN,223.4,13.9,4.85
2015-09-24 0:00,NaN,NaN,223.35,13.1,5.45
2015-09-25 0:00,NaN,NaN,223.23,13.2,7.1
2015-09-26 0:00,NaN,NaN,222.99,14.3,7.3
2015-09-27 0:00,NaN,NaN,222.79,14.2,5.45
2015-09-28 0:00,NaN,NaN,222.68,15.7,6.3
2015-09-29 0:00,NaN,NaN,222.51,13.9,4.6
2015-09-30 0:00,NaN,NaN,222.31,14.3,4.45
2015-10-01 0:00,NaN,NaN,222.08,16.2,5.75
2015-10-02 0:00,NaN,NaN,221.72,14.2,5.55
2015-10-03 0:00,NaN,NaN,221.44,12.8,5.85
2015-10-04 0:00,NaN,NaN,221.19,13,6.25
2015-10-05 0:00,NaN,NaN,221.075,20,10.7
2015-10-06 0:00,NaN,NaN,220.72,17.9,9.35
2015-10-07 0:00,NaN,NaN,220.48,14.9,5.95
2015-10-08 0:00,NaN,NaN,220.31,14.7,5.6
2015-10-09 0:00,NaN,NaN,220.08,12.3,5.8
2015-10-10 0:00,NaN,NaN,219.92,13.2,6
2015-10-11 0:00,NaN,NaN,219.72,15,7.25
2015-10-12 0:00,NaN,NaN,219.61,16.8,7.55
2015-10-13 0:00,NaN,NaN,219.625,12.6,4.3
2015-10-14 0:00,NaN,NaN,219.63,10.3,2.8
2015-10-15 0:00,NaN,NaN,219.63,7.5,0.45
2015-10-16 0:00,NaN,NaN,219.63,7.3,1.75
2015-10-17 0:00,NaN,NaN,219.63,9.3,4.05
2015-10-18 0:00,NaN,NaN,219.63,13.5,6.8
2015-10-19 0:00,NaN,NaN,219.63,13.1,7.1
2015-10-20 0:00,NaN,NaN,219.63,12.1,5.7
2015-10-21 0:00,NaN,NaN,219.63,11.1,2.55
2015-10-22 0:00,NaN,NaN,219.63,8,0.8
2015-10-23 0:00,NaN,NaN,219.63,13.5,7.65
2015-10-24 0:00,NaN,NaN,219.63,12.4,7.85
2015-10-25 0:00,NaN,NaN,219.62,14.2,7.1
2015-10-26 0:00,NaN,NaN,219.61,15.4,5.55
2015-10-27 0:00,NaN,NaN,219.6,15.4,7.4
2015-10-28 0:00,NaN,NaN,219.31,12.6,2.85
2015-10-29 0:00,NaN,NaN,219.07,12.2,3.65
2015-10-30 0:00,NaN,NaN,218.8,14.8,7.5
2015-10-31 0:00,NaN,NaN,218.63,15.9,7.6
2015-11-01 0:00,NaN,NaN,218.44,13.8,6.35
2015-11-02 0:00,NaN,NaN,218.41,10.8,4.15
2015-11-03 0:00,NaN,NaN,218.71,12.9,6.2
2015-11-04 0:00,NaN,NaN,218.64,13.1,5.85
2015-11-05 0:00,NaN,NaN,218.59,13.5,6.5
2015-11-06 0:00,NaN,NaN,218.445,17,9.3
2015-11-07 0:00,NaN,NaN,218.07,16.3,10
2015-11-08 0:00,NaN,NaN,218.03,16.6,9.65
2015-11-09 0:00,NaN,NaN,217.92,14.9,9.05
2015-11-10 0:00,NaN,NaN,217.84,14,9.15
2015-11-11 0:00,NaN,NaN,217.75,13.1,9.4
2015-11-12 0:00,NaN,NaN,217.71,10.3,7.8
2015-11-13 0:00,NaN,NaN,217.44,7.5,5.75
2015-11-14 0:00,NaN,NaN,217.32,12.7,5.25
2015-11-15 0:00,NaN,NaN,217.27,12.7,6.35
2015-11-16 0:00,NaN,NaN,217.21,7.4,5.3
2015-11-17 0:00,NaN,NaN,216.91,9.6,5.3
2015-11-18 0:00,NaN,NaN,216.79,12.4,5.75
2015-11-19 0:00,NaN,NaN,216.67,14,6.5
2015-11-20 0:00,NaN,NaN,216.51,13.6,4.4
2015-11-21 0:00,NaN,NaN,216.28,7.1,-0.85
2015-11-22 0:00,NaN,NaN,215.99,4.4,-4.55
2015-11-23 0:00,NaN,NaN,215.87,1.4,-8
2015-11-24 0:00,NaN,NaN,215.59,2.3,-6.85
2015-11-25 0:00,NaN,NaN,215.4,7.5,-2.05
2015-11-26 0:00,NaN,NaN,215.12,8.4,-1.65
2015-11-27 0:00,NaN,NaN,214.89,7,-2.95
2015-11-28 0:00,NaN,NaN,214.36,6.8,-2.6
2015-11-29 0:00,NaN,NaN,214,7.5,-0.95
2015-11-30 0:00,NaN,NaN,213.86,8.1,1.45
2015-12-01 0:00,NaN,NaN,213.6,6.1,2.7
2015-12-02 0:00,NaN,NaN,213.32,8.2,3.65
2015-12-03 0:00,NaN,NaN,213,7.9,2.8
2015-12-04 0:00,NaN,NaN,212.47,10.5,2.35
2015-12-05 0:00,NaN,NaN,211.68,12,2.9
2015-12-06 0:00,NaN,NaN,211.47,8.5,1.05
2015-12-07 0:00,NaN,NaN,211.27,8.7,1.8
2015-12-08 0:00,NaN,NaN,210.96,8.2,1.4
2015-12-09 0:00,NaN,NaN,210.6,11.2,1.8
2015-12-10 0:00,NaN,NaN,210.44,5.9,0.6
2015-12-11 0:00,NaN,NaN,210.12,7.2,-0.05
2015-12-12 0:00,NaN,NaN,209.75,5.7,0.3
2015-12-13 0:00,NaN,NaN,209.43,7.2,-0.2
2015-12-14 0:00,NaN,NaN,209.135,7.1,0.65
2015-12-15 0:00,NaN,NaN,208.12,9.9,3.35
2015-12-16 0:00,NaN,NaN,207.2,12.7,5.4
2015-12-17 0:00,NaN,NaN,206.2,13.1,6.2
2015-12-18 0:00,NaN,NaN,205.32,12.1,5.1
2015-12-19 0:00,NaN,NaN,204.35,12.7,5.5
2015-12-20 0:00,NaN,NaN,203.24,9.1,5.85
2015-12-21 0:00,NaN,NaN,202.08,8.8,2.75
2015-12-22 0:00,NaN,NaN,201.395,8.6,2.7
2015-12-23 0:00,NaN,NaN,199.96,7.9,2.05
2015-12-24 0:00,NaN,NaN,199.24,7.5,3.8
2015-12-25 0:00,NaN,NaN,198.16,8.1,3.35
2015-12-26 0:00,NaN,NaN,197.16,9.4,3.45
2015-12-27 0:00,NaN,NaN,196.16,7.6,3.5
2015-12-28 0:00,NaN,NaN,195.575,5.8,3.15
2015-12-29 0:00,NaN,NaN,194.12,7.6,2.7
2015-12-30 0:00,NaN,NaN,193.08,10.1,4.55
2015-12-31 0:00,NaN,NaN,192.5,6.7,2.25
2016-01-01 0:00,NaN,NaN,190.95,9.5,2.05
2016-01-02 0:00,NaN,NaN,189.84,6.8,-2.05
2016-01-03 0:00,NaN,NaN,188.68,6.4,-2.8
2016-01-04 0:00,NaN,NaN,188.075,8.6,-0.25
2016-01-05 0:00,NaN,NaN,186.36,5.8,-3.4
2016-01-06 0:00,NaN,NaN,185.8,5.1,-4.9
2016-01-07 0:00,NaN,NaN,185.555,11.9,0.95
2016-01-08 0:00,NaN,NaN,183.87,11.4,3.95
2016-01-09 0:00,NaN,NaN,182.6,11.2,3.35
2016-01-10 0:00,NaN,NaN,181.28,10.1,1.55
2016-01-11 0:00,NaN,NaN,180.53,9.4,0.1
2016-01-12 0:00,NaN,NaN,178.52,6.1,-3.15
2016-01-13 0:00,NaN,NaN,177.31,5.4,-2.3
2016-01-14 0:00,NaN,NaN,176.655,6.1,-1.25
2016-01-15 0:00,NaN,NaN,175.47,4.2,-5.45
2016-01-16 0:00,NaN,NaN,174.76,2.7,-6.9
2016-01-17 0:00,NaN,NaN,174.08,2.4,-4.8
2016-01-18 0:00,NaN,NaN,173.695,4.4,-3.3
2016-01-19 0:00,NaN,NaN,172.6,7.6,-2.55
2016-01-20 0:00,NaN,NaN,171.84,7.9,-1.2
2016-01-21 0:00,NaN,NaN,171.355,6.6,-0.45
2016-01-22 0:00,NaN,NaN,169.67,6.3,-0.5
2016-01-23 0:00,NaN,NaN,168.2,12.9,4
2016-01-24 0:00,NaN,NaN,167.16,11.1,3.4
2016-01-25 0:00,NaN,NaN,165.52,11.3,4.95
2016-01-26 0:00,NaN,NaN,164,10.3,4.45
2016-01-27 0:00,NaN,NaN,164,9.4,3.85
2016-01-28 0:00,NaN,NaN,164,7.5,2.75
2016-01-29 0:00,NaN,NaN,164,9.4,2.55
2016-01-30 0:00,NaN,NaN,164,8.5,2.25
2016-01-31 0:00,NaN,NaN,164,11,0.8
2016-02-01 0:00,NaN,NaN,164,10.5,3.6
2016-02-02 0:00,NaN,NaN,164,8.6,2.35
2016-02-03 0:00,NaN,NaN,164,7.5,-2.8
2016-02-04 0:00,NaN,NaN,164,4.4,-3.2
2016-02-05 0:00,NaN,NaN,164,9.4,1.5
2016-02-06 0:00,NaN,NaN,164,8.3,0.9
2016-02-07 0:00,NaN,NaN,164,6.5,-2.35
2016-02-08 0:00,NaN,NaN,164,10,0.55
2016-02-09 0:00,NaN,NaN,164,10,-0.1
2016-02-10 0:00,NaN,NaN,164,6.1,-2.25
2016-02-11 0:00,NaN,NaN,164,7.2,-1.2
2016-02-12 0:00,NaN,NaN,164,10.7,-1.35
2016-02-13 0:00,NaN,NaN,164,12.5,2.6
2016-02-14 0:00,NaN,NaN,164,9.4,-1.45
2016-02-15 0:00,NaN,NaN,164,3.8,-6.5
2016-02-16 0:00,NaN,NaN,164,2.7,-7.05
2016-02-17 0:00,NaN,NaN,164,2.6,-5.65
2016-02-18 0:00,NaN,NaN,164,4.1,-5.75
2016-02-19 0:00,NaN,NaN,164,4.2,-4.5
2016-02-20 0:00,NaN,NaN,164,6.5,-1
2016-02-21 0:00,NaN,NaN,164,9.6,3.15
2016-02-22 0:00,NaN,NaN,164,6.6,0.4
2016-02-23 0:00,NaN,NaN,164,8.4,0.65
2016-02-24 0:00,NaN,NaN,164,9.8,1.3
2016-02-25 0:00,NaN,NaN,164,9.1,-1.5
2016-02-26 0:00,NaN,NaN,164,6.4,-3.1
2016-02-27 0:00,NaN,NaN,164,5.8,-3.65
2016-02-28 0:00,NaN,NaN,164,5.9,-4.45
2016-02-29 0:00,NaN,NaN,164,5.5,-2.75
2016-03-01 0:00,NaN,NaN,164,4.7,-1.5
2016-03-02 0:00,NaN,NaN,164,8,-0.75
2016-03-03 0:00,NaN,NaN,164,6.2,-3.85
2016-03-04 0:00,NaN,NaN,164,9.5,-1.15
2016-03-05 0:00,NaN,NaN,164,5.5,-4.4
2016-03-06 0:00,NaN,NaN,164,5.4,-6.2
2016-03-07 0:00,NaN,NaN,164,5.8,-4.75
2016-03-08 0:00,NaN,NaN,164,5.2,-5.6
2016-03-09 0:00,NaN,NaN,164,5.2,-5
2016-03-10 0:00,NaN,NaN,164,5.6,-4.4
2016-03-11 0:00,NaN,NaN,164,6.3,-3
2016-03-12 0:00,NaN,NaN,164,6.3,-2.55
2016-03-13 0:00,NaN,NaN,164,6,-2.75
2016-03-14 0:00,NaN,NaN,164,5.9,-1.65
2016-03-15 0:00,NaN,NaN,164,8.7,-2.35
2016-03-16 0:00,NaN,NaN,164,5.8,-4.1
2016-03-17 0:00,NaN,NaN,164.01,4.9,-3.75
2016-03-18 0:00,NaN,NaN,164.01,5.9,-0.95
2016-03-19 0:00,NaN,NaN,164.01,9,-1.45
2016-03-20 0:00,NaN,NaN,164.01,11.3,1.75
2016-03-21 0:00,NaN,NaN,164.005,8.7,1.15
2016-03-22 0:00,NaN,NaN,164.01,8.8,0.45
2016-03-23 0:00,NaN,NaN,164.01,7.3,-0.85
2016-03-24 0:00,NaN,NaN,164.01,9.3,1.8
2016-03-25 0:00,NaN,NaN,164.01,7.2,1.55
2016-03-26 0:00,NaN,NaN,164.01,14.1,4.2
2016-03-27 0:00,NaN,NaN,164.01,10.5,1.75
2016-03-28 0:00,NaN,NaN,164.01,11.9,3.25
2016-03-29 0:00,NaN,NaN,164.01,12.6,4.1
2016-03-30 0:00,NaN,NaN,164.01,13.1,5.65
2016-03-31 0:00,NaN,NaN,164.005,9.9,3.9
2016-04-01 0:00,NaN,NaN,164.01,8,-2.15
2016-04-02 0:00,NaN,NaN,164.01,10.9,1.35
2016-04-03 0:00,NaN,NaN,164.01,13.2,3.95
2016-04-04 0:00,NaN,NaN,164.005,13.5,2.75
2016-04-05 0:00,NaN,NaN,164.26,9.5,-0.6
2016-04-06 0:00,NaN,NaN,164.42,10.2,2.85
2016-04-07 0:00,NaN,NaN,164.555,8.6,0.35
2016-04-08 0:00,NaN,NaN,164.8,6.3,-4.25
2016-04-09 0:00,NaN,NaN,164.99,9.5,-0.6
2016-04-10 0:00,NaN,NaN,165.15,13,1.7
2016-04-11 0:00,NaN,NaN,165.195,13.8,3.85
2016-04-12 0:00,NaN,NaN,165.34,12.3,4.3
2016-04-13 0:00,NaN,NaN,165.47,11.9,2.3
2016-04-14 0:00,NaN,NaN,165.57,14.4,4.35
2016-04-15 0:00,NaN,NaN,165.79,15.9,5.95
2016-04-16 0:00,NaN,NaN,166.07,16,6.7
2016-04-17 0:00,NaN,NaN,166.47,12.9,3.05
2016-04-18 0:00,NaN,NaN,166.655,10.3,1.85
2016-04-19 0:00,NaN,NaN,167.07,13.4,6.05
2016-04-20 0:00,NaN,NaN,167.55,14.4,7.25
2016-04-21 0:00,NaN,NaN,168.35,11.4,2.1
2016-04-22 0:00,NaN,NaN,169.7,10.3,2.1
2016-04-23 0:00,NaN,NaN,170.58,13.1,2.05
2016-04-24 0:00,NaN,NaN,171.06,9.3,-0.8
2016-04-25 0:00,NaN,NaN,171.235,8.9,1.3
2016-04-26 0:00,NaN,NaN,171.63,11.6,2.25
2016-04-27 0:00,NaN,NaN,172.11,9.7,1.15
2016-04-28 0:00,NaN,NaN,172.575,9.2,-0.45
2016-04-29 0:00,NaN,NaN,172.95,12.2,3.05
2016-04-30 0:00,NaN,NaN,173.44,9.3,-0.1
2016-05-01 0:00,NaN,NaN,173.75,7.6,-2.65
2016-05-02 0:00,NaN,NaN,173.955,10.8,2.55
2016-05-03 0:00,NaN,NaN,174.23,9.2,3.1
2016-05-04 0:00,NaN,NaN,174.56,13.1,6.3
2016-05-05 0:00,NaN,NaN,175.095,16.4,9.05
2016-05-06 0:00,NaN,NaN,175.91,15.6,5
2016-05-07 0:00,NaN,NaN,176.43,15.8,5.45
2016-05-08 0:00,NaN,NaN,177.28,14.4,3.6
2016-05-09 0:00,NaN,NaN,178.63,17.1,4.55
2016-05-10 0:00,NaN,NaN,181.55,15.4,4.8
2016-05-11 0:00,NaN,NaN,182.8,12.1,2.2
2016-05-12 0:00,NaN,NaN,183.44,12.3,2.7
2016-05-13 0:00,NaN,NaN,184.19,12.2,3.05
2016-05-14 0:00,NaN,NaN,184.75,12.4,3.2
2016-05-15 0:00,NaN,NaN,185.19,14.4,4.8
2016-05-16 0:00,NaN,NaN,185.475,13.5,4.55
2016-05-17 0:00,NaN,NaN,186.35,15.4,5.85
2016-05-18 0:00,NaN,NaN,186.99,13.3,5.9
2016-05-19 0:00,NaN,NaN,187.53,13.2,5.25
2016-05-20 0:00,NaN,NaN,188.51,15,7.15
2016-05-21 0:00,NaN,NaN,189.51,19.4,10.5
2016-05-22 0:00,NaN,NaN,190.63,12.8,5.3
2016-05-23 0:00,NaN,NaN,191.135,12,2.5
2016-05-24 0:00,NaN,NaN,191.94,14.3,6.2
2016-05-25 0:00,NaN,NaN,192.91,16.2,9.8
2016-05-26 0:00,NaN,NaN,193.8,17.9,10.85
2016-05-27 0:00,NaN,NaN,194.455,19.8,11.9
2016-05-28 0:00,NaN,NaN,195.83,18.7,9.6
2016-05-29 0:00,NaN,NaN,196.83,15.4,4.9
2016-05-30 0:00,NaN,NaN,197.237,13.8,3.95
2016-05-31 0:00,NaN,NaN,198.03,13,4.2
2016-06-01 0:00,NaN,NaN,198.235,10.9,3.55
2016-06-02 0:00,NaN,NaN,198.8,16.1,7.5
2016-06-03 0:00,NaN,NaN,199.075,17.3,7.8
2016-06-04 0:00,NaN,NaN,199.68,18.1,8.1
2016-06-05 0:00,NaN,NaN,200.28,19,8.7
2016-06-06 0:00,NaN,NaN,200.63,19.3,9.9
2016-06-07 0:00,NaN,NaN,201.67,16.6,10.2
2016-06-08 0:00,NaN,NaN,202.017,19.6,11.5
2016-06-09 0:00,NaN,NaN,202.91,19.4,11.2
2016-06-10 0:00,NaN,NaN,203.21,17.2,10.45
2016-06-11 0:00,NaN,NaN,203.96,16.1,8.25
2016-06-12 0:00,NaN,NaN,204.39,16.2,9.35
2016-06-13 0:00,NaN,NaN,204.65,18.8,8.95
2016-06-14 0:00,NaN,NaN,205.11,16,7.1
2016-06-15 0:00,NaN,NaN,205.29,16.3,8.15
2016-06-16 0:00,NaN,NaN,205.67,13.8,4.25
2016-06-17 0:00,NaN,NaN,205.835,13.9,4.15
2016-06-18 0:00,NaN,NaN,206.16,13.9,4.2
2016-06-19 0:00,NaN,NaN,206.4,15.5,5.15
2016-06-20 0:00,NaN,NaN,206.515,16.9,8.1
2016-06-21 0:00,NaN,NaN,206.75,20.6,13.15
2016-06-22 0:00,NaN,NaN,206.895,24.3,15.4
2016-06-23 0:00,NaN,NaN,207.185,23.8,16.25
2016-06-24 0:00,NaN,NaN,207.42,21.1,13.2
2016-06-25 0:00,NaN,NaN,207.8,16.1,9.3
2016-06-26 0:00,NaN,NaN,208.07,15.3,8.3
2016-06-27 0:00,NaN,NaN,208.19,18.5,10.95
2016-06-28 0:00,NaN,NaN,208.4,19,12.65
2016-06-29 0:00,NaN,NaN,208.495,17.8,12.15
2016-06-30 0:00,NaN,NaN,208.75,17.7,11.65
2016-07-01 0:00,NaN,NaN,208.807,19,13.3
2016-07-02 0:00,NaN,NaN,209.03,16.8,11.05
2016-07-03 0:00,NaN,NaN,209.15,19,12.45
2016-07-04 0:00,NaN,NaN,209.235,20.1,13.9
2016-07-05 0:00,NaN,NaN,209.415,21.1,12.5
2016-07-06 0:00,NaN,NaN,209.525,22.9,13.9
2016-07-07 0:00,NaN,NaN,209.67,22.8,15
2016-07-08 0:00,NaN,NaN,209.75,23.3,13.8
2016-07-09 0:00,NaN,NaN,209.92,23.2,13.9
2016-07-10 0:00,NaN,NaN,210.07,23.4,16.15
2016-07-11 0:00,NaN,NaN,210.1,18.4,15.35
2016-07-12 0:00,NaN,NaN,210.2,15.5,9.6
2016-07-13 0:00,NaN,NaN,210.255,16.5,7.7
2016-07-14 0:00,NaN,NaN,210.35,15.4,6.4
2016-07-15 0:00,NaN,NaN,210.395,15,7.7
2016-07-16 0:00,NaN,NaN,210.47,16.7,10.25
2016-07-17 0:00,NaN,NaN,210.51,20.9,13.4
2016-07-18 0:00,NaN,NaN,210.538,23.1,15.85
2016-07-19 0:00,NaN,NaN,210.59,26.7,17.5
2016-07-20 0:00,NaN,NaN,210.59,22.1,16.65
2016-07-21 0:00,NaN,NaN,210.59,19.5,15
2016-07-22 0:00,NaN,NaN,210.62,19.7,11.3
2016-07-23 0:00,NaN,NaN,210.8,20.4,9.7
2016-07-24 0:00,NaN,NaN,210.88,20.9,11.55
2016-07-25 0:00,NaN,NaN,210.907,21.6,13.05
2016-07-26 0:00,NaN,NaN,210.99,22.2,13
2016-07-27 0:00,NaN,NaN,210.99,20.6,13.45
2016-07-28 0:00,NaN,NaN,211,19.8,13.05
2016-07-29 0:00,NaN,NaN,211.015,21.1,14.9
2016-07-30 0:00,NaN,NaN,211.03,22.8,17.65
2016-07-31 0:00,NaN,NaN,211.08,18.6,11.95
2016-08-01 0:00,NaN,NaN,211.08,18.9,11.95
2016-08-02 0:00,NaN,NaN,211.085,19.8,12.9
2016-08-03 0:00,NaN,NaN,211.08,22,15.6
2016-08-04 0:00,NaN,NaN,211.11,20.1,15.45
2016-08-05 0:00,NaN,NaN,211.08,19.3,11.55
2016-08-06 0:00,NaN,NaN,211.15,18.4,11.2
2016-08-07 0:00,NaN,NaN,211.16,19.3,12.35
2016-08-08 0:00,NaN,NaN,211.16,20.1,13.75
2016-08-09 0:00,NaN,NaN,211.16,18.4,11
2016-08-10 0:00,NaN,NaN,211.185,18.5,8.8
2016-08-11 0:00,NaN,NaN,211.16,16.5,8.4
2016-08-12 0:00,NaN,NaN,211.19,18.6,10.8
2016-08-13 0:00,NaN,NaN,211.2,22.3,13.6
2016-08-14 0:00,NaN,NaN,211.2,23.3,14.7
2016-08-15 0:00,NaN,NaN,211.2,23.8,14.65
2016-08-16 0:00,NaN,NaN,211.2,23.7,13.5
2016-08-17 0:00,NaN,NaN,211.225,20.6,13.45
2016-08-18 0:00,NaN,NaN,211.23,19.1,12.1
2016-08-19 0:00,NaN,NaN,211.23,22.1,14.5
2016-08-20 0:00,NaN,NaN,211.23,16.9,11.2
2016-08-21 0:00,NaN,NaN,211.24,19.1,10.2
2016-08-22 0:00,NaN,NaN,211.24,20.3,12.15
2016-08-23 0:00,NaN,NaN,211.23,23,15.5
2016-08-24 0:00,NaN,NaN,211.23,23.9,16.35
2016-08-25 0:00,NaN,NaN,211.19,25.4,16.15
2016-08-26 0:00,NaN,NaN,211.16,23.5,15.55
2016-08-27 0:00,NaN,NaN,211.16,25.3,15.75
2016-08-28 0:00,NaN,NaN,211.16,21.2,15.1
2016-08-29 0:00,NaN,NaN,211.155,17.4,11.1
2016-08-30 0:00,NaN,NaN,211.16,20.7,11.5
2016-08-31 0:00,NaN,NaN,211.16,19.8,12
2016-09-01 0:00,NaN,NaN,211.15,22.2,13.95
2016-09-02 0:00,NaN,NaN,211.15,22.6,14.2
2016-09-03 0:00,NaN,NaN,211.12,23.3,15.05
2016-09-04 0:00,NaN,NaN,211.12,22.5,15.85
2016-09-05 0:00,NaN,NaN,211.12,20.6,15.35
2016-09-06 0:00,NaN,NaN,211.11,21.7,14.95
2016-09-07 0:00,NaN,NaN,211.103,24.1,14.8
2016-09-08 0:00,NaN,NaN,211.08,20.7,11.95
2016-09-09 0:00,NaN,NaN,211.12,22.1,12.75
2016-09-10 0:00,NaN,NaN,211.15,20.9,11.55
2016-09-11 0:00,NaN,NaN,211.15,21.6,12.55
2016-09-12 0:00,NaN,NaN,211.135,24,14.55
2016-09-13 0:00,NaN,NaN,211.12,26,13.65
2016-09-14 0:00,NaN,NaN,211.16,14.1,6.25
2016-09-15 0:00,NaN,NaN,211.23,16.5,5.8
2016-09-16 0:00,NaN,NaN,211.21,15.2,5.4
2016-09-17 0:00,NaN,NaN,211.27,15.2,4.65
2016-09-18 0:00,NaN,NaN,211.31,12.7,4.8
2016-09-19 0:00,NaN,NaN,211.305,15.7,8.25
2016-09-20 0:00,NaN,NaN,211.28,16.9,7.4
2016-09-21 0:00,NaN,NaN,211.28,17.3,8.25
2016-09-22 0:00,NaN,NaN,211.28,16.8,8.9
2016-09-23 0:00,NaN,NaN,211.28,16.4,8.25
2016-09-24 0:00,NaN,NaN,211.27,18.4,9.3
2016-09-25 0:00,NaN,NaN,211.31,16.4,7.9
2016-09-26 0:00,NaN,NaN,211.295,17.3,7.6
2016-09-27 0:00,NaN,NaN,211.28,16.5,8.45
2016-09-28 0:00,NaN,NaN,211.28,18.4,8.45
2016-09-29 0:00,NaN,NaN,211.27,18.6,9.4
2016-09-30 0:00,NaN,NaN,211.27,18.6,9.15
2016-10-01 0:00,NaN,NaN,211.27,16.8,8.5
2016-10-02 0:00,NaN,NaN,211.24,15.5,8.85
2016-10-03 0:00,NaN,NaN,211.24,16.6,9.7
2016-10-04 0:00,NaN,NaN,211.24,17.7,11.05
2016-10-05 0:00,NaN,NaN,211.23,17.2,9.1
2016-10-06 0:00,NaN,NaN,211.23,15.5,5.35
2016-10-07 0:00,NaN,NaN,211.23,13.8,6.35
2016-10-08 0:00,NaN,NaN,211.2,12.9,6.45
2016-10-09 0:00,NaN,NaN,211.2,11.1,5.3
2016-10-10 0:00,NaN,NaN,211.195,10.2,3.9
2016-10-11 0:00,NaN,NaN,211.1,8.9,2.95
2016-10-12 0:00,NaN,NaN,211.04,11.4,3.8
2016-10-13 0:00,NaN,NaN,211.11,14,5.3
2016-10-14 0:00,NaN,NaN,211.19,12.8,3.75
2016-10-15 0:00,NaN,NaN,211.23,15.3,5.4
2016-10-16 0:00,NaN,NaN,211.23,14.4,6.6
2016-10-17 0:00,NaN,NaN,211.27,16.3,7.6
2016-10-18 0:00,NaN,NaN,211.27,15.3,7.15
2016-10-19 0:00,NaN,NaN,211.16,12.8,5.85
2016-10-20 0:00,NaN,NaN,211.11,10.3,3.75
2016-10-21 0:00,NaN,NaN,210.76,10.2,2.35
2016-10-22 0:00,NaN,NaN,210.4,10.7,3.55
2016-10-23 0:00,NaN,NaN,210.16,17.3,8.45
2016-10-24 0:00,NaN,NaN,210.185,16.6,9.5
2016-10-25 0:00,NaN,NaN,210.22,16.8,9.3
2016-10-26 0:00,NaN,NaN,210.2,15.6,8.15
2016-10-27 0:00,NaN,NaN,210.19,14.6,6.2
2016-10-28 0:00,NaN,NaN,210.06,13,7.75
2016-10-29 0:00,NaN,NaN,210.08,13.9,9.6
2016-10-30 0:00,NaN,NaN,210.15,13.6,8.4
2016-10-31 0:00,NaN,NaN,210.135,12,7.65
2016-11-01 0:00,NaN,NaN,210.04,12.2,7.1
2016-11-02 0:00,NaN,NaN,209.96,11.8,6.35
2016-11-03 0:00,NaN,NaN,209.87,10.3,6
2016-11-04 0:00,NaN,NaN,209.75,11.9,4.35
2016-11-05 0:00,NaN,NaN,209.64,9.8,2.95
2016-11-06 0:00,NaN,NaN,209.52,7.3,0.05
2016-11-07 0:00,NaN,NaN,209.515,5.7,-1.95
2016-11-08 0:00,NaN,NaN,209.15,6.9,-3.8
2016-11-09 0:00,NaN,NaN,208.96,8.2,-1.95
2016-11-10 0:00,NaN,NaN,208.75,9.5,-0.15
2016-11-11 0:00,NaN,NaN,208.72,10.1,0.3
2016-11-12 0:00,NaN,NaN,208.71,10.3,1.1
2016-11-13 0:00,NaN,NaN,208.75,11,1.5
2016-11-14 0:00,NaN,NaN,208.715,9.8,-1.35
2016-11-15 0:00,NaN,NaN,208.47,8.4,0.5
2016-11-16 0:00,NaN,NaN,208.23,7.6,3.2
2016-11-17 0:00,NaN,NaN,208.025,10.6,4.75
2016-11-18 0:00,NaN,NaN,207.76,9.6,2.9
2016-11-19 0:00,NaN,NaN,207.8,8.3,1.8
2016-11-20 0:00,NaN,NaN,207.83,12.2,2.2
2016-11-21 0:00,NaN,NaN,207.93,15.4,4.8
2016-11-22 0:00,NaN,NaN,208.23,9.5,3
2016-11-23 0:00,NaN,NaN,208.4,7.8,3.15
2016-11-24 0:00,NaN,NaN,208.44,8.4,0.55
2016-11-25 0:00,NaN,NaN,208.55,8.2,-1.7
2016-11-26 0:00,NaN,NaN,208.64,3.1,-3
2016-11-27 0:00,NaN,NaN,208.67,7.6,1.25
2016-11-28 0:00,NaN,NaN,208.695,6.1,0.15
2016-11-29 0:00,NaN,NaN,208.75,8,-0.7
2016-11-30 0:00,NaN,NaN,208.68,8,-0.15
2016-12-01 0:00,NaN,NaN,208.66,7.2,0.4
2016-12-02 0:00,NaN,NaN,208.63,7.1,0.05
2016-12-03 0:00,NaN,NaN,208.64,5.6,-0.2
2016-12-04 0:00,NaN,NaN,208.68,7.7,1
2016-12-05 0:00,NaN,NaN,208.715,10.6,2.3
2016-12-06 0:00,NaN,NaN,208.71,9.7,1.45
2016-12-07 0:00,NaN,NaN,208.64,7.9,1.35
2016-12-08 0:00,NaN,NaN,208.67,8.3,1.9
2016-12-09 0:00,NaN,NaN,208.66,7,3.25
2016-12-10 0:00,NaN,NaN,208.67,9.1,2.9
2016-12-11 0:00,NaN,NaN,208.68,6.9,1.35
2016-12-12 0:00,NaN,NaN,208.66,8.2,1.6
2016-12-13 0:00,NaN,NaN,208.59,8.1,2.1
2016-12-14 0:00,NaN,NaN,208.47,6.5,1
2016-12-15 0:00,NaN,NaN,208.39,6,-1.2
2016-12-16 0:00,NaN,NaN,208.27,3.6,-0.25
2016-12-17 0:00,NaN,NaN,208.2,5.3,-0.55
2016-12-18 0:00,NaN,NaN,208.07,5.7,-1.8
2016-12-19 0:00,NaN,NaN,207.76,2.6,-2.7
2016-12-20 0:00,NaN,NaN,207.59,2.8,-2.55
2016-12-21 0:00,NaN,NaN,207.46,4.6,-0.8
2016-12-22 0:00,NaN,NaN,207.16,3.3,0.25
2016-12-23 0:00,NaN,NaN,207,9.6,2.25
2016-12-24 0:00,NaN,NaN,207,9.5,1.35
2016-12-25 0:00,NaN,NaN,207,7,2.75
2016-12-26 0:00,NaN,NaN,206.92,4,3.2
2016-12-27 0:00,NaN,NaN,206.76,8.4,2.55
2016-12-28 0:00,NaN,NaN,206.66,8.1,2.25
2016-12-29 0:00,NaN,NaN,206.36,7.1,1.85
2016-12-30 0:00,NaN,NaN,205.95,0.9,-0.35
2016-12-31 0:00,NaN,NaN,205.56,2.1,-0.3
2017-01-01 0:00,NaN,NaN,204.94,3.1,-1.3
2017-01-02 0:00,NaN,NaN,204.8,-2.8,-1.25
2017-01-03 0:00,NaN,NaN,204.4,0.8,-1.4
2017-01-04 0:00,NaN,NaN,203.95,1,-1.75
2017-01-05 0:00,NaN,NaN,203.68,0.1,-4.15
2017-01-06 0:00,NaN,NaN,203.35,-0.1,-3.65
2017-01-07 0:00,NaN,NaN,202.83,-0.1,-2.15
2017-01-08 0:00,NaN,NaN,202.46,0.4,-2.6
2017-01-09 0:00,NaN,NaN,202.28,3.4,-2.2
2017-01-10 0:00,NaN,NaN,201.99,4.5,-4.2
2017-01-11 0:00,NaN,NaN,201.91,6,-2.65
2017-01-12 0:00,NaN,NaN,201.56,8.3,1.2
2017-01-13 0:00,NaN,NaN,201.25,3.3,-5.5
2017-01-14 0:00,NaN,NaN,200.76,1.4,-8.2
2017-01-15 0:00,NaN,NaN,200.52,3.8,-6.75
2017-01-16 0:00,NaN,NaN,200.4,4.3,-5.4
2017-01-17 0:00,NaN,NaN,199.91,-0.7,-10.15
2017-01-18 0:00,NaN,NaN,199.44,-3.1,-10.95
2017-01-19 0:00,NaN,NaN,198.64,-2.3,-7.35
2017-01-20 0:00,NaN,NaN,197.76,0.8,-4.05
2017-01-21 0:00,NaN,NaN,196.79,2.7,-5.5
2017-01-22 0:00,NaN,NaN,195.92,2.8,-5.2
2017-01-23 0:00,NaN,NaN,195.15,4.2,-4.35
2017-01-24 0:00,NaN,NaN,194.96,4.1,-2.2
2017-01-25 0:00,NaN,NaN,194.31,-0.4,-8.1
2017-01-26 0:00,NaN,NaN,192.03,1.5,-6
2017-01-27 0:00,NaN,NaN,191.07,8.1,-3.55
2017-01-28 0:00,NaN,NaN,191.03,5.5,-2.65
2017-01-29 0:00,NaN,NaN,190.99,7.2,-1.85
2017-01-30 0:00,NaN,NaN,190.955,7.6,0.55
2017-01-31 0:00,NaN,NaN,190.35,11.2,2.7
2017-02-01 0:00,NaN,NaN,190.34,9.2,1.35
2017-02-02 0:00,NaN,NaN,190.28,9.6,-0.65
2017-02-03 0:00,NaN,NaN,190,8.3,-2.55
2017-02-04 0:00,NaN,NaN,189.76,7.4,-0.2
2017-02-05 0:00,NaN,NaN,189.63,6.7,-3.3
2017-02-06 0:00,NaN,NaN,189.63,8.1,-2.85
2017-02-07 0:00,NaN,NaN,189.64,9.2,-0.85
2017-02-08 0:00,NaN,NaN,189.67,4.7,-5.25
2017-02-09 0:00,NaN,NaN,189.4,4.4,-4.45
2017-02-10 0:00,NaN,NaN,189.15,5.4,-2.75
2017-02-11 0:00,NaN,NaN,188.67,4.1,-2.3
2017-02-12 0:00,NaN,NaN,188.4,9.3,-0.45
2017-02-13 0:00,NaN,NaN,188.33,13.6,0.9
2017-02-14 0:00,NaN,NaN,188.12,12.5,0
2017-02-15 0:00,NaN,NaN,188.07,9.1,1.1
2017-02-16 0:00,NaN,NaN,187.96,9.3,0.8
2017-02-17 0:00,NaN,NaN,187.71,9.5,1.25
2017-02-18 0:00,NaN,NaN,187.47,8.9,0.85
2017-02-19 0:00,NaN,NaN,187.4,7,-0.25
2017-02-20 0:00,NaN,NaN,187.2,8.8,0.2
2017-02-21 0:00,NaN,NaN,187.19,7.9,1.9
2017-02-22 0:00,NaN,NaN,187,9.6,3.3
2017-02-23 0:00,NaN,NaN,186.96,10.3,3.45
2017-02-24 0:00,NaN,NaN,186.68,7.6,-0.55
2017-02-25 0:00,NaN,NaN,186.48,6.5,0.15
2017-02-26 0:00,NaN,NaN,186.28,7.7,2.55
2017-02-27 0:00,NaN,NaN,186.21,9.7,2.55
2017-02-28 0:00,NaN,NaN,185.8,9.6,-1.45
2017-03-01 0:00,NaN,NaN,185.52,7.2,-0.6
2017-03-02 0:00,NaN,NaN,185.32,10.4,2.2
2017-03-03 0:00,NaN,NaN,185.28,12.2,2
2017-03-04 0:00,NaN,NaN,185.27,7.6,-3.5
2017-03-05 0:00,NaN,NaN,185.08,7.2,-2.1
2017-03-06 0:00,NaN,NaN,184.59,11.4,1.05
2017-03-07 0:00,NaN,NaN,184.11,9.5,-0.15
2017-03-08 0:00,NaN,NaN,184.03,13.6,4.8
2017-03-09 0:00,NaN,NaN,184.08,11.9,6.7
2017-03-10 0:00,NaN,NaN,184.19,12,7.05
2017-03-11 0:00,NaN,NaN,184.27,14.1,6.75
2017-03-12 0:00,NaN,NaN,184.28,11.9,1.45
2017-03-13 0:00,NaN,NaN,184.28,9.1,-0.75
2017-03-14 0:00,NaN,NaN,184.47,11.9,3.1
2017-03-15 0:00,NaN,NaN,184.435,10.3,4.25
2017-03-16 0:00,NaN,NaN,184.59,12.4,5.3
2017-03-17 0:00,NaN,NaN,184.71,12.6,6
2017-03-18 0:00,NaN,NaN,184.92,9.4,4.35
2017-03-19 0:00,NaN,NaN,185.08,10.1,4.85
2017-03-20 0:00,NaN,NaN,185.34,9.7,4.9
2017-03-21 0:00,NaN,NaN,185.51,9.8,2.25
2017-03-22 0:00,NaN,NaN,185.67,9.8,0.1
2017-03-23 0:00,NaN,NaN,185.8,7.5,-2.7
2017-03-24 0:00,NaN,NaN,185.67,5,-3.5
2017-03-25 0:00,NaN,NaN,185.71,7,-2.65
2017-03-26 0:00,NaN,NaN,185.79,10.1,0.1
2017-03-27 0:00,NaN,NaN,185.77,11,-0.05
2017-03-28 0:00,NaN,NaN,185.68,11.3,2.3
2017-03-29 0:00,NaN,NaN,185.64,13.7,4.65
2017-03-30 0:00,NaN,NaN,185.66,15.1,5.9
2017-03-31 0:00,NaN,NaN,185.84,14.8,4.95
2017-04-01 0:00,NaN,NaN,185.84,9.2,-0.65
2017-04-02 0:00,NaN,NaN,185.84,9.4,-1.35
2017-04-03 0:00,NaN,NaN,185.84,10.2,2.75
2017-04-04 0:00,NaN,NaN,185.84,11.4,1.3
2017-04-05 0:00,NaN,NaN,185.84,11.8,0.45
2017-04-06 0:00,NaN,NaN,185.84,10.4,2.65
2017-04-07 0:00,NaN,NaN,185.84,10.5,3.85
2017-04-08 0:00,NaN,NaN,185.84,14.1,6.4
2017-04-09 0:00,NaN,NaN,185.84,15.2,5.75
2017-04-10 0:00,NaN,NaN,185.84,15,5.6
2017-04-11 0:00,NaN,NaN,185.84,13.6,5.3
2017-04-12 0:00,NaN,NaN,187.605,12.6,5.6
2017-04-13 0:00,NaN,NaN,187.99,13.4,6.85
2017-04-14 0:00,NaN,NaN,188.55,12.5,6.7
2017-04-15 0:00,NaN,NaN,188.94,11.1,4.2
2017-04-16 0:00,NaN,NaN,189.24,13.4,5.25
2017-04-17 0:00,NaN,NaN,189.63,12.9,5.6
2017-04-18 0:00,NaN,NaN,190.04,10.4,4.25
2017-04-19 0:00,NaN,NaN,190.47,7.7,0.05
2017-04-20 0:00,NaN,NaN,190.63,6.4,-0.35
2017-04-21 0:00,NaN,NaN,190.7,9.5,2.2
2017-04-22 0:00,NaN,NaN,191.08,12.5,5.25
2017-04-23 0:00,NaN,NaN,191.56,13.9,6.6
2017-04-24 0:00,NaN,NaN,191.74,14.7,6.8
2017-04-25 0:00,NaN,NaN,191.97,13.8,5.3
2017-04-26 0:00,NaN,NaN,192.51,7.3,-1.85
2017-04-27 0:00,NaN,NaN,192.59,5.7,-5.55
2017-04-28 0:00,NaN,NaN,192.48,6.4,-2.8
2017-04-29 0:00,NaN,NaN,192.56,9.7,0.9
2017-04-30 0:00,NaN,NaN,192.78,14,2.1
2017-05-01 0:00,NaN,NaN,192.88,8.1,-0.6
2017-05-02 0:00,NaN,NaN,192.72,11.6,1.6
2017-05-03 0:00,NaN,NaN,192.27,13.3,3.85
2017-05-04 0:00,NaN,NaN,192.1,13.1,5.75
2017-05-05 0:00,NaN,NaN,192.27,16.2,8.45
2017-05-06 0:00,NaN,NaN,193.13,15,5.95
2017-05-07 0:00,NaN,NaN,193.76,12.5,4.75
2017-05-08 0:00,NaN,NaN,194.175,12.8,5.35
2017-05-09 0:00,NaN,NaN,194.79,13.2,6.35
2017-05-10 0:00,NaN,NaN,195.25,15.1,6.7
2017-05-11 0:00,NaN,NaN,196.24,16.9,5.55
2017-05-12 0:00,NaN,NaN,196.99,14.7,6.05
2017-05-13 0:00,NaN,NaN,197.55,14.9,5.8
2017-05-14 0:00,NaN,NaN,198.18,17.1,6.6
2017-05-15 0:00,NaN,NaN,198.74,17.8,8.8
2017-05-16 0:00,NaN,NaN,199.42,20,10.6
2017-05-17 0:00,NaN,NaN,200.23,20.5,11.15
2017-05-18 0:00,NaN,NaN,200.87,13.5,5.35
2017-05-19 0:00,NaN,NaN,201.42,10.8,1.25
2017-05-20 0:00,NaN,NaN,201.92,10.5,3.15
2017-05-21 0:00,NaN,NaN,202.4,16.1,8
2017-05-22 0:00,NaN,NaN,203.05,18.4,9.6
2017-05-23 0:00,NaN,NaN,203.65,14.8,8.75
2017-05-24 0:00,NaN,NaN,204.52,17.7,10.6
2017-05-25 0:00,NaN,NaN,205.14,21,12.7
2017-05-26 0:00,NaN,NaN,205.78,22.3,12.45
2017-05-27 0:00,NaN,NaN,206.47,22,12.95
2017-05-28 0:00,NaN,NaN,207.12,22.8,13.45
2017-05-29 0:00,NaN,NaN,207.71,20,10.95
2017-05-30 0:00,NaN,NaN,208.18,16.9,7.15
2017-05-31 0:00,NaN,NaN,208.66,18.5,7.95
2017-06-01 0:00,NaN,NaN,209.12,19.7,9.2
2017-06-02 0:00,NaN,NaN,209.62,19.8,10.25
2017-06-03 0:00,NaN,NaN,210.09,17.4,9.3
2017-06-04 0:00,NaN,NaN,210.54,13.4,5.1
2017-06-05 0:00,NaN,NaN,210.82,16.2,6.85
2017-06-06 0:00,NaN,NaN,211.32,14,6.55
2017-06-07 0:00,NaN,NaN,211.55,14.4,7.85
2017-06-08 0:00,NaN,NaN,211.92,19.4,11.2
2017-06-09 0:00,NaN,NaN,212.24,18,12.4
2017-06-10 0:00,NaN,NaN,212.55,23.2,14
2017-06-11 0:00,NaN,NaN,212.79,24.4,15.75
2017-06-12 0:00,NaN,NaN,213.08,22,15.25
2017-06-13 0:00,NaN,NaN,213.32,26.2,16.65
2017-06-14 0:00,NaN,NaN,213.55,25.5,16.7
2017-06-15 0:00,NaN,NaN,214.02,21,15.2
2017-06-16 0:00,NaN,NaN,214.31,21.7,14.65
2017-06-17 0:00,NaN,NaN,214.55,21.4,14
2017-06-18 0:00,NaN,NaN,214.79,22.7,14.35
2017-06-19 0:00,NaN,NaN,214.84,25.3,16.2
2017-06-20 0:00,NaN,NaN,214.89,25.8,14.9
2017-06-21 0:00,NaN,NaN,214.83,24.8,13.8
2017-06-22 0:00,NaN,NaN,214.92,26.3,15.25
2017-06-23 0:00,NaN,NaN,214.98,20,14.6
2017-06-24 0:00,NaN,NaN,215.1,18.6,13.95
2017-06-25 0:00,NaN,NaN,215.26,20.5,14
2017-06-26 0:00,NaN,NaN,215.38,21.1,11.5
2017-06-27 0:00,NaN,NaN,215.52,19.5,12.2
2017-06-28 0:00,NaN,NaN,215.56,17.9,7.4
2017-06-29 0:00,NaN,NaN,215.66,15.6,4.5
2017-06-30 0:00,NaN,NaN,215.75,13.3,4.1
2017-07-01 0:00,NaN,NaN,215.83,13.8,4.95
2017-07-02 0:00,NaN,NaN,216.03,16.2,8.6
2017-07-03 0:00,NaN,NaN,216.05,19.1,11.25
2017-07-04 0:00,NaN,NaN,216.07,22,13.8
2017-07-05 0:00,NaN,NaN,216.135,22.7,14.9
2017-07-06 0:00,NaN,NaN,216.12,22.5,16.05
2017-07-07 0:00,NaN,NaN,216,24.9,16.2
2017-07-08 0:00,NaN,NaN,216.01,21.4,13.25
2017-07-09 0:00,NaN,NaN,216.02,21.6,11
2017-07-10 0:00,NaN,NaN,215.92,18.3,11.55
2017-07-11 0:00,NaN,NaN,215.85,20.2,13.4
2017-07-12 0:00,NaN,NaN,215.71,19.1,13.5
2017-07-13 0:00,NaN,NaN,215.58,19.8,13.45
2017-07-14 0:00,NaN,NaN,215.47,19.8,13.4
2017-07-15 0:00,NaN,NaN,215.47,20.9,12.15
2017-07-16 0:00,NaN,NaN,215.4,21.8,13.95
2017-07-17 0:00,NaN,NaN,215.285,22.6,15.75
2017-07-18 0:00,NaN,NaN,215.12,24.6,16.2
2017-07-19 0:00,NaN,NaN,215,23.5,15.9
2017-07-20 0:00,NaN,NaN,214.99,17.8,12.25
2017-07-21 0:00,NaN,NaN,214.95,18.6,12.5
2017-07-22 0:00,NaN,NaN,214.95,18.9,13.55
2017-07-23 0:00,NaN,NaN,214.93,18.3,11.65
2017-07-24 0:00,NaN,NaN,214.95,17.8,10.7
2017-07-25 0:00,NaN,NaN,214.935,18.1,9.2
2017-07-26 0:00,NaN,NaN,214.95,19,10
2017-07-27 0:00,NaN,NaN,214.95,19.8,13.4
2017-07-28 0:00,NaN,NaN,214.95,19.4,13.95
2017-07-29 0:00,NaN,NaN,214.96,22.9,16.25
2017-07-30 0:00,NaN,NaN,214.99,21.8,16.4
2017-07-31 0:00,NaN,NaN,214.99,19.8,18.3
2017-08-01 0:00,NaN,NaN,214.99,21.8,16.1
2017-08-02 0:00,NaN,NaN,214.96,22.9,18
2017-08-03 0:00,NaN,NaN,214.96,24.3,18.1
2017-08-04 0:00,NaN,NaN,214.99,22.7,17.3
2017-08-05 0:00,NaN,NaN,214.99,19.7,15.85
2017-08-06 0:00,NaN,NaN,215.08,19.6,11.8
2017-08-07 0:00,NaN,NaN,215.11,21.4,14.35
2017-08-08 0:00,NaN,NaN,215.115,16.3,9.6
2017-08-09 0:00,NaN,NaN,215.13,14.3,5.85
2017-08-10 0:00,NaN,NaN,215.15,12.6,5.45
2017-08-11 0:00,NaN,NaN,215.12,16.4,6.65
2017-08-12 0:00,NaN,NaN,215.15,17.1,8.75
2017-08-13 0:00,NaN,NaN,215.19,18.3,11.75
2017-08-14 0:00,NaN,NaN,215.19,23.8,14.4
2017-08-15 0:00,NaN,NaN,215.22,21.2,14.05
2017-08-16 0:00,NaN,NaN,215.23,20,13.6
2017-08-17 0:00,NaN,NaN,214.93,24.1,15.1
2017-08-18 0:00,NaN,NaN,214.97,20,15.15
2017-08-19 0:00,NaN,NaN,214.96,17.9,12.3
2017-08-20 0:00,NaN,NaN,215.03,18.8,11.3
2017-08-21 0:00,NaN,NaN,215.05,20.6,13.35
2017-08-22 0:00,NaN,NaN,215.07,24.1,16.05
2017-08-23 0:00,NaN,NaN,215.06,20.6,15.35
2017-08-24 0:00,NaN,NaN,215.06,24.4,15.9
2017-08-25 0:00,NaN,NaN,215.05,23.5,15.9
2017-08-26 0:00,NaN,NaN,215.05,24.3,17.05
2017-08-27 0:00,NaN,NaN,214.99,25.6,16.4
2017-08-28 0:00,NaN,NaN,214.99,23.8,15.85
2017-08-29 0:00,NaN,NaN,214.85,21.5,14.45
2017-08-30 0:00,NaN,NaN,214.64,21.4,13.9
2017-08-31 0:00,NaN,NaN,214.46,15.6,7.9
2017-09-01 0:00,NaN,NaN,214.32,17.8,7.95
2017-09-02 0:00,NaN,NaN,214.32,15.6,6.1
2017-09-03 0:00,NaN,NaN,214.27,15.6,7.65
2017-09-04 0:00,NaN,NaN,214.21,19.7,11.1
2017-09-05 0:00,NaN,NaN,214.18,21,12.9
2017-09-06 0:00,NaN,NaN,214.15,18.5,10.85
2017-09-07 0:00,NaN,NaN,214.11,16.2,8.35
2017-09-08 0:00,NaN,NaN,214.08,17.7,8.5
2017-09-09 0:00,NaN,NaN,214.04,14.7,4.75
2017-09-10 0:00,NaN,NaN,214.11,13.7,3.65
2017-09-11 0:00,NaN,NaN,214.1,15.4,7.2
2017-09-12 0:00,NaN,NaN,213.95,16.3,6.9
2017-09-13 0:00,NaN,NaN,213.79,17.2,9.05
2017-09-14 0:00,NaN,NaN,213.75,14.4,7
2017-09-15 0:00,NaN,NaN,213.79,14.5,1.75
2017-09-16 0:00,NaN,NaN,213.81,11.3,2.1
2017-09-17 0:00,NaN,NaN,213.82,11.6,2.7
2017-09-18 0:00,NaN,NaN,213.86,13.9,3.5
2017-09-19 0:00,NaN,NaN,213.89,14,3.65
2017-09-20 0:00,NaN,NaN,213.89,12.4,5.05
2017-09-21 0:00,NaN,NaN,213.91,15.7,8.65
2017-09-22 0:00,NaN,NaN,213.93,14.7,6.25
2017-09-23 0:00,NaN,NaN,213.95,18.2,8.5
2017-09-24 0:00,NaN,NaN,213.96,18.7,8.95
2017-09-25 0:00,NaN,NaN,213.975,15.2,7.35
2017-09-26 0:00,NaN,NaN,214.03,17.3,7
2017-09-27 0:00,NaN,NaN,214.04,16.7,8.15
2017-09-28 0:00,NaN,NaN,214.06,17.7,9.35
2017-09-29 0:00,NaN,NaN,214.07,18.1,10.15
2017-09-30 0:00,NaN,NaN,214.08,14,6.15
2017-10-01 0:00,NaN,NaN,214.16,14.1,6.95
2017-10-02 0:00,NaN,NaN,214.62,18.9,10.15
2017-10-03 0:00,NaN,NaN,214.85,20.3,10.05
2017-10-04 0:00,NaN,NaN,215.01,18.4,9.7
2017-10-05 0:00,NaN,NaN,215.03,17,10
2017-10-06 0:00,NaN,NaN,215.07,15.9,7.8
2017-10-07 0:00,NaN,NaN,215.08,11,5.9
2017-10-08 0:00,NaN,NaN,215.08,11.5,6.75
2017-10-09 0:00,NaN,NaN,215.105,12.4,6.55
2017-10-10 0:00,NaN,NaN,215.12,13.8,7.2
2017-10-11 0:00,NaN,NaN,215.11,17.1,9.2
2017-10-12 0:00,NaN,NaN,215.06,15,9.35
2017-10-13 0:00,NaN,NaN,214.99,18.2,9.8
2017-10-14 0:00,NaN,NaN,214.97,16.7,10.4
2017-10-15 0:00,NaN,NaN,215,17.4,10.55
2017-10-16 0:00,NaN,NaN,214.99,18.4,10.55
2017-10-17 0:00,NaN,NaN,214.995,17.3,8.9
2017-10-18 0:00,NaN,NaN,215.04,16.7,7.1
2017-10-19 0:00,NaN,NaN,215.178,13.9,5.15
2017-10-20 0:00,NaN,NaN,215.245,14.4,7.7
2017-10-21 0:00,NaN,NaN,215.33,11.9,6.35
2017-10-22 0:00,NaN,NaN,215.36,11.8,4
2017-10-23 0:00,NaN,NaN,215.325,10.7,4.3
2017-10-24 0:00,NaN,NaN,215.16,15.1,9
2017-10-25 0:00,NaN,NaN,215.13,15.9,10.2
2017-10-26 0:00,NaN,NaN,215.05,17.6,10.7
2017-10-27 0:00,NaN,NaN,215.07,13,8.05
2017-10-28 0:00,NaN,NaN,215,11.6,5.6
2017-10-29 0:00,NaN,NaN,215,8.1,4
2017-10-30 0:00,NaN,NaN,215.01,12.2,4.55
2017-10-31 0:00,NaN,NaN,215,11.1,3.1
2017-11-01 0:00,NaN,NaN,214.91,11.2,5
2017-11-02 0:00,NaN,NaN,214.66,12.1,5.05
2017-11-03 0:00,NaN,NaN,214.67,11,6.95
2017-11-04 0:00,NaN,NaN,214.66,10.8,3.3
2017-11-05 0:00,NaN,NaN,214.72,9.5,-0.8
2017-11-06 0:00,NaN,NaN,214.715,7.2,-4.65
2017-11-07 0:00,NaN,NaN,214.44,3.6,-2
2017-11-08 0:00,NaN,NaN,214.23,4.5,-4.5
2017-11-09 0:00,NaN,NaN,214.11,3.9,-5.25
2017-11-10 0:00,NaN,NaN,213.84,7.4,-2.3
2017-11-11 0:00,NaN,NaN,213.87,11.5,0.7
2017-11-12 0:00,NaN,NaN,213.9,12.7,2.15
2017-11-13 0:00,NaN,NaN,213.89,5.9,-1.95
2017-11-14 0:00,NaN,NaN,213.8,4.5,-2.35
2017-11-15 0:00,NaN,NaN,213.53,5.1,0.5
2017-11-16 0:00,NaN,NaN,213.28,6.4,1.6
2017-11-17 0:00,NaN,NaN,213.12,7.5,2.55
2017-11-18 0:00,NaN,NaN,213.13,6.6,1.55
2017-11-19 0:00,NaN,NaN,212.97,5.6,1.1
2017-11-20 0:00,NaN,NaN,212.97,7.9,2.95
2017-11-21 0:00,NaN,NaN,212.69,10.3,3.75
2017-11-22 0:00,NaN,NaN,212.66,9.3,3.75
2017-11-23 0:00,NaN,NaN,212.67,11.8,3.9
2017-11-24 0:00,NaN,NaN,212.61,12,4.15
2017-11-25 0:00,NaN,NaN,212.55,7.6,-0.7
2017-11-26 0:00,NaN,NaN,212.41,3.4,-3.05
2017-11-27 0:00,NaN,NaN,212.14,3.4,-2.15
2017-11-28 0:00,NaN,NaN,211.57,4.9,-1.1
2017-11-29 0:00,NaN,NaN,211.2,5.9,-4.65
2017-11-30 0:00,NaN,NaN,210.68,1.8,-7.55
2017-12-01 0:00,NaN,NaN,210.12,1.2,-8.15
2017-12-02 0:00,NaN,NaN,209.62,-0.1,-9.5
2017-12-03 0:00,NaN,NaN,209.45,-1.7,-8.55
2017-12-04 0:00,NaN,NaN,209.31,2.8,-4.45
2017-12-05 0:00,NaN,NaN,208.77,2.7,-2.2
2017-12-06 0:00,NaN,NaN,208.55,3.9,-1.3
2017-12-07 0:00,NaN,NaN,208.17,3.6,-1.45
2017-12-08 0:00,NaN,NaN,207.81,5.2,-2.3
2017-12-09 0:00,NaN,NaN,207.24,7.8,-4.45
2017-12-10 0:00,NaN,NaN,207.08,9,0.6
2017-12-11 0:00,NaN,NaN,206.96,6,-1.75
2017-12-12 0:00,NaN,NaN,206.39,4.3,-6.45
2017-12-13 0:00,NaN,NaN,205.97,5.2,-4.7
2017-12-14 0:00,NaN,NaN,205.57,11.2,-0.25
2017-12-15 0:00,NaN,NaN,205.55,5.5,-3.15
2017-12-16 0:00,NaN,NaN,205.33,5.2,-5.5
2017-12-17 0:00,NaN,NaN,205.34,2.6,-4.25
2017-12-18 0:00,NaN,NaN,205.12,5.8,-3.85
2017-12-19 0:00,NaN,NaN,204.675,5.2,-3.45
2017-12-20 0:00,NaN,NaN,204.27,3.7,-4
2017-12-21 0:00,NaN,NaN,204.19,6.1,0.6
2017-12-22 0:00,NaN,NaN,204.18,5.6,0.7
2017-12-23 0:00,NaN,NaN,204.19,7.8,0.15
2017-12-24 0:00,NaN,NaN,204.06,6.9,1.5
2017-12-25 0:00,NaN,NaN,204.08,6,0.25
2017-12-26 0:00,NaN,NaN,204.08,3.6,-2.6
2017-12-27 0:00,NaN,NaN,204.15,4.5,-4.4
2017-12-28 0:00,NaN,NaN,204.15,3.2,-5.75
2017-12-29 0:00,NaN,NaN,204.08,7.6,-2.9
2017-12-30 0:00,NaN,NaN,204.11,9.3,1.75
2017-12-31 0:00,NaN,NaN,204.09,8,0.95