LTd_history,itv_LT,itv_LL,anm_develop_time,p_anm
"[1.7158538800483356e-05, 1.0483372162832933e-05, 9.191787572989684e-06, -8.69443923500245e-06, -6.447907640710232e-05, -8.25542137123797e-05, -8.013669143885767e-05, -6.366156833502145e-05, -0.00014459094173575903]",0.0,0.0,0.0,0.0
"[1.8106069988619605e-05, 1.7158538800483356e-05, 1.0483372162832933e-05, 4.961273669379766e-06, -6.127653358162093e-05, -8.336502172598542e-05, -6.909393937010641e-05, -6.311633549346478e-05, -0.00015564826599416784]",0.0,0.0,0.0,0.0
"[2.0797192364781708e-05, 1.8106069988619605e-05, 1.7158538800483356e-05, 9.191787572989684e-06, -4.603582602329787e-05, -7.948942151910534e-05, -5.905787458388812e-05, -7.512674874883072e-05, -0.00015096738556371445]",0.0,0.0,0.0,0.0
"[2.3233354104853325e-05, 2.0797192364781708e-05, 1.8106069988619605e-05, 1.0483372162832933e-05, -2.5965896716908728e-05, -8.698834463287819e-05, -6.66551277708843e-05, -8.344424245140788e-05, -0.00015657671453770902]",0.0,0.0,0.0,0.0
"[2.4541720392653816e-05, 2.3233354104853325e-05, 2.0797192364781708e-05, 1.7158538800483356e-05, -8.69443923500245e-06, -8.396567766470629e-05, -7.203631395847029e-05, -8.241803110522809e-05, -0.0001679198368783882]",0.0,0.0,0.0,0.0
"[2.472973858383536e-05, 2.4541720392653816e-05, 2.3233354104853325e-05, 1.8106069988619605e-05, 4.961273669379766e-06, -8.66117142743191e-05, -6.846530111956452e-05, -7.822331575117075e-05, -0.00017459722116890423]",0.0,0.0,0.0,0.0
"[2.6805580087263884e-05, 2.472973858383536e-05, 2.4541720392653816e-05, 2.0797192364781708e-05, 9.191787572989684e-06, -7.954752817903404e-05, -6.559190123746e-05, -7.098969665523588e-05, -0.00018118580905837357]",0.0,0.0,0.0,0.0
"[3.082973247175168e-05, 2.6805580087263884e-05, 2.472973858383536e-05, 2.3233354104853325e-05, 1.0483372162832933e-05, -7.161357781400729e-05, -6.115105932707572e-05, -6.295965401873863e-05, -0.00018142593080375165]",0.0,0.0,0.0,0.0
"[3.0336529771657182e-05, 3.082973247175168e-05, 2.6805580087263884e-05, 2.4541720392653816e-05, 1.7158538800483356e-05, -6.447907640710232e-05, -4.810491519134936e-05, -5.2860469708890834e-05, -0.00018800761737470558]",0.0,0.0,0.0,0.0
"[3.186099602336424e-05, 3.0336529771657182e-05, 3.082973247175168e-05, 2.472973858383536e-05, 1.8106069988619605e-05, -6.127653358162093e-05, -3.609450244842722e-05, -3.834570389662081e-05, -0.00018839565985967008]",0.0,0.0,0.0,0.0
"[3.0436253144199926e-05, 3.186099602336424e-05, 3.0336529771657182e-05, 2.6805580087263884e-05, 2.0797192364781708e-05, -4.603582602329787e-05, -3.2282403889025354e-05, -3.0607570678639056e-05, -0.00018995453299042902]",0.0,0.0,0.0,0.0
"[2.4235259890770384e-05, 3.0436253144199926e-05, 3.186099602336424e-05, 3.082973247175168e-05, 2.3233354104853325e-05, -2.5965896716908728e-05, -4.005881516453357e-05, -2.451287979618077e-05, -0.00018494718803365988]",0.0,0.0,0.0,0.0
"[2.0140814216812215e-05, 2.4235259890770384e-05, 3.0436253144199926e-05, 3.0336529771657182e-05, 2.4541720392653816e-05, -8.69443923500245e-06, -5.6218643094800824e-05, -2.0000591481353078e-05, -0.00018216473374930463]",0.0,0.0,0.0,0.0
"[1.8992772660989125e-05, 2.0140814216812215e-05, 2.4235259890770384e-05, 3.186099602336424e-05, 2.472973858383536e-05, 4.961273669379766e-06, -7.077508735676341e-05, -2.1247873094646574e-05, -0.00017840215553310124]",0.0,0.0,0.0,0.0
"[1.7421751961706835e-05, 1.8992772660989125e-05, 2.0140814216812215e-05, 3.0436253144199926e-05, 2.6805580087263884e-05, 9.191787572989684e-06, -7.530457028889453e-05, -2.689609321739229e-05, -0.00018393610892249876]",0.0,0.0,0.0,0.0
"[1.0524331125538294e-05, 1.7421751961706835e-05, 1.8992772660989125e-05, 2.4235259890770384e-05, 3.082973247175168e-05, 1.0483372162832933e-05, -8.066497306676226e-05, -2.8248239294975655e-05, -0.00018495373219447667]",0.0,0.0,0.0,0.0
"[3.3896622160337255e-06, 1.0524331125538294e-05, 1.7421751961706835e-05, 2.0140814216812215e-05, 3.0336529771657182e-05, 1.7158538800483356e-05, -8.25542137123797e-05, -3.0061504894918045e-05, -0.00018606278170043037]",0.0,0.0,0.0,0.0
"[-3.058132933714431e-06, 3.3896622160337255e-06, 1.0524331125538294e-05, 1.8992772660989125e-05, 3.186099602336424e-05, 1.8106069988619605e-05, -8.336502172598542e-05, -3.449706066076312e-05, -0.00017760324973055815]",0.0,0.0,0.0,0.0
"[2.3637873356562164e-06, -3.058132933714431e-06, 3.3896622160337255e-06, 1.7421751961706835e-05, 3.0436253144199926e-05, 2.0797192364781708e-05, -7.948942151910534e-05, -4.202982688273845e-05, -0.00017087097470738799]",0.0,0.0,0.0,0.0
"[2.9889718341112288e-06, 2.3637873356562164e-06, -3.058132933714431e-06, 1.0524331125538294e-05, 2.4235259890770384e-05, 2.3233354104853325e-05, -8.698834463287819e-05, -5.23036591739107e-05, -0.00016387859181409386]",0.0,0.0,0.0,0.0
"[7.14643082969146e-07, 2.9889718341112288e-06, 2.3637873356562164e-06, 3.3896622160337255e-06, 2.0140814216812215e-05, 2.4541720392653816e-05, -8.396567766470629e-05, -6.065551228840262e-05, -0.00016257978394177954]",0.0,0.0,0.0,0.0
"[-1.798494664892553e-05, 7.14643082969146e-07, 2.9889718341112288e-06, -3.058132933714431e-06, 1.8992772660989125e-05, 2.472973858383536e-05, -8.66117142743191e-05, -7.063830195895007e-05, -0.00016297156559706884]",0.0,0.0,0.0,0.0
"[-2.405644711316046e-05, -1.798494664892553e-05, 7.14643082969146e-07, 2.3637873356562164e-06, 1.7421751961706835e-05, 2.6805580087263884e-05, -7.954752817903404e-05, -7.741671101981851e-05, -0.00017026209753478615]",0.0,0.0,0.0,0.0
"[-1.766899822161582e-06, -2.405644711316046e-05, -1.798494664892553e-05, 2.9889718341112288e-06, 1.0524331125538294e-05, 3.082973247175168e-05, -7.161357781400729e-05, -8.299460170533286e-05, -0.00016961216943193382]",0.0,0.0,0.0,0.0
"[3.902489549323731e-06, -1.766899822161582e-06, -2.405644711316046e-05, 7.14643082969146e-07, 3.3896622160337255e-06, 3.0336529771657182e-05, -6.447907640710232e-05, -7.983313253632932e-05, -0.00016587252638682303]",0.0,0.0,0.0,0.0
"[-9.286925308519583e-06, 3.902489549323731e-06, -1.766899822161582e-06, -1.798494664892553e-05, -3.058132933714431e-06, 3.186099602336424e-05, -6.127653358162093e-05, -8.017726179193629e-05, -0.00017168853375498227]",0.0,0.0,0.0,0.0
"[-1.4865066778133581e-05, -9.286925308519583e-06, 3.902489549323731e-06, -2.405644711316046e-05, 2.3637873356562164e-06, 3.0436253144199926e-05, -4.603582602329787e-05, -7.583467086257809e-05, -0.00017521294247436624]",0.0,0.0,0.0,0.0
"[-2.1250681026037235e-05, -1.4865066778133581e-05, -9.286925308519583e-06, -1.766899822161582e-06, 2.9889718341112288e-06, 2.4235259890770384e-05, -2.5965896716908728e-05, -8.038954117196582e-05, -0.00017500494062336642]",-0.011476310596792879,-0.0,0.0,0.0018942298127244516
"[-2.4655974573761163e-05, -2.1250681026037235e-05, -1.4865066778133581e-05, 3.902489549323731e-06, 7.14643082969146e-07, 2.0140814216812215e-05, -8.69443923500245e-06, -8.817922159321863e-05, -0.00016358550402513955]",-0.011476310596792879,-0.011476310596792879,1.0,0.0019531025395603493
"[-9.389093324533632e-06, -2.4655974573761163e-05, -2.1250681026037235e-05, -9.286925308519583e-06, -1.798494664892553e-05, 1.8992772660989125e-05, 4.961273669379766e-06, -9.269857195617369e-05, -0.00016489022799020416]",-0.011476310596792879,-0.022952621193585758,2.0,0.0020231495995139256
"[7.44937000837011e-06, -9.389093324533632e-06, -2.4655974573761163e-05, -1.4865066778133581e-05, -2.405644711316046e-05, 1.7421751961706835e-05, 9.191787572989684e-06, -9.455651094631455e-05, -0.0001588999984095197]",-0.011476310596792879,-0.034428931790378633,3.0,0.0020607898828546353
"[4.7601188018943155e-06, 7.44937000837011e-06, -9.389093324533632e-06, -2.1250681026037235e-05, -1.766899822161582e-06, 1.0524331125538294e-05, 1.0483372162832933e-05, -8.954434729229955e-05, -0.00015874918537404833]",-0.011476310596792879,-0.045905242387171516,4.0,0.002154255182363336
"[-1.9248913385336115e-05, 4.7601188018943155e-06, 7.44937000837011e-06, -2.4655974573761163e-05, 3.902489549323731e-06, 3.3896622160337255e-06, 1.7158538800483356e-05, -8.013669143885767e-05, -0.00015298743916340447]",-0.011476310596792879,-0.0573815529839644,5.0,0.0023111473024080786
"[-3.563099353243608e-05, -1.9248913385336115e-05, 4.7601188018943155e-06, -9.389093324533632e-06, -9.286925308519583e-06, -3.058132933714431e-06, 1.8106069988619605e-05, -6.909393937010641e-05, -0.00014907999728514407]",-0.011476310596792879,-0.06885786358075727,6.0,0.0024098260228775856
"[-5.195874191849507e-05, -3.563099353243608e-05, -1.9248913385336115e-05, 7.44937000837011e-06, -1.4865066778133581e-05, 2.3637873356562164e-06, 2.0797192364781708e-05, -5.905787458388812e-05, -0.0001492746824598944]",-0.011476310596792879,-0.08033417417755015,7.0,0.0026294855168315034
"[-6.299725905961917e-05, -5.195874191849507e-05, -3.563099353243608e-05, 4.7601188018943155e-06, -2.1250681026037235e-05, 2.9889718341112288e-06, 2.3233354104853325e-05, -6.66551277708843e-05, -0.0001521553107076948]",-0.011476310596792879,-0.09181048477434303,8.0,0.0025214938225030085
"[-7.533308433067148e-05, -6.299725905961917e-05, -5.195874191849507e-05, -1.9248913385336115e-05, -2.4655974573761163e-05, 7.14643082969146e-07, 2.4541720392653816e-05, -7.203631395847029e-05, -0.00015462074376583346]",-0.011476310596792879,-0.10328679537113591,9.0,0.0027204322231017936
"[-7.717940870492627e-05, -7.533308433067148e-05, -6.299725905961917e-05, -3.563099353243608e-05, -9.389093324533632e-06, -1.798494664892553e-05, 2.472973858383536e-05, -6.846530111956452e-05, -0.0001530662013196045]",-0.011476310596792879,-0.1147631059679288,10.0,0.0029321424050755347
"[-8.362199160411066e-05, -7.717940870492627e-05, -7.533308433067148e-05, -5.195874191849507e-05, 7.44937000837011e-06, -2.405644711316046e-05, 2.6805580087263884e-05, -6.559190123746e-05, -0.0001495339432977713]",-0.011476310596792879,-0.12623941656472168,11.0,0.0029834865905340653
"[-9.149042828127213e-05, -8.362199160411066e-05, -7.717940870492627e-05, -6.299725905961917e-05, 4.7601188018943155e-06, -1.766899822161582e-06, 3.082973247175168e-05, -6.115105932707572e-05, -0.00014271744026853771]",-0.011476310596792879,-0.13771572716151453,12.0,0.0035264318924217615
"[-9.596029631304673e-05, -9.149042828127213e-05, -8.362199160411066e-05, -7.533308433067148e-05, -1.9248913385336115e-05, 3.902489549323731e-06, 3.0336529771657182e-05, -4.810491519134936e-05, -0.0001303085746504705]",-0.011476310596792879,-0.14919203775830742,13.0,0.003615814725509921
"[-0.00010753903196331069, -9.596029631304673e-05, -9.149042828127213e-05, -7.717940870492627e-05, -3.563099353243608e-05, -9.286925308519583e-06, 3.186099602336424e-05, -3.609450244842722e-05, -0.000129397483381901]",-0.011476310596792879,-0.1606683483551003,14.0,0.004402811296930473
"[-0.0001136847921157525, -0.00010753903196331069, -9.596029631304673e-05, -8.362199160411066e-05, -5.195874191849507e-05, -1.4865066778133581e-05, 3.0436253144199926e-05, -3.2282403889025354e-05, -0.00013767950136746277]",-0.011476310596792879,-0.17214465895189318,15.0,0.003516400593966959
"[-0.00012602041122063972, -0.0001136847921157525, -0.00010753903196331069, -9.149042828127213e-05, -6.299725905961917e-05, -2.1250681026037235e-05, 2.4235259890770384e-05, -4.005881516453357e-05, -0.00014322117129247143]",-0.011476310596792879,-0.18362096954868606,16.0,0.00420123280062709
"[-0.00012067029929498343, -0.00012602041122063972, -0.0001136847921157525, -9.596029631304673e-05, -7.533308433067148e-05, -2.4655974573761163e-05, 2.0140814216812215e-05, -5.6218643094800824e-05, -0.00014118190463003434]",-0.011476310596792879,-0.19509728014547895,17.0,0.005359389939041549
"[-0.00012671358320345385, -0.00012067029929498343, -0.00012602041122063972, -0.00010753903196331069, -7.717940870492627e-05, -9.389093324533632e-06, 1.8992772660989125e-05, -7.077508735676341e-05, -0.00013013146284681715]",-0.011476310596792879,-0.20657359074227183,18.0,0.005443889611871589
"[-0.00014012154876964918, -0.00012671358320345385, -0.00012067029929498343, -0.0001136847921157525, -8.362199160411066e-05, 7.44937000837011e-06, 1.7421751961706835e-05, -7.530457028889453e-05, -0.00013221293729358862]",-0.011476310596792879,-0.2180499013390647,19.0,0.005540972668605958
"[-0.00014607421499297616, -0.00014012154876964918, -0.00012671358320345385, -0.00012602041122063972, -9.149042828127213e-05, 4.7601188018943155e-06, 1.0524331125538294e-05, -8.066497306676226e-05, -0.00013320810140871167]",-0.011476310596792879,-0.2295262119358576,20.0,0.005322281978516265
"[-0.00014927721599596286, -0.00014607421499297616, -0.00014012154876964918, -0.00012067029929498343, -9.596029631304673e-05, -1.9248913385336115e-05, 3.3896622160337255e-06, -8.25542137123797e-05, -0.0001478530851878231]",-0.011476310596792879,-0.24100252253265045,21.0,0.004981213399480673
"[-0.00014907650463698578, -0.00014927721599596286, -0.00014607421499297616, -0.00012671358320345385, -0.00010753903196331069, -3.563099353243608e-05, -3.058132933714431e-06, -8.336502172598542e-05, -0.0001530010455492922]",-0.011476310596792879,-0.25247883312944336,22.0,0.004795316551473893
"[-0.0001463607740331082, -0.00014907650463698578, -0.00014927721599596286, -0.00014012154876964918, -0.0001136847921157525, -5.195874191849507e-05, 2.3637873356562164e-06, -7.948942151910534e-05, -0.00014352188789699854]",-0.011476310596792879,-0.26395514372623624,23.0,0.0058897373144811286
"[-0.00014360445619133414, -0.0001463607740331082, -0.00014907650463698578, -0.00014607421499297616, -0.00012602041122063972, -6.299725905961917e-05, 2.9889718341112288e-06, -8.698834463287819e-05, -0.00014313046078397453]",-0.011476310596792879,-0.27543145432302907,24.0,0.006454116952441288
"[-0.00015070931653464855, -0.00014360445619133414, -0.0001463607740331082, -0.00014927721599596286, -0.00012067029929498343, -7.533308433067148e-05, 7.14643082969146e-07, -8.396567766470629e-05, -0.00012604419658802913]",-0.011476310596792879,-0.28690776491982195,25.0,0.004670018115611128
"[-0.00015714171157057164, -0.00015070931653464855, -0.00014360445619133414, -0.00014907650463698578, -0.00012671358320345385, -7.717940870492627e-05, -1.798494664892553e-05, -8.66117142743191e-05, -0.00011248489405266083]",-0.011476310596792879,-0.29838407551661483,26.0,0.0038831560593037004
"[-0.00014748663890356515, -0.00015714171157057164, -0.00015070931653464855, -0.0001463607740331082, -0.00014012154876964918, -8.362199160411066e-05, -2.405644711316046e-05, -7.954752817903404e-05, -0.000108921249518582]",-0.011476310596792879,-0.3098603861134077,27.0,0.004629479786055524
"[-0.00013529509067329722, -0.00014748663890356515, -0.00015714171157057164, -0.00014360445619133414, -0.00014607421499297616, -9.149042828127213e-05, -1.766899822161582e-06, -7.161357781400729e-05, -9.47822977198485e-05]",-0.011476310596792879,-0.3213366967102006,28.0,0.004197445324969104
"[-0.00013719787817173895, -0.00013529509067329722, -0.00014748663890356515, -0.00015070931653464855, -0.00014927721599596286, -9.596029631304673e-05, 3.902489549323731e-06, -6.447907640710232e-05, -7.556408589510373e-05]",-0.011476310596792879,-0.3328130073069935,29.0,0.0038828004185137406
"[-0.00013377912075255674, -0.00013719787817173895, -0.00013529509067329722, -0.00015714171157057164, -0.00014907650463698578, -0.00010753903196331069, -9.286925308519583e-06, -6.127653358162093e-05, -6.990786790135138e-05]",-0.011476310596792879,-0.34428931790378636,30.0,0.004754207635801885
"[-0.00012878573695776423, -0.00013377912075255674, -0.00013719787817173895, -0.00014748663890356515, -0.0001463607740331082, -0.0001136847921157525, -1.4865066778133581e-05, -4.603582602329787e-05, -6.590352602912867e-05]",-0.011476310596792879,-0.35576562850057925,31.0,0.00521828524811308
"[-0.0001356554938813318, -0.00012878573695776423, -0.00013377912075255674, -0.00013529509067329722, -0.00014360445619133414, -0.00012602041122063972, -2.1250681026037235e-05, -2.5965896716908728e-05, -6.532232267692586e-05]",-0.011476310596792879,-0.3672419390973721,32.0,0.0048533630731207094
"[-0.00014245476011252815, -0.0001356554938813318, -0.00012878573695776423, -0.00013719787817173895, -0.00015070931653464855, -0.00012067029929498343, -2.4655974573761163e-05, -8.69443923500245e-06, -6.461221027003101e-05]",-0.011476310596792879,-0.378718249694165,33.0,0.005955720047835933
"[-0.00014231269538073562, -0.00014245476011252815, -0.0001356554938813318, -0.00013377912075255674, -0.00015714171157057164, -0.00012671358320345385, -9.389093324533632e-06, 4.961273669379766e-06, -7.052668773997183e-05]",-0.011476310596792879,-0.3901945602909579,34.0,0.00612509841176472
"[-0.00015058995505604937, -0.00014231269538073562, -0.00014245476011252815, -0.00012878573695776423, -0.00014748663890356515, -0.00014012154876964918, 7.44937000837011e-06, 9.191787572989684e-06, -7.345030922721664e-05]",-0.011476310596792879,-0.4016708708877508,35.0,0.008898878663737763
"[-0.00015507516026240853, -0.00015058995505604937, -0.00014231269538073562, -0.0001356554938813318, -0.00013529509067329722, -0.00014607421499297616, 4.7601188018943155e-06, 1.0483372162832933e-05, -6.993073459592825e-05]",-0.011476310596792879,-0.41314718148454366,36.0,0.008179193863356504
"[-0.00017067320909982132, -0.00015507516026240853, -0.00015058995505604937, -0.00014245476011252815, -0.00013719787817173895, -0.00014927721599596286, -1.9248913385336115e-05, 1.7158538800483356e-05, -6.366156833502145e-05]",-0.011476310596792879,-0.42462349208133654,37.0,0.009779439169339951
"[-0.00017385407618966613, -0.00017067320909982132, -0.00015507516026240853, -0.00014231269538073562, -0.00013377912075255674, -0.00014907650463698578, -3.563099353243608e-05, 1.8106069988619605e-05, -6.311633549346478e-05]",-0.011476310596792879,-0.4360998026781294,38.0,0.009991237324540951
"[-0.0001811848141111379, -0.00017385407618966613, -0.00017067320909982132, -0.00015058995505604937, -0.00012878573695776423, -0.0001463607740331082, -5.195874191849507e-05, 2.0797192364781708e-05, -7.512674874883072e-05]",-0.011476310596792879,-0.4475761132749223,39.0,0.011067363170422161
"[-0.00018492947855771507, -0.0001811848141111379, -0.00017385407618966613, -0.00015507516026240853, -0.0001356554938813318, -0.00014360445619133414, -6.299725905961917e-05, 2.3233354104853325e-05, -8.344424245140788e-05]",-0.011476310596792879,-0.4590524238717152,40.0,0.017508461050149797
"[-0.00018973839676400347, -0.00018492947855771507, -0.0001811848141111379, -0.00017067320909982132, -0.00014245476011252815, -0.00015070931653464855, -7.533308433067148e-05, 2.4541720392653816e-05, -8.241803110522809e-05]",-0.011476310596792879,-0.470528734468508,41.0,0.033497860593581806
"[-0.00020561696257288502, -0.00018973839676400347, -0.00018492947855771507, -0.00017385407618966613, -0.00014231269538073562, -0.00015714171157057164, -7.717940870492627e-05, 2.472973858383536e-05, -7.822331575117075e-05]",-0.011476310596792879,-0.4820050450653009,42.0,0.053863325711928846
"[-0.00022977537866369642, -0.00020561696257288502, -0.00018973839676400347, -0.0001811848141111379, -0.00015058995505604937, -0.00014748663890356515, -8.362199160411066e-05, 2.6805580087263884e-05, -7.098969665523588e-05]",-0.011476310596792879,-0.4934813556620938,43.0,0.0627545209781605
"[-0.0002509066328225188, -0.00022977537866369642, -0.00020561696257288502, -0.00018492947855771507, -0.00015507516026240853, -0.00013529509067329722, -9.149042828127213e-05, 3.082973247175168e-05, -6.295965401873863e-05]",-0.011476310596792879,-0.5049576662588867,44.0,0.09197036885607396
"[-0.00026266064313154244, -0.0002509066328225188, -0.00022977537866369642, -0.00018973839676400347, -0.00017067320909982132, -0.00013719787817173895, -9.596029631304673e-05, 3.0336529771657182e-05, -5.2860469708890834e-05]",-0.011476310596792879,-0.5164339768556796,45.0,0.06247825836228899
"[-0.00027617452183074367, -0.00026266064313154244, -0.0002509066328225188, -0.00020561696257288502, -0.00017385407618966613, -0.00013377912075255674, -0.00010753903196331069, 3.186099602336424e-05, -3.834570389662081e-05]",-0.011476310596792879,-0.5279102874524725,46.0,0.07896248554332667
"[-0.00027318634622965586, -0.00027617452183074367, -0.00026266064313154244, -0.00022977537866369642, -0.0001811848141111379, -0.00012878573695776423, -0.0001136847921157525, 3.0436253144199926e-05, -3.0607570678639056e-05]",-0.011476310596792879,-0.5393865980492654,47.0,0.08583971906499642
"[-0.00027702305102967565, -0.00027318634622965586, -0.00027617452183074367, -0.0002509066328225188, -0.00018492947855771507, -0.0001356554938813318, -0.00012602041122063972, 2.4235259890770384e-05, -2.451287979618077e-05]",-0.011476310596792879,-0.5508629086460581,48.0,0.0728974001937665
"[-0.0002805016028839627, -0.00027702305102967565, -0.00027318634622965586, -0.00026266064313154244, -0.00018973839676400347, -0.00014245476011252815, -0.00012067029929498343, 2.0140814216812215e-05, -2.0000591481353078e-05]",-0.011476310596792879,-0.562339219242851,49.0,0.067262091181785
"[-0.0002784806511717732, -0.0002805016028839627, -0.00027702305102967565, -0.00027617452183074367, -0.00020561696257288502, -0.00014231269538073562, -0.00012671358320345385, 1.8992772660989125e-05, -2.1247873094646574e-05]",-0.011476310596792879,-0.5738155298396439,50.0,0.10455941277744209
"[-0.00027582402857771163, -0.0002784806511717732, -0.0002805016028839627, -0.00027318634622965586, -0.00022977537866369642, -0.00015058995505604937, -0.00014012154876964918, 1.7421751961706835e-05, -2.689609321739229e-05]",-0.011476310596792879,-0.5852918404364368,51.0,0.0822594139522233
"[-0.00028432195044485366, -0.00027582402857771163, -0.0002784806511717732, -0.00027702305102967565, -0.0002509066328225188, -0.00015507516026240853, -0.00014607421499297616, 1.0524331125538294e-05, -2.8248239294975655e-05]",-0.011476310596792879,-0.5967681510332297,52.0,0.08794705767865418
"[-0.00028279591969350995, -0.00028432195044485366, -0.00027582402857771163, -0.0002805016028839627, -0.00026266064313154244, -0.00017067320909982132, -0.00014927721599596286, 3.3896622160337255e-06, -3.0061504894918045e-05]",-0.011476310596792879,-0.6082444616300225,53.0,0.1978299638880934
"[-0.0002835422110510453, -0.00028279591969350995, -0.00028432195044485366, -0.0002784806511717732, -0.00027617452183074367, -0.00017385407618966613, -0.00014907650463698578, -3.058132933714431e-06, -3.449706066076312e-05]",-0.011476310596792879,-0.6197207722268154,54.0,0.1809014422915317
"[-0.00030175377132115303, -0.0002835422110510453, -0.00028279591969350995, -0.00027582402857771163, -0.00027318634622965586, -0.0001811848141111379, -0.0001463607740331082, 2.3637873356562164e-06, -4.202982688273845e-05]",-0.011476310596792879,-0.6311970828236083,55.0,0.2150856845884504
"[-0.0003073799278683369, -0.00030175377132115303, -0.0002835422110510453, -0.00028432195044485366, -0.00027702305102967565, -0.00018492947855771507, -0.00014360445619133414, 2.9889718341112288e-06, -5.23036591739107e-05]",-0.011476310596792879,-0.6426733934204012,56.0,0.22631343131285322
"[-0.0003135856339647102, -0.0003073799278683369, -0.00030175377132115303, -0.00028279591969350995, -0.0002805016028839627, -0.00018973839676400347, -0.00015070931653464855, 7.14643082969146e-07, -6.065551228840262e-05]",-0.011476310596792879,-0.6541497040171941,57.0,0.2957807538143231
"[-0.00031745289553157107, -0.0003135856339647102, -0.0003073799278683369, -0.0002835422110510453, -0.0002784806511717732, -0.00020561696257288502, -0.00015714171157057164, -1.798494664892553e-05, -7.063830195895007e-05]",-0.011476310596792879,-0.665626014613987,58.0,0.43005104486093476
"[-0.00032543391078664464, -0.00031745289553157107, -0.0003135856339647102, -0.00030175377132115303, -0.00027582402857771163, -0.00022977537866369642, -0.00014748663890356515, -2.405644711316046e-05, -7.741671101981851e-05]",-0.011476310596792879,-0.6771023252107798,59.0,0.690601144651337
"[-0.00033901268423999477, -0.00032543391078664464, -0.00031745289553157107, -0.0003073799278683369, -0.00028432195044485366, -0.0002509066328225188, -0.00013529509067329722, -1.766899822161582e-06, -8.299460170533286e-05]",-0.011476310596792879,-0.6885786358075727,60.0,0.7449179854965939
"[-0.00036248626970358257, -0.00033901268423999477, -0.00032543391078664464, -0.0003135856339647102, -0.00028279591969350995, -0.00026266064313154244, -0.00013719787817173895, 3.902489549323731e-06, -7.983313253632932e-05]",-0.011476310596792879,-0.7000549464043656,61.0,0.8626346487239739
"[-0.0003757590489011005, -0.00036248626970358257, -0.00033901268423999477, -0.00031745289553157107, -0.0002835422110510453, -0.00027617452183074367, -0.00013377912075255674, -9.286925308519583e-06, -8.017726179193629e-05]",-0.011476310596792879,-0.7115312570011585,62.0,0.8413525691988407
"[-0.00039256598425069467, -0.0003757590489011005, -0.00036248626970358257, -0.00032543391078664464, -0.00030175377132115303, -0.00027318634622965586, -0.00012878573695776423, -1.4865066778133581e-05, -7.583467086257809e-05]",-0.011476310596792879,-0.7230075675979514,63.0,0.8590506581377648
"[-0.0003968384019306419, -0.00039256598425069467, -0.0003757590489011005, -0.00033901268423999477, -0.0003073799278683369, -0.00027702305102967565, -0.0001356554938813318, -2.1250681026037235e-05, -8.038954117196582e-05]",-0.011476310596792879,-0.7344838781947443,64.0,0.9304550786148935
"[-0.0004005457823880345, -0.0003968384019306419, -0.00039256598425069467, -0.00036248626970358257, -0.0003135856339647102, -0.0002805016028839627, -0.00014245476011252815, -2.4655974573761163e-05, -8.817922159321863e-05]",-0.011476310596792879,-0.7459601887915371,65.0,0.9752698811187162
"[-0.0004131456637713755, -0.0004005457823880345, -0.0003968384019306419, -0.0003757590489011005, -0.00031745289553157107, -0.0002784806511717732, -0.00014231269538073562, -9.389093324533632e-06, -9.269857195617369e-05]",-0.011476310596792879,-0.75743649938833,66.0,0.9898889194573912
"[-0.00043293175164434193, -0.0004131456637713755, -0.0004005457823880345, -0.00039256598425069467, -0.00032543391078664464, -0.00027582402857771163, -0.00015058995505604937, 7.44937000837011e-06, -9.455651094631455e-05]",-0.011476310596792879,-0.7689128099851229,67.0,0.9940490937228145
"[-0.0004526944464098462, -0.00043293175164434193, -0.0004131456637713755, -0.0003968384019306419, -0.00033901268423999477, -0.00028432195044485366, -0.00015507516026240853, 4.7601188018943155e-06, -8.954434729229955e-05]",-0.011476310596792879,-0.7803891205819158,68.0,0.9979758850866264
"[-0.000467205328556069, -0.0004526944464098462, -0.00043293175164434193, -0.0004005457823880345, -0.00036248626970358257, -0.00028279591969350995, -0.00017067320909982132, -1.9248913385336115e-05, -8.013669143885767e-05]",-0.011476310596792879,-0.7918654311787087,69.0,0.9980563768716764
"[-0.00048597016051276927, -0.000467205328556069, -0.0004526944464098462, -0.0004131456637713755, -0.0003757590489011005, -0.0002835422110510453, -0.00017385407618966613, -3.563099353243608e-05, -6.909393937010641e-05]",-0.011476310596792879,-0.8033417417755015,70.0,0.9992992983692183
"[-0.0004938996180463548, -0.00048597016051276927, -0.000467205328556069, -0.00043293175164434193, -0.00039256598425069467, -0.00030175377132115303, -0.0001811848141111379, -5.195874191849507e-05, -5.905787458388812e-05]",-0.011476310596792879,-0.8148180523722944,71.0,0.9998199384027803
"[-0.0005089263209675651, -0.0004938996180463548, -0.00048597016051276927, -0.0004526944464098462, -0.0003968384019306419, -0.0003073799278683369, -0.00018492947855771507, -6.299725905961917e-05, -6.66551277708843e-05]",-0.011476310596792879,-0.8262943629690873,72.0,0.999942143922855
"[-0.0005301625309475577, -0.0005089263209675651, -0.0004938996180463548, -0.000467205328556069, -0.0004005457823880345, -0.0003135856339647102, -0.00018973839676400347, -7.533308433067148e-05, -7.203631395847029e-05]",-0.011476310596792879,-0.8377706735658802,73.0,0.9999826932137433
"[-0.0005505685111847293, -0.0005301625309475577, -0.0005089263209675651, -0.00048597016051276927, -0.0004131456637713755, -0.00031745289553157107, -0.00020561696257288502, -7.717940870492627e-05, -6.846530111956452e-05]",-0.011476310596792879,-0.8492469841626731,74.0,0.9999906265381012
"[-0.0005709658666674838, -0.0005505685111847293, -0.0005301625309475577, -0.0004938996180463548, -0.00043293175164434193, -0.00032543391078664464, -0.00022977537866369642, -8.362199160411066e-05, -6.559190123746e-05]",-0.011476310596792879,-0.860723294759466,75.0,0.9999913558474428
"[-0.0005850562324798394, -0.0005709658666674838, -0.0005505685111847293, -0.0005089263209675651, -0.0004526944464098462, -0.00033901268423999477, -0.0002509066328225188, -9.149042828127213e-05, -6.115105932707572e-05]",-0.011476310596792879,-0.8721996053562588,76.0,0.9999931241691586
"[-0.0005915124080238696, -0.0005850562324798394, -0.0005709658666674838, -0.0005301625309475577, -0.000467205328556069, -0.00036248626970358257, -0.00026266064313154244, -9.596029631304673e-05, -4.810491519134936e-05]",-0.011476310596792879,-0.8836759159530517,77.0,0.9999965122558321
"[-0.0005963696380242093, -0.0005915124080238696, -0.0005850562324798394, -0.0005505685111847293, -0.00048597016051276927, -0.0003757590489011005, -0.00027617452183074367, -0.00010753903196331069, -3.609450244842722e-05]",-0.011476310596792879,-0.8951522265498446,78.0,0.9999965784065759
"[-0.0006048238512389708, -0.0005963696380242093, -0.0005915124080238696, -0.0005709658666674838, -0.0004938996180463548, -0.00039256598425069467, -0.00027318634622965586, -0.0001136847921157525, -3.2282403889025354e-05]",-0.011476310596792879,-0.9066285371466375,79.0,0.999998972730293
"[-0.0006084072093180534, -0.0006048238512389708, -0.0005963696380242093, -0.0005850562324798394, -0.0005089263209675651, -0.0003968384019306419, -0.00027702305102967565, -0.00012602041122063972, -4.005881516453357e-05]",-0.011476310596792879,-0.9181048477434304,80.0,0.9999993230542166
"[-0.0006213851988334103, -0.0006084072093180534, -0.0006048238512389708, -0.0005915124080238696, -0.0005301625309475577, -0.0004005457823880345, -0.0002805016028839627, -0.00012067029929498343, -5.6218643094800824e-05]",-0.011476310596792879,-0.9295811583402231,81.0,0.9999991880725404
"[-0.0006303754480933686, -0.0006213851988334103, -0.0006084072093180534, -0.0005963696380242093, -0.0005505685111847293, -0.0004131456637713755, -0.0002784806511717732, -0.00012671358320345385, -7.077508735676341e-05]",-0.011476310596792879,-0.941057468937016,82.0,0.9999992638420979
"[-0.0006322721300224284, -0.0006303754480933686, -0.0006213851988334103, -0.0006048238512389708, -0.0005709658666674838, -0.00043293175164434193, -0.00027582402857771163, -0.00014012154876964918, -7.530457028889453e-05]",-0.011476310596792879,-0.9525337795338089,83.0,0.9999998174382323
"[-0.0006338996288531248, -0.0006322721300224284, -0.0006303754480933686, -0.0006084072093180534, -0.0005850562324798394, -0.0004526944464098462, -0.00028432195044485366, -0.00014607421499297616, -8.066497306676226e-05]",-0.011476310596792879,-0.9640100901306018,84.0,0.999999940184216
"[-0.0006470084083254055, -0.0006338996288531248, -0.0006322721300224284, -0.0006213851988334103, -0.0005915124080238696, -0.000467205328556069, -0.00028279591969350995, -0.00014927721599596286, -8.25542137123797e-05]",-0.011476310596792879,-0.9754864007273947,85.0,0.999999939365556
"[-0.0006620327675784551, -0.0006470084083254055, -0.0006338996288531248, -0.0006303754480933686, -0.0005963696380242093, -0.00048597016051276927, -0.0002835422110510453, -0.00014907650463698578, -8.336502172598542e-05]",-0.011476310596792879,-0.9869627113241876,86.0,0.9999999741057353
"[-0.0006679236469223613, -0.0006620327675784551, -0.0006470084083254055, -0.0006322721300224284, -0.0006048238512389708, -0.0004938996180463548, -0.00030175377132115303, -0.0001463607740331082, -7.948942151910534e-05]",-0.011476310596792879,-0.9984390219209804,87.0,0.9999999805454807
"[-0.0006775803264996729, -0.0006679236469223613, -0.0006620327675784551, -0.0006338996288531248, -0.0006084072093180534, -0.0005089263209675651, -0.0003073799278683369, -0.00014360445619133414, -8.698834463287819e-05]",-0.011476310596792879,-1.0099153325177734,88.0,0.999999981472837
"[-0.0006838280690538956, -0.0006775803264996729, -0.0006679236469223613, -0.0006470084083254055, -0.0006213851988334103, -0.0005301625309475577, -0.0003135856339647102, -0.00015070931653464855, -8.396567766470629e-05]",-0.011476310596792879,-1.0213916431145662,89.0,0.999999995115637
"[-0.0006867601046981053, -0.0006838280690538956, -0.0006775803264996729, -0.0006620327675784551, -0.0006303754480933686, -0.0005505685111847293, -0.00031745289553157107, -0.00015714171157057164, -8.66117142743191e-05]",-0.011476310596792879,-1.0328679537113592,90.0,0.9999999970093063
"[-0.0006989921355633792, -0.0006867601046981053, -0.0006838280690538956, -0.0006679236469223613, -0.0006322721300224284, -0.0005709658666674838, -0.00032543391078664464, -0.00014748663890356515, -7.954752817903404e-05]",-0.011476310596792879,-1.044344264308152,91.0,0.999999998555255
"[-0.0007080311787256037, -0.0006989921355633792, -0.0006867601046981053, -0.0006775803264996729, -0.0006338996288531248, -0.0005850562324798394, -0.00033901268423999477, -0.00013529509067329722, -7.161357781400729e-05]",-0.011476310596792879,-1.055820574904945,92.0,0.9999999964096531
"[-0.0007174685453112295, -0.0007080311787256037, -0.0006989921355633792, -0.0006838280690538956, -0.0006470084083254055, -0.0005915124080238696, -0.00036248626970358257, -0.00013719787817173895, -6.447907640710232e-05]",-0.011476310596792879,-1.0672968855017377,93.0,0.9999999990224578
"[-0.0007140625239302395, -0.0007174685453112295, -0.0007080311787256037, -0.0006867601046981053, -0.0006620327675784551, -0.0005963696380242093, -0.0003757590489011005, -0.00013377912075255674, -6.127653358162093e-05]",-0.011476310596792879,-1.0787731960985307,94.0,0.9999999967309778
"[-0.000723095209864498, -0.0007140625239302395, -0.0007174685453112295, -0.0006989921355633792, -0.0006679236469223613, -0.0006048238512389708, -0.00039256598425069467, -0.00012878573695776423, -4.603582602329787e-05]",-0.011476310596792879,-1.0902495066953235,95.0,0.999999999024881
"[-0.0007174011603310116, -0.000723095209864498, -0.0007140625239302395, -0.0007080311787256037, -0.0006775803264996729, -0.0006084072093180534, -0.0003968384019306419, -0.0001356554938813318, -2.5965896716908728e-05]",-0.011476310596792879,-1.1017258172921163,96.0,0.9999999994346653
"[-0.0007243449544408819, -0.0007174011603310116, -0.000723095209864498, -0.0007174685453112295, -0.0006838280690538956, -0.0006213851988334103, -0.0004005457823880345, -0.00014245476011252815, -8.69443923500245e-06]",-0.011476310596792879,-1.1132021278889093,97.0,0.9999999998423034
"[-0.0007314385998163522, -0.0007243449544408819, -0.0007174011603310116, -0.0007140625239302395, -0.0006867601046981053, -0.0006303754480933686, -0.0004131456637713755, -0.00014231269538073562, 4.961273669379766e-06]",-0.011476310596792879,-1.124678438485702,98.0,0.9999999998899052
"[-0.0007439728069820155, -0.0007314385998163522, -0.0007243449544408819, -0.000723095209864498, -0.0006989921355633792, -0.0006322721300224284, -0.00043293175164434193, -0.00015058995505604937, 9.191787572989684e-06]",-0.011476310596792879,-1.136154749082495,99.0,0.9999999999877595
"[-0.0007519240300155289, -0.0007439728069820155, -0.0007314385998163522, -0.0007174011603310116, -0.0007080311787256037, -0.0006338996288531248, -0.0004526944464098462, -0.00015507516026240853, 1.0483372162832933e-05]",-0.011476310596792879,-1.1476310596792878,100.0,0.9999999999962835
"[-0.0007712301740038514, -0.0007519240300155289, -0.0007439728069820155, -0.0007243449544408819, -0.0007174685453112295, -0.0006470084083254055, -0.000467205328556069, -0.00017067320909982132, 1.7158538800483356e-05]",-0.011476310596792879,-1.1591073702760808,101.0,0.9999999999983444
"[-0.0007925132196699795, -0.0007712301740038514, -0.0007519240300155289, -0.0007314385998163522, -0.0007140625239302395, -0.0006620327675784551, -0.00048597016051276927, -0.00017385407618966613, 1.8106069988619605e-05]",-0.011476310596792879,-1.1705836808728736,102.0,0.9999999999983056
"[-0.0008023025542465059, -0.0007925132196699795, -0.0007712301740038514, -0.0007439728069820155, -0.000723095209864498, -0.0006679236469223613, -0.0004938996180463548, -0.0001811848141111379, 2.0797192364781708e-05]",-0.011476310596792879,-1.1820599914696666,103.0,0.999999999975671
"[-0.0008064142534727211, -0.0008023025542465059, -0.0007925132196699795, -0.0007519240300155289, -0.0007174011603310116, -0.0006775803264996729, -0.0005089263209675651, -0.00018492947855771507, 2.3233354104853325e-05]",-0.011476310596792879,-1.1935363020664593,104.0,0.9999999997899752
"[-0.0007898633153139668, -0.0008064142534727211, -0.0008023025542465059, -0.0007712301740038514, -0.0007243449544408819, -0.0006838280690538956, -0.0005301625309475577, -0.00018973839676400347, 2.4541720392653816e-05]",-0.011476310596792879,-1.2050126126632523,105.0,0.999999999657414
"[-0.0007674104912657608, -0.0007898633153139668, -0.0008064142534727211, -0.0007925132196699795, -0.0007314385998163522, -0.0006867601046981053, -0.0005505685111847293, -0.00020561696257288502, 2.472973858383536e-05]",-0.011476310596792879,-1.216488923260045,106.0,0.9999999995695716
"[-0.0007538622511880446, -0.0007674104912657608, -0.0007898633153139668, -0.0008023025542465059, -0.0007439728069820155, -0.0006989921355633792, -0.0005709658666674838, -0.00022977537866369642, 2.6805580087263884e-05]",-0.011476310596792879,-1.227965233856838,107.0,0.9999999998402469
"[-0.0007460344264698206, -0.0007538622511880446, -0.0007674104912657608, -0.0008064142534727211, -0.0007519240300155289, -0.0007080311787256037, -0.0005850562324798394, -0.0002509066328225188, 3.082973247175168e-05]",-0.011476310596792879,-1.2394415444536309,108.0,0.9999999999039395
"[-0.000749532737738869, -0.0007460344264698206, -0.0007538622511880446, -0.0007898633153139668, -0.0007712301740038514, -0.0007174685453112295, -0.0005915124080238696, -0.00026266064313154244, 3.0336529771657182e-05]",-0.011476310596792879,-1.2509178550504239,109.0,0.9999999999700566
"[-0.000754770681230573, -0.000749532737738869, -0.0007460344264698206, -0.0007674104912657608, -0.0007925132196699795, -0.0007140625239302395, -0.0005963696380242093, -0.00027617452183074367, 3.186099602336424e-05]",-0.011476310596792879,-1.2623941656472166,110.0,0.9999999999909491
"[-0.0007657018514741968, -0.000754770681230573, -0.000749532737738869, -0.0007538622511880446, -0.0008023025542465059, -0.000723095209864498, -0.0006048238512389708, -0.00027318634622965586, 3.0436253144199926e-05]",-0.011476310596792879,-1.2738704762440096,111.0,0.9999999999905224
"[-0.000779055222995505, -0.0007657018514741968, -0.000754770681230573, -0.0007460344264698206, -0.0008064142534727211, -0.0007174011603310116, -0.0006084072093180534, -0.00027702305102967565, 2.4235259890770384e-05]",-0.011476310596792879,-1.2853467868408024,112.0,0.9999999999954748
"[-0.0007842153695248951, -0.000779055222995505, -0.0007657018514741968, -0.000749532737738869, -0.0007898633153139668, -0.0007243449544408819, -0.0006213851988334103, -0.0002805016028839627, 2.0140814216812215e-05]",-0.011476310596792879,-1.2968230974375954,113.0,0.9999999999945072
"[-0.0007915670495085537, -0.0007842153695248951, -0.000779055222995505, -0.000754770681230573, -0.0007674104912657608, -0.0007314385998163522, -0.0006303754480933686, -0.0002784806511717732, 1.8992772660989125e-05]",-0.011476310596792879,-1.3082994080343882,114.0,0.9999999999904923
"[-0.000793082275643086, -0.0007915670495085537, -0.0007842153695248951, -0.0007657018514741968, -0.0007538622511880446, -0.0007439728069820155, -0.0006322721300224284, -0.00027582402857771163, 1.7421751961706835e-05]",-0.011476310596792879,-1.3197757186311811,115.0,0.9999999999969671
"[-0.0007897758448411969, -0.000793082275643086, -0.0007915670495085537, -0.000779055222995505, -0.0007460344264698206, -0.0007519240300155289, -0.0006338996288531248, -0.00028432195044485366, 1.0524331125538294e-05]",-0.011476310596792879,-1.331252029227974,116.0,0.9999999999964689
"[-0.0007967335184891801, -0.0007897758448411969, -0.000793082275643086, -0.0007842153695248951, -0.000749532737738869, -0.0007712301740038514, -0.0006470084083254055, -0.00028279591969350995, 3.3896622160337255e-06]",-0.011476310596792879,-1.342728339824767,117.0,0.999999999993264
"[-0.0007984757422998725, -0.0007967335184891801, -0.0007897758448411969, -0.0007915670495085537, -0.000754770681230573, -0.0007925132196699795, -0.0006620327675784551, -0.0002835422110510453, -3.058132933714431e-06]",-0.011476310596792879,-1.3542046504215597,118.0,0.9999999999986102
"[-0.0007946274590459116, -0.0007984757422998725, -0.0007967335184891801, -0.000793082275643086, -0.0007657018514741968, -0.0008023025542465059, -0.0006679236469223613, -0.00030175377132115303, 2.3637873356562164e-06]",-0.011476310596792879,-1.3656809610183527,119.0,0.9999999999992376
"[-0.0008041944092695583, -0.0007946274590459116, -0.0007984757422998725, -0.0007897758448411969, -0.000779055222995505, -0.0008064142534727211, -0.0006775803264996729, -0.0003073799278683369, 2.9889718341112288e-06]",-0.011476310596792879,-1.3771572716151455,120.0,0.9999999999977907
"[-0.0008136502428632274, -0.0008041944092695583, -0.0007946274590459116, -0.0007967335184891801, -0.0007842153695248951, -0.0007898633153139668, -0.0006838280690538956, -0.0003135856339647102, 7.14643082969146e-07]",-0.011476310596792879,-1.3886335822119384,121.0,0.9999999999991199
"[-0.0008278998374523429, -0.0008136502428632274, -0.0008041944092695583, -0.0007984757422998725, -0.0007915670495085537, -0.0007674104912657608, -0.0006867601046981053, -0.00031745289553157107, -1.798494664892553e-05]",-0.011476310596792879,-1.4001098928087312,122.0,0.9999999999994159
"[-0.0008370268169842951, -0.0008278998374523429, -0.0008136502428632274, -0.0007946274590459116, -0.000793082275643086, -0.0007538622511880446, -0.0006989921355633792, -0.00032543391078664464, -2.405644711316046e-05]",-0.011476310596792879,-1.4115862034055242,123.0,0.9999999999976553
"[-0.0008443195793437354, -0.0008370268169842951, -0.0008278998374523429, -0.0008041944092695583, -0.0007897758448411969, -0.0007460344264698206, -0.0007080311787256037, -0.00033901268423999477, -1.766899822161582e-06]",-0.011476310596792879,-1.423062514002317,124.0,0.9999999999920883
"[-0.0008588340673078343, -0.0008443195793437354, -0.0008370268169842951, -0.0008136502428632274, -0.0007967335184891801, -0.000749532737738869, -0.0007174685453112295, -0.00036248626970358257, 3.902489549323731e-06]",-0.011476310596792879,-1.43453882459911,125.0,0.9999999999997483
"[-0.0008781388042712472, -0.0008588340673078343, -0.0008443195793437354, -0.0008278998374523429, -0.0007984757422998725, -0.000754770681230573, -0.0007140625239302395, -0.0003757590489011005, -9.286925308519583e-06]",-0.011476310596792879,-1.4460151351959027,126.0,0.9999999999997815
"[-0.0008802463186590206, -0.0008781388042712472, -0.0008588340673078343, -0.0008370268169842951, -0.0007946274590459116, -0.0007657018514741968, -0.000723095209864498, -0.00039256598425069467, -1.4865066778133581e-05]",-0.011476310596792879,-1.4574914457926957,127.0,0.9999999999997792
"[-0.0008803636793667574, -0.0008802463186590206, -0.0008781388042712472, -0.0008443195793437354, -0.0008041944092695583, -0.000779055222995505, -0.0007174011603310116, -0.0003968384019306419, -2.1250681026037235e-05]",-0.011476310596792879,-1.4689677563894885,128.0,0.9999999999997846
"[-0.0008805456088795052, -0.0008803636793667574, -0.0008802463186590206, -0.0008588340673078343, -0.0008136502428632274, -0.0007842153695248951, -0.0007243449544408819, -0.0004005457823880345, -2.4655974573761163e-05]",-0.011476310596792879,-1.4804440669862813,129.0,0.99999999999977
"[-0.0008798475035779001, -0.0008805456088795052, -0.0008803636793667574, -0.0008781388042712472, -0.0008278998374523429, -0.0007915670495085537, -0.0007314385998163522, -0.0004131456637713755, -9.389093324533632e-06]",-0.011476310596792879,-1.4919203775830743,130.0,0.9999999999995858
"[-0.0008786050937707115, -0.0008798475035779001, -0.0008805456088795052, -0.0008802463186590206, -0.0008370268169842951, -0.000793082275643086, -0.0007439728069820155, -0.00043293175164434193, 7.44937000837011e-06]",-0.011476310596792879,-1.503396688179867,131.0,0.9999999999973536
"[-0.0008825396898556778, -0.0008786050937707115, -0.0008798475035779001, -0.0008803636793667574, -0.0008443195793437354, -0.0007897758448411969, -0.0007519240300155289, -0.0004526944464098462, 4.7601188018943155e-06]",-0.011476310596792879,-1.51487299877666,132.0,0.999999999999491
"[-0.0008984800766750326, -0.0008825396898556778, -0.0008786050937707115, -0.0008805456088795052, -0.0008588340673078343, -0.0007967335184891801, -0.0007712301740038514, -0.000467205328556069, -1.9248913385336115e-05]",-0.011476310596792879,-1.5263493093734528,133.0,0.9999999999990999
"[-0.0009073783682016735, -0.0008984800766750326, -0.0008825396898556778, -0.0008798475035779001, -0.0008781388042712472, -0.0007984757422998725, -0.0007925132196699795, -0.00048597016051276927, -3.563099353243608e-05]",-0.011476310596792879,-1.5378256199702458,134.0,0.9999999999993595
"[-0.0009193132309778076, -0.0009073783682016735, -0.0008984800766750326, -0.0008786050937707115, -0.0008802463186590206, -0.0007946274590459116, -0.0008023025542465059, -0.0004938996180463548, -5.195874191849507e-05]",-0.011476310596792879,-1.5493019305670386,135.0,0.999999999999409
"[-0.000927835602588565, -0.0009193132309778076, -0.0009073783682016735, -0.0008825396898556778, -0.0008803636793667574, -0.0008041944092695583, -0.0008064142534727211, -0.0005089263209675651, -6.299725905961917e-05]",-0.011476310596792879,-1.5607782411638316,136.0,0.9999999999998088
"[-0.0009358179362088238, -0.000927835602588565, -0.0009193132309778076, -0.0008984800766750326, -0.0008805456088795052, -0.0008136502428632274, -0.0007898633153139668, -0.0005301625309475577, -7.533308433067148e-05]",-0.011476310596792879,-1.5722545517606243,137.0,0.9999999999995787
"[-0.0009355188717595727, -0.0009358179362088238, -0.000927835602588565, -0.0009073783682016735, -0.0008798475035779001, -0.0008278998374523429, -0.0007674104912657608, -0.0005505685111847293, -7.717940870492627e-05]",-0.011476310596792879,-1.5837308623574173,138.0,0.9999999999997525
"[-0.0009426693574125617, -0.0009355188717595727, -0.0009358179362088238, -0.0009193132309778076, -0.0008786050937707115, -0.0008370268169842951, -0.0007538622511880446, -0.0005709658666674838, -8.362199160411066e-05]",-0.011476310596792879,-1.59520717295421,139.0,0.9999999999997318
"[-0.000943929266638999, -0.0009426693574125617, -0.0009355188717595727, -0.000927835602588565, -0.0008825396898556778, -0.0008443195793437354, -0.0007460344264698206, -0.0005850562324798394, -9.149042828127213e-05]",-0.011476310596792879,-1.606683483551003,140.0,0.999999999999712
"[-0.0009441003870585115, -0.000943929266638999, -0.0009426693574125617, -0.0009358179362088238, -0.0008984800766750326, -0.0008588340673078343, -0.000749532737738869, -0.0005915124080238696, -9.596029631304673e-05]",-0.011476310596792879,-1.6181597941477959,141.0,0.9999999999996376
"[-0.0009460636478446313, -0.0009441003870585115, -0.000943929266638999, -0.0009355188717595727, -0.0009073783682016735, -0.0008781388042712472, -0.000754770681230573, -0.0005963696380242093, -0.00010753903196331069]",-0.011476310596792879,-1.6296361047445889,142.0,0.9999999999998169
"[-0.0009505735504902627, -0.0009460636478446313, -0.0009441003870585115, -0.0009426693574125617, -0.0009193132309778076, -0.0008802463186590206, -0.0007657018514741968, -0.0006048238512389708, -0.0001136847921157525]",-0.011476310596792879,-1.6411124153413816,143.0,0.9999999999997802
"[-0.0009476196122770375, -0.0009505735504902627, -0.0009460636478446313, -0.000943929266638999, -0.000927835602588565, -0.0008803636793667574, -0.000779055222995505, -0.0006084072093180534, -0.00012602041122063972]",-0.011476310596792879,-1.6525887259381746,144.0,0.9999999999998086
"[-0.0009476775733597422, -0.0009476196122770375, -0.0009505735504902627, -0.0009441003870585115, -0.0009358179362088238, -0.0008805456088795052, -0.0007842153695248951, -0.0006213851988334103, -0.00012067029929498343]",-0.011476310596792879,-1.6640650365349674,145.0,0.9999999999998459
"[-0.0009483979005666754, -0.0009476775733597422, -0.0009476196122770375, -0.0009460636478446313, -0.0009355188717595727, -0.0008798475035779001, -0.0007915670495085537, -0.0006303754480933686, -0.00012671358320345385]",-0.011476310596792879,-1.6755413471317604,146.0,0.9999999999997785
"[-0.0009434880204973762, -0.0009483979005666754, -0.0009476775733597422, -0.0009505735504902627, -0.0009426693574125617, -0.0008786050937707115, -0.000793082275643086, -0.0006322721300224284, -0.00014012154876964918]",-0.011476310596792879,-1.6870176577285532,147.0,0.9999999999998418
"[-0.0009473833737437459, -0.0009434880204973762, -0.0009483979005666754, -0.0009476196122770375, -0.000943929266638999, -0.0008825396898556778, -0.0007897758448411969, -0.0006338996288531248, -0.00014607421499297616]",-0.011476310596792879,-1.6984939683253462,148.0,0.9999999999997503
"[-0.0009444077008891172, -0.0009473833737437459, -0.0009434880204973762, -0.0009476775733597422, -0.0009441003870585115, -0.0008984800766750326, -0.0007967335184891801, -0.0006470084083254055, -0.00014927721599596286]",-0.011476310596792879,-1.709970278922139,149.0,0.9999999999993958
"[-0.0009483814863196349, -0.0009444077008891172, -0.0009473833737437459, -0.0009483979005666754, -0.0009460636478446313, -0.0009073783682016735, -0.0007984757422998725, -0.0006620327675784551, -0.00014907650463698578]",-0.011476310596792879,-1.721446589518932,150.0,0.9999999999996766
"[-0.0009596270687334587, -0.0009483814863196349, -0.0009444077008891172, -0.0009434880204973762, -0.0009505735504902627, -0.0009193132309778076, -0.0007946274590459116, -0.0006679236469223613, -0.0001463607740331082]",-0.011476310596792879,-1.7329229001157247,151.0,0.9999999999993198
"[-0.0009657462642947852, -0.0009596270687334587, -0.0009483814863196349, -0.0009473833737437459, -0.0009476196122770375, -0.000927835602588565, -0.0008041944092695583, -0.0006775803264996729, -0.00014360445619133414]",-0.011476310596792879,-1.7443992107125177,152.0,0.9999999999995184
"[-0.0009761705964630314, -0.0009657462642947852, -0.0009596270687334587, -0.0009444077008891172, -0.0009476775733597422, -0.0009358179362088238, -0.0008136502428632274, -0.0006838280690538956, -0.00015070931653464855]",-0.011476310596792879,-1.7558755213093105,153.0,0.9999999999998432
"[-0.0009848671968980484, -0.0009761705964630314, -0.0009657462642947852, -0.0009483814863196349, -0.0009483979005666754, -0.0009355188717595727, -0.0008278998374523429, -0.0006867601046981053, -0.00015714171157057164]",-0.011476310596792879,-1.7673518319061035,154.0,0.9999999999998483
"[-0.0009776154364131407, -0.0009848671968980484, -0.0009761705964630314, -0.0009596270687334587, -0.0009434880204973762, -0.0009426693574125617, -0.0008370268169842951, -0.0006989921355633792, -0.00014748663890356515]",-0.011476310596792879,-1.7788281425028962,155.0,0.9999999999997848
"[-0.0009728605689155953, -0.0009776154364131407, -0.0009848671968980484, -0.0009657462642947852, -0.0009473833737437459, -0.000943929266638999, -0.0008443195793437354, -0.0007080311787256037, -0.00013529509067329722]",-0.011476310596792879,-1.7903044530996892,156.0,0.9999999999994552
"[-0.0009764886322918997, -0.0009728605689155953, -0.0009776154364131407, -0.0009761705964630314, -0.0009444077008891172, -0.0009441003870585115, -0.0008588340673078343, -0.0007174685453112295, -0.00013719787817173895]",-0.011476310596792879,-1.801780763696482,157.0,0.9999999999989333
"[-0.0009872470158144285, -0.0009764886322918997, -0.0009728605689155953, -0.0009848671968980484, -0.0009483814863196349, -0.0009460636478446313, -0.0008781388042712472, -0.0007140625239302395, -0.00013377912075255674]",-0.011476310596792879,-1.813257074293275,158.0,0.9999999999995965
"[-0.0009992079651452385, -0.0009872470158144285, -0.0009764886322918997, -0.0009776154364131407, -0.0009596270687334587, -0.0009505735504902627, -0.0008802463186590206, -0.000723095209864498, -0.00012878573695776423]",-0.011476310596792879,-1.8247333848900678,159.0,0.9999999999965583
"[-0.0010013831610151374, -0.0009992079651452385, -0.0009872470158144285, -0.0009728605689155953, -0.0009657462642947852, -0.0009476196122770375, -0.0008803636793667574, -0.0007174011603310116, -0.0001356554938813318]",-0.011476310596792879,-1.8362096954868607,160.0,0.9999999999968117
"[-0.0010133361402358619, -0.0010013831610151374, -0.0009992079651452385, -0.0009764886322918997, -0.0009761705964630314, -0.0009476775733597422, -0.0008805456088795052, -0.0007243449544408819, -0.00014245476011252815]",-0.011476310596792879,-1.8476860060836535,161.0,0.9999999999958027
"[-0.0010278836563911513, -0.0010133361402358619, -0.0010013831610151374, -0.0009872470158144285, -0.0009848671968980484, -0.0009483979005666754, -0.0008798475035779001, -0.0007314385998163522, -0.00014231269538073562]",-0.011476310596792879,-1.8591623166804463,162.0,0.9999999999967267
"[-0.0010434696845966923, -0.0010278836563911513, -0.0010133361402358619, -0.0009992079651452385, -0.0009776154364131407, -0.0009434880204973762, -0.0008786050937707115, -0.0007439728069820155, -0.00015058995505604937]",-0.011476310596792879,-1.8706386272772393,163.0,0.9999999999974535
"[-0.001058533755924305, -0.0010434696845966923, -0.0010278836563911513, -0.0010013831610151374, -0.0009728605689155953, -0.0009473833737437459, -0.0008825396898556778, -0.0007519240300155289, -0.00015507516026240853]",-0.011476310596792879,-1.882114937874032,164.0,0.9999999999977964
"[-0.001071682743697378, -0.001058533755924305, -0.0010434696845966923, -0.0010133361402358619, -0.0009764886322918997, -0.0009444077008891172, -0.0008984800766750326, -0.0007712301740038514, -0.00017067320909982132]",-0.011476310596792879,-1.893591248470825,165.0,0.99999999999909
"[-0.0010832015405827207, -0.001071682743697378, -0.001058533755924305, -0.0010278836563911513, -0.0009872470158144285, -0.0009483814863196349, -0.0009073783682016735, -0.0007925132196699795, -0.00017385407618966613]",-0.011476310596792879,-1.9050675590676178,166.0,0.9999999999993732
"[-0.0010884321541352279, -0.0010832015405827207, -0.001071682743697378, -0.0010434696845966923, -0.0009992079651452385, -0.0009596270687334587, -0.0009193132309778076, -0.0008023025542465059, -0.0001811848141111379]",-0.011476310596792879,-1.9165438696644108,167.0,0.9999999999989995
"[-0.0010940945254147504, -0.0010884321541352279, -0.0010832015405827207, -0.001058533755924305, -0.0010013831610151374, -0.0009657462642947852, -0.000927835602588565, -0.0008064142534727211, -0.00018492947855771507]",-0.011476310596792879,-1.9280201802612036,168.0,0.9999999999996914
"[-0.0011026712136407166, -0.0010940945254147504, -0.0010884321541352279, -0.001071682743697378, -0.0010133361402358619, -0.0009761705964630314, -0.0009358179362088238, -0.0007898633153139668, -0.00018973839676400347]",-0.011476310596792879,-1.9394964908579966,169.0,0.999999999999792
"[-0.0011036836491873639, -0.0011026712136407166, -0.0010940945254147504, -0.0010832015405827207, -0.0010278836563911513, -0.0009848671968980484, -0.0009355188717595727, -0.0007674104912657608, -0.00020561696257288502]",-0.011476310596792879,-1.9509728014547894,170.0,0.9999999999996658
"[-0.0010995146048815851, -0.0011036836491873639, -0.0011026712136407166, -0.0010884321541352279, -0.0010434696845966923, -0.0009776154364131407, -0.0009426693574125617, -0.0007538622511880446, -0.00022977537866369642]",-0.011476310596792879,-1.9624491120515823,171.0,0.9999999999997208
"[-0.001099604677978763, -0.0010995146048815851, -0.0011036836491873639, -0.0010940945254147504, -0.001058533755924305, -0.0009728605689155953, -0.000943929266638999, -0.0007460344264698206, -0.0002509066328225188]",-0.011476310596792879,-1.9739254226483751,172.0,0.9999999999993014
"[-0.0010972829401621324, -0.001099604677978763, -0.0010995146048815851, -0.0011026712136407166, -0.001071682743697378, -0.0009764886322918997, -0.0009441003870585115, -0.000749532737738869, -0.00026266064313154244]",-0.011476310596792879,-1.985401733245168,173.0,0.9999999999986883
"[-0.0011021656731247593, -0.0010972829401621324, -0.001099604677978763, -0.0011036836491873639, -0.0010832015405827207, -0.0009872470158144285, -0.0009460636478446313, -0.000754770681230573, -0.00027617452183074367]",-0.011476310596792879,-1.9968780438419609,174.0,0.9999999999045465
"[-0.0011117531868237343, -0.0011021656731247593, -0.0010972829401621324, -0.0010995146048815851, -0.0010884321541352279, -0.0009992079651452385, -0.0009505735504902627, -0.0007657018514741968, -0.00027318634622965586]",-0.011476310596792879,-2.0083543544387537,175.0,0.9999999999985435
"[-0.0011365871107148515, -0.0011117531868237343, -0.0011021656731247593, -0.001099604677978763, -0.0010940945254147504, -0.0010013831610151374, -0.0009476196122770375, -0.000779055222995505, -0.00027702305102967565]",-0.011476310596792879,-2.019830665035547,176.0,0.9999999999980135
"[-0.0011470045298519384, -0.0011365871107148515, -0.0011117531868237343, -0.0010972829401621324, -0.0011026712136407166, -0.0010133361402358619, -0.0009476775733597422, -0.0007842153695248951, -0.0002805016028839627]",-0.011476310596792879,-2.0313069756323396,177.0,0.9999999999858967
"[-0.0011578724657093158, -0.0011470045298519384, -0.0011365871107148515, -0.0011021656731247593, -0.0011036836491873639, -0.0010278836563911513, -0.0009483979005666754, -0.0007915670495085537, -0.0002784806511717732]",-0.011476310596792879,-2.0427832862291324,178.0,0.9999999999146522
"[-0.0011757042527834678, -0.0011578724657093158, -0.0011470045298519384, -0.0011117531868237343, -0.0010995146048815851, -0.0010434696845966923, -0.0009434880204973762, -0.000793082275643086, -0.00027582402857771163]",-0.011476310596792879,-2.054259596825925,179.0,0.9999999998581
"[-0.001198671435708738, -0.0011757042527834678, -0.0011578724657093158, -0.0011365871107148515, -0.001099604677978763, -0.001058533755924305, -0.0009473833737437459, -0.0007897758448411969, -0.00028432195044485366]",-0.011476310596792879,-2.0657359074227184,180.0,0.9999999999522341
"[-0.001221574320224429, -0.001198671435708738, -0.0011757042527834678, -0.0011470045298519384, -0.0010972829401621324, -0.001071682743697378, -0.0009444077008891172, -0.0007967335184891801, -0.00028279591969350995]",-0.011476310596792879,-2.077212218019511,181.0,0.9999999999985816
"[-0.0012398169124934043, -0.001221574320224429, -0.001198671435708738, -0.0011578724657093158, -0.0011021656731247593, -0.0010832015405827207, -0.0009483814863196349, -0.0007984757422998725, -0.0002835422110510453]",-0.011476310596792879,-2.088688528616304,182.0,0.9999999999987567
"[-0.001244121517486423, -0.0012398169124934043, -0.001221574320224429, -0.0011757042527834678, -0.0011117531868237343, -0.0010884321541352279, -0.0009596270687334587, -0.0007946274590459116, -0.00030175377132115303]",-0.011476310596792879,-2.1001648392130967,183.0,0.9999999999993237
"[-0.0012509070342658927, -0.001244121517486423, -0.0012398169124934043, -0.001198671435708738, -0.0011365871107148515, -0.0010940945254147504, -0.0009657462642947852, -0.0008041944092695583, -0.0003073799278683369]",-0.011476310596792879,-2.11164114980989,184.0,0.9999999999983163
"[-0.0012556518112875658, -0.0012509070342658927, -0.001244121517486423, -0.001221574320224429, -0.0011470045298519384, -0.0011026712136407166, -0.0009761705964630314, -0.0008136502428632274, -0.0003135856339647102]",-0.011476310596792879,-2.1231174604066827,185.0,0.9999999999969144
"[-0.0012652364774039496, -0.0012556518112875658, -0.0012509070342658927, -0.0012398169124934043, -0.0011578724657093158, -0.0011036836491873639, -0.0009848671968980484, -0.0008278998374523429, -0.00031745289553157107]",-0.011476310596792879,-2.1345937710034755,186.0,0.9999999999974135
"[-0.001277099796909489, -0.0012652364774039496, -0.0012556518112875658, -0.001244121517486423, -0.0011757042527834678, -0.0010995146048815851, -0.0009776154364131407, -0.0008370268169842951, -0.00032543391078664464]",-0.011476310596792879,-2.1460700816002682,187.0,0.9999999999937765
"[-0.0012878214742767498, -0.001277099796909489, -0.0012652364774039496, -0.0012509070342658927, -0.001198671435708738, -0.001099604677978763, -0.0009728605689155953, -0.0008443195793437354, -0.00033901268423999477]",-0.011476310596792879,-2.1575463921970615,188.0,0.9999999999564183
"[-0.001301544518366395, -0.0012878214742767498, -0.001277099796909489, -0.0012556518112875658, -0.001221574320224429, -0.0010972829401621324, -0.0009764886322918997, -0.0008588340673078343, -0.00036248626970358257]",-0.011476310596792879,-2.1690227027938542,189.0,0.9999999999874518
"[-0.001322168897878158, -0.001301544518366395, -0.0012878214742767498, -0.0012652364774039496, -0.0012398169124934043, -0.0011021656731247593, -0.0009872470158144285, -0.0008781388042712472, -0.0003757590489011005]",-0.011476310596792879,-2.180499013390647,190.0,0.999999999996593
"[-0.0013365937254126367, -0.001322168897878158, -0.001301544518366395, -0.001277099796909489, -0.001244121517486423, -0.0011117531868237343, -0.0009992079651452385, -0.0008802463186590206, -0.00039256598425069467]",-0.011476310596792879,-2.1919753239874398,191.0,0.9999999999972233
"[-0.0013446585695080435, -0.0013365937254126367, -0.001322168897878158, -0.0012878214742767498, -0.0012509070342658927, -0.0011365871107148515, -0.0010013831610151374, -0.0008803636793667574, -0.0003968384019306419]",-0.011476310596792879,-2.2034516345842325,192.0,0.9999999999993546
"[-0.0013506728397051407, -0.0013446585695080435, -0.0013365937254126367, -0.001301544518366395, -0.0012556518112875658, -0.0011470045298519384, -0.0010133361402358619, -0.0008805456088795052, -0.0004005457823880345]",-0.011476310596792879,-2.2149279451810258,193.0,0.9999999999991702
"[-0.00135008674487843, -0.0013506728397051407, -0.0013446585695080435, -0.001322168897878158, -0.0012652364774039496, -0.0011578724657093158, -0.0010278836563911513, -0.0008798475035779001, -0.0004131456637713755]",-0.011476310596792879,-2.2264042557778185,194.0,0.9999999999994283
"[-0.0013509248413316932, -0.00135008674487843, -0.0013506728397051407, -0.0013365937254126367, -0.001277099796909489, -0.0011757042527834678, -0.0010434696845966923, -0.0008786050937707115, -0.00043293175164434193]",-0.011476310596792879,-2.2378805663746113,195.0,0.9999999999996848
"[-0.0013514410755885876, -0.0013509248413316932, -0.00135008674487843, -0.0013446585695080435, -0.0012878214742767498, -0.001198671435708738, -0.001058533755924305, -0.0008825396898556778, -0.0004526944464098462]",-0.011476310596792879,-2.249356876971404,196.0,0.9999999999996458
"[-0.001348155877091039, -0.0013514410755885876, -0.0013509248413316932, -0.0013506728397051407, -0.001301544518366395, -0.001221574320224429, -0.001071682743697378, -0.0008984800766750326, -0.000467205328556069]",-0.011476310596792879,-2.2608331875681973,197.0,0.9999999999997736
"[-0.0013459068057144641, -0.001348155877091039, -0.0013514410755885876, -0.00135008674487843, -0.001322168897878158, -0.0012398169124934043, -0.0010832015405827207, -0.0009073783682016735, -0.00048597016051276927]",-0.011476310596792879,-2.27230949816499,198.0,0.9999999999996126
"[-0.0013400554230692506, -0.0013459068057144641, -0.001348155877091039, -0.0013509248413316932, -0.0013365937254126367, -0.001244121517486423, -0.0010884321541352279, -0.0009193132309778076, -0.0004938996180463548]",-0.011476310596792879,-2.283785808761783,199.0,0.9999999999986467
"[-0.0013404958332966855, -0.0013400554230692506, -0.0013459068057144641, -0.0013514410755885876, -0.0013446585695080435, -0.0012509070342658927, -0.0010940945254147504, -0.000927835602588565, -0.0005089263209675651]",-0.011476310596792879,-2.2952621193585756,200.0,0.9999999999827877
"[-0.001348706905080077, -0.0013404958332966855, -0.0013400554230692506, -0.001348155877091039, -0.0013506728397051407, -0.0012556518112875658, -0.0011026712136407166, -0.0009358179362088238, -0.0005301625309475577]",-0.011476310596792879,-2.306738429955369,201.0,0.999999999978795
"[-0.0013658503857414764, -0.001348706905080077, -0.0013404958332966855, -0.0013459068057144641, -0.00135008674487843, -0.0012652364774039496, -0.0011036836491873639, -0.0009355188717595727, -0.0005505685111847293]",-0.011476310596792879,-2.3182147405521616,202.0,0.999999999999086
"[-0.001381361657727452, -0.0013658503857414764, -0.001348706905080077, -0.0013400554230692506, -0.0013509248413316932, -0.001277099796909489, -0.0010995146048815851, -0.0009426693574125617, -0.0005709658666674838]",-0.011476310596792879,-2.3296910511489544,203.0,0.9999999999996207
"[-0.0013830091406523892, -0.001381361657727452, -0.0013658503857414764, -0.0013404958332966855, -0.0013514410755885876, -0.0012878214742767498, -0.001099604677978763, -0.000943929266638999, -0.0005850562324798394]",-0.011476310596792879,-2.341167361745747,204.0,0.9999999999988587
"[-0.001379053614442838, -0.0013830091406523892, -0.001381361657727452, -0.001348706905080077, -0.001348155877091039, -0.001301544518366395, -0.0010972829401621324, -0.0009441003870585115, -0.0005915124080238696]",-0.011476310596792879,-2.3526436723425403,205.0,0.9999999999994367
"[-0.0013807769701422662, -0.001379053614442838, -0.0013830091406523892, -0.0013658503857414764, -0.0013459068057144641, -0.001322168897878158, -0.0011021656731247593, -0.0009460636478446313, -0.0005963696380242093]",-0.011476310596792879,-2.364119982939333,206.0,0.9999999999956986
"[-0.0013798318445913083, -0.0013807769701422662, -0.001379053614442838, -0.001381361657727452, -0.0013400554230692506, -0.0013365937254126367, -0.0011117531868237343, -0.0009505735504902627, -0.0006048238512389708]",-0.011476310596792879,-2.375596293536126,207.0,0.9999999999993072
"[-0.0013893732263908136, -0.0013798318445913083, -0.0013807769701422662, -0.0013830091406523892, -0.0013404958332966855, -0.0013446585695080435, -0.0011365871107148515, -0.0009476196122770375, -0.0006084072093180534]",-0.011476310596792879,-2.3870726041329187,208.0,0.9999999999957538
"[-0.0013914520327294156, -0.0013893732263908136, -0.0013798318445913083, -0.001379053614442838, -0.001348706905080077, -0.0013506728397051407, -0.0011470045298519384, -0.0009476775733597422, -0.0006213851988334103]",-0.011476310596792879,-2.398548914729712,209.0,0.99999999999499
"[-0.001403177975887406, -0.0013914520327294156, -0.0013893732263908136, -0.0013807769701422662, -0.0013658503857414764, -0.00135008674487843, -0.0011578724657093158, -0.0009483979005666754, -0.0006303754480933686]",-0.011476310596792879,-2.4100252253265046,210.0,0.9999999999994698
"[-0.0014139869093812867, -0.001403177975887406, -0.0013914520327294156, -0.0013798318445913083, -0.001381361657727452, -0.0013509248413316932, -0.0011757042527834678, -0.0009434880204973762, -0.0006322721300224284]",-0.011476310596792879,-2.4215015359232974,211.0,0.9999999999983041
"[-0.00141164315823191, -0.0014139869093812867, -0.001403177975887406, -0.0013893732263908136, -0.0013830091406523892, -0.0013514410755885876, -0.001198671435708738, -0.0009473833737437459, -0.0006338996288531248]",-0.011476310596792879,-2.43297784652009,212.0,0.9999999999915548
"[-0.00141308054213034, -0.00141164315823191, -0.0014139869093812867, -0.0013914520327294156, -0.001379053614442838, -0.001348155877091039, -0.001221574320224429, -0.0009444077008891172, -0.0006470084083254055]",-0.011476310596792879,-2.4444541571168834,213.0,0.9999999999058349
"[-0.0014208685320010056, -0.00141308054213034, -0.00141164315823191, -0.001403177975887406, -0.0013807769701422662, -0.0013459068057144641, -0.0012398169124934043, -0.0009483814863196349, -0.0006620327675784551]",-0.011476310596792879,-2.455930467713676,214.0,0.9999999348937516
"[-0.001435560503564524, -0.0014208685320010056, -0.00141308054213034, -0.0014139869093812867, -0.0013798318445913083, -0.0013400554230692506, -0.001244121517486423, -0.0009596270687334587, -0.0006679236469223613]",-0.011476310596792879,-2.467406778310469,215.0,0.9999999999499334
"[-0.0014648432731645918, -0.001435560503564524, -0.0014208685320010056, -0.00141164315823191, -0.0013893732263908136, -0.0013404958332966855, -0.0012509070342658927, -0.0009657462642947852, -0.0006775803264996729]",-0.011476310596792879,-2.4788830889072617,216.0,0.9999999999939828
"[-0.0014775535394377414, -0.0014648432731645918, -0.001435560503564524, -0.00141308054213034, -0.0013914520327294156, -0.001348706905080077, -0.0012556518112875658, -0.0009761705964630314, -0.0006838280690538956]",-0.011476310596792879,-2.490359399504055,217.0,0.9999999999950768
"[-0.0014821855795792305, -0.0014775535394377414, -0.0014648432731645918, -0.0014208685320010056, -0.001403177975887406, -0.0013658503857414764, -0.0012652364774039496, -0.0009848671968980484, -0.0006867601046981053]",-0.011476310596792879,-2.5018357101008477,218.0,0.9999999999988731
"[-0.0014868663832573192, -0.0014821855795792305, -0.0014775535394377414, -0.001435560503564524, -0.0014139869093812867, -0.001381361657727452, -0.001277099796909489, -0.0009776154364131407, -0.0006989921355633792]",-0.011476310596792879,-2.5133120206976405,219.0,0.9999999999979585
"[-0.0014867245179467801, -0.0014868663832573192, -0.0014821855795792305, -0.0014648432731645918, -0.00141164315823191, -0.0013830091406523892, -0.0012878214742767498, -0.0009728605689155953, -0.0007080311787256037]",-0.011476310596792879,-2.5247883312944333,220.0,0.9999999999983217
"[-0.001489610507118489, -0.0014867245179467801, -0.0014868663832573192, -0.0014775535394377414, -0.00141308054213034, -0.001379053614442838, -0.001301544518366395, -0.0009764886322918997, -0.0007174685453112295]",-0.011476310596792879,-2.5362646418912265,221.0,0.9999999999953438
"[-0.001490448034454175, -0.001489610507118489, -0.0014867245179467801, -0.0014821855795792305, -0.0014208685320010056, -0.0013807769701422662, -0.001322168897878158, -0.0009872470158144285, -0.0007140625239302395]",-0.011476310596792879,-2.5477409524880192,222.0,0.9999999999738874
"[-0.0014952789339324891, -0.001490448034454175, -0.001489610507118489, -0.0014868663832573192, -0.001435560503564524, -0.0013798318445913083, -0.0013365937254126367, -0.0009992079651452385, -0.000723095209864498]",-0.011476310596792879,-2.559217263084812,223.0,0.9999999999724085
"[-0.0015038866941553325, -0.0014952789339324891, -0.001490448034454175, -0.0014867245179467801, -0.0014648432731645918, -0.0013893732263908136, -0.0013446585695080435, -0.0010013831610151374, -0.0007174011603310116]",-0.011476310596792879,-2.570693573681605,224.0,0.9999999998767554
"[-0.0015123840167977206, -0.0015038866941553325, -0.0014952789339324891, -0.001489610507118489, -0.0014775535394377414, -0.0013914520327294156, -0.0013506728397051407, -0.0010133361402358619, -0.0007243449544408819]",-0.011476310596792879,-2.5821698842783976,225.0,0.9999999997929238
"[-0.001525335522161274, -0.0015123840167977206, -0.0015038866941553325, -0.001490448034454175, -0.0014821855795792305, -0.001403177975887406, -0.00135008674487843, -0.0010278836563911513, -0.0007314385998163522]",-0.011476310596792879,-2.5936461948751908,226.0,0.999999999046519
"[-0.001539177124795736, -0.001525335522161274, -0.0015123840167977206, -0.0014952789339324891, -0.0014868663832573192, -0.0014139869093812867, -0.0013509248413316932, -0.0010434696845966923, -0.0007439728069820155]",-0.011476310596792879,-2.6051225054719835,227.0,0.9999999896504288
"[-0.0015571456794486204, -0.001539177124795736, -0.001525335522161274, -0.0015038866941553325, -0.0014867245179467801, -0.00141164315823191, -0.0013514410755885876, -0.001058533755924305, -0.0007519240300155289]",-0.011476310596792879,-2.6165988160687763,228.0,0.9999999889856169
"[-0.0015794854999920227, -0.0015571456794486204, -0.001539177124795736, -0.0015123840167977206, -0.001489610507118489, -0.00141308054213034, -0.001348155877091039, -0.001071682743697378, -0.0007712301740038514]",-0.011476310596792879,-2.628075126665569,229.0,0.9999999949838091
"[-0.0015981284041351688, -0.0015794854999920227, -0.0015571456794486204, -0.001525335522161274, -0.001490448034454175, -0.0014208685320010056, -0.0013459068057144641, -0.0010832015405827207, -0.0007925132196699795]",-0.011476310596792879,-2.6395514372623623,230.0,0.999999997899379
"[-0.0016132618924307918, -0.0015981284041351688, -0.0015794854999920227, -0.001539177124795736, -0.0014952789339324891, -0.001435560503564524, -0.0013400554230692506, -0.0010884321541352279, -0.0008023025542465059]",-0.011476310596792879,-2.651027747859155,231.0,0.9999999998810746
"[-0.0016263523142675312, -0.0016132618924307918, -0.0015981284041351688, -0.0015571456794486204, -0.0015038866941553325, -0.0014648432731645918, -0.0013404958332966855, -0.0010940945254147504, -0.0008064142534727211]",-0.011476310596792879,-2.662504058455948,232.0,0.9999999994640573
"[-0.001632406959854131, -0.0016263523142675312, -0.0016132618924307918, -0.0015794854999920227, -0.0015123840167977206, -0.0014775535394377414, -0.001348706905080077, -0.0011026712136407166, -0.0007898633153139668]",-0.011476310596792879,-2.6739803690527406,233.0,0.9999999999481722
"[-0.001638736379251521, -0.001632406959854131, -0.0016263523142675312, -0.0015981284041351688, -0.001525335522161274, -0.0014821855795792305, -0.0013658503857414764, -0.0011036836491873639, -0.0007674104912657608]",-0.011476310596792879,-2.685456679649534,234.0,0.9999999999877355
"[-0.0016388803460330047, -0.001638736379251521, -0.001632406959854131, -0.0016132618924307918, -0.001539177124795736, -0.0014868663832573192, -0.001381361657727452, -0.0010995146048815851, -0.0007538622511880446]",-0.011476310596792879,-2.6969329902463266,235.0,0.9999999999387678
"[-0.0016375077145557816, -0.0016388803460330047, -0.001638736379251521, -0.0016263523142675312, -0.0015571456794486204, -0.0014867245179467801, -0.0013830091406523892, -0.001099604677978763, -0.0007460344264698206]",-0.011476310596792879,-2.7084093008431194,236.0,0.9999999998088172
"[-0.0016451235527402532, -0.0016375077145557816, -0.0016388803460330047, -0.001632406959854131, -0.0015794854999920227, -0.001489610507118489, -0.001379053614442838, -0.0010972829401621324, -0.000749532737738869]",-0.011476310596792879,-2.719885611439912,237.0,0.9999999991231143
"[-0.0016538319653463837, -0.0016451235527402532, -0.0016375077145557816, -0.001638736379251521, -0.0015981284041351688, -0.001490448034454175, -0.0013807769701422662, -0.0011021656731247593, -0.000754770681230573]",-0.011476310596792879,-2.7313619220367054,238.0,0.9999999999204532
"[-0.0016670283610497572, -0.0016538319653463837, -0.0016451235527402532, -0.0016388803460330047, -0.0016132618924307918, -0.0014952789339324891, -0.0013798318445913083, -0.0011117531868237343, -0.0007657018514741968]",-0.011476310596792879,-2.742838232633498,239.0,0.9999999999523541
"[-0.0016718594480418078, -0.0016670283610497572, -0.0016538319653463837, -0.0016375077145557816, -0.0016263523142675312, -0.0015038866941553325, -0.0013893732263908136, -0.0011365871107148515, -0.000779055222995505]",-0.011476310596792879,-2.754314543230291,240.0,0.9999999999578217
"[-0.001673320063013595, -0.0016718594480418078, -0.0016670283610497572, -0.0016451235527402532, -0.001632406959854131, -0.0015123840167977206, -0.0013914520327294156, -0.0011470045298519384, -0.0007842153695248951]",-0.011476310596792879,-2.7657908538270837,241.0,0.9999999999947067
"[-0.0016753691685819543, -0.001673320063013595, -0.0016718594480418078, -0.0016538319653463837, -0.001638736379251521, -0.001525335522161274, -0.001403177975887406, -0.0011578724657093158, -0.0007915670495085537]",-0.011476310596792879,-2.777267164423877,242.0,0.9999999999947623
"[-0.0016698334753357585, -0.0016753691685819543, -0.001673320063013595, -0.0016670283610497572, -0.0016388803460330047, -0.001539177124795736, -0.0014139869093812867, -0.0011757042527834678, -0.000793082275643086]",-0.011476310596792879,-2.7887434750206697,243.0,0.999999999994057
"[-0.0016616392405648219, -0.0016698334753357585, -0.0016753691685819543, -0.0016718594480418078, -0.0016375077145557816, -0.0015571456794486204, -0.00141164315823191, -0.001198671435708738, -0.0007897758448411969]",-0.011476310596792879,-2.8002197856174624,244.0,0.9999999999973617
"[-0.0016522353013245514, -0.0016616392405648219, -0.0016698334753357585, -0.001673320063013595, -0.0016451235527402532, -0.0015794854999920227, -0.00141308054213034, -0.001221574320224429, -0.0007967335184891801]",-0.011476310596792879,-2.811696096214255,245.0,0.9999999999987423
"[-0.0016378356665573935, -0.0016522353013245514, -0.0016616392405648219, -0.0016753691685819543, -0.0016538319653463837, -0.0015981284041351688, -0.0014208685320010056, -0.0012398169124934043, -0.0007984757422998725]",-0.011476310596792879,-2.8231724068110484,246.0,0.999999999998659
"[-0.0016210509893537024, -0.0016378356665573935, -0.0016522353013245514, -0.0016698334753357585, -0.0016670283610497572, -0.0016132618924307918, -0.001435560503564524, -0.001244121517486423, -0.0007946274590459116]",-0.011476310596792879,-2.834648717407841,247.0,0.9999999999994332
"[-0.001606040434306228, -0.0016210509893537024, -0.0016378356665573935, -0.0016616392405648219, -0.0016718594480418078, -0.0016263523142675312, -0.0014648432731645918, -0.0012509070342658927, -0.0008041944092695583]",-0.011476310596792879,-2.846125028004634,248.0,0.999999999999103
"[-0.001593251441662182, -0.001606040434306228, -0.0016210509893537024, -0.0016522353013245514, -0.001673320063013595, -0.001632406959854131, -0.0014775535394377414, -0.0012556518112875658, -0.0008136502428632274]",-0.011476310596792879,-2.8576013386014267,249.0,0.9999999999994703
"[-0.0015854293038581966, -0.001593251441662182, -0.001606040434306228, -0.0016378356665573935, -0.0016753691685819543, -0.001638736379251521, -0.0014821855795792305, -0.0012652364774039496, -0.0008278998374523429]",-0.011476310596792879,-2.86907764919822,250.0,0.9999999999996526
"[-0.0015738579796760659, -0.0015854293038581966, -0.001593251441662182, -0.0016210509893537024, -0.0016698334753357585, -0.0016388803460330047, -0.0014868663832573192, -0.001277099796909489, -0.0008370268169842951]",-0.011476310596792879,-2.8805539597950127,251.0,0.9999999999994786
"[-0.001556775390688141, -0.0015738579796760659, -0.0015854293038581966, -0.001606040434306228, -0.0016616392405648219, -0.0016375077145557816, -0.0014867245179467801, -0.0012878214742767498, -0.0008443195793437354]",-0.011476310596792879,-2.8920302703918055,252.0,0.9999999999992611
"[-0.0015414603214171725, -0.001556775390688141, -0.0015738579796760659, -0.001593251441662182, -0.0016522353013245514, -0.0016451235527402532, -0.001489610507118489, -0.001301544518366395, -0.0008588340673078343]",-0.011476310596792879,-2.9035065809885983,253.0,0.999999999999138
"[-0.0015283786711405417, -0.0015414603214171725, -0.001556775390688141, -0.0015854293038581966, -0.0016378356665573935, -0.0016538319653463837, -0.001490448034454175, -0.001322168897878158, -0.0008781388042712472]",-0.011476310596792879,-2.9149828915853915,254.0,0.9999999999994924
"[-0.0015169742495278638, -0.0015283786711405417, -0.0015414603214171725, -0.0015738579796760659, -0.0016210509893537024, -0.0016670283610497572, -0.0014952789339324891, -0.0013365937254126367, -0.0008802463186590206]",-0.011476310596792879,-2.9264592021821842,255.0,0.9999999999996192
"[-0.001502734723117434, -0.0015169742495278638, -0.0015283786711405417, -0.001556775390688141, -0.001606040434306228, -0.0016718594480418078, -0.0015038866941553325, -0.0013446585695080435, -0.0008803636793667574]",-0.011476310596792879,-2.937935512778977,256.0,0.9999999999994212
"[-0.0014848461041471063, -0.001502734723117434, -0.0015169742495278638, -0.0015414603214171725, -0.001593251441662182, -0.001673320063013595, -0.0015123840167977206, -0.0013506728397051407, -0.0008805456088795052]",-0.011476310596792879,-2.94941182337577,257.0,0.9999999999991337
"[-0.0014699063352294488, -0.0014848461041471063, -0.001502734723117434, -0.0015283786711405417, -0.0015854293038581966, -0.0016753691685819543, -0.001525335522161274, -0.00135008674487843, -0.0008798475035779001]",-0.011476310596792879,-2.9608881339725626,258.0,0.9999999999994592
"[-1.5190910267854821e-05, -9.435134661677305e-06, -1.2921107033668231e-05, 4.109277081324501e-06, 2.4730246947323107e-05, 4.5500678719996175e-05, 5.0828442143989697e-05, 6.622352562293802e-05, -0.00013168928441451195]",0.0,0.0,0.0,0.0
"[-9.12116635505351e-06, -1.5190910267854821e-05, -9.435134661677305e-06, -9.450114766425795e-07, 1.9593924689589378e-05, 3.2867336682480664e-05, 3.982677631406368e-05, 6.127089806878744e-05, -0.00012397425016973847]",0.0,0.0,0.0,0.0
"[-7.108147171986175e-06, -9.12116635505351e-06, -1.5190910267854821e-05, -1.2921107033668231e-05, 1.77604993821047e-05, 3.824680775308576e-05, 4.780244129936135e-05, 5.318767969918428e-05, -0.00011346972793803555]",0.0,0.0,0.0,0.0
"[-3.3712664363347504e-06, -7.108147171986175e-06, -9.12116635505351e-06, -9.435134661677305e-06, 1.0707631340560984e-05, 4.1840722285478964e-05, 5.752034566755342e-05, 4.312461970498385e-05, -0.00011580217932928574]",0.0,0.0,0.0,0.0
"[5.676768993575058e-07, -3.3712664363347504e-06, -7.108147171986175e-06, -1.5190910267854821e-05, 4.109277081324501e-06, 3.477380413165899e-05, 5.912599875027424e-05, 3.6226377713782033e-05, -0.00012060901321621287]",0.0,0.0,0.0,0.0
"[1.835272772393917e-06, 5.676768993575058e-07, -3.3712664363347504e-06, -9.12116635505351e-06, -9.450114766425795e-07, 3.311403469462163e-05, 7.003497522874796e-05, 2.066222184824413e-05, -0.00012549641897389492]",0.0,0.0,0.0,0.0
"[3.6623560796011138e-06, 1.835272772393917e-06, 5.676768993575058e-07, -7.108147171986175e-06, -1.2921107033668231e-05, 2.982623878734758e-05, 7.783399371126391e-05, 1.5635312245282217e-05, -0.00012943257701600094]",0.0,0.0,0.0,0.0
"[2.4695626849087204e-06, 3.6623560796011138e-06, 1.835272772393917e-06, -3.3712664363347504e-06, -9.435134661677305e-06, 2.6165020991769644e-05, 7.732843785710108e-05, 9.186703459114547e-06, -0.00013376180215984913]",0.0,0.0,0.0,0.0
"[7.122796960869359e-06, 2.4695626849087204e-06, 3.6623560796011138e-06, 5.676768993575058e-07, -1.5190910267854821e-05, 2.4730246947323107e-05, 7.40522471949193e-05, 1.6026242556476022e-05, -0.00014050983329191445]",0.0,0.0,0.0,0.0
"[6.570601573310181e-06, 7.122796960869359e-06, 2.4695626849087204e-06, 1.835272772393917e-06, -9.12116635505351e-06, 1.9593924689589378e-05, 8.587383733883497e-05, 2.9984939498648772e-05, -0.0001442637619991774]",0.0,0.0,0.0,0.0
"[3.98126311682494e-06, 6.570601573310181e-06, 7.122796960869359e-06, 3.6623560796011138e-06, -7.108147171986175e-06, 1.77604993821047e-05, 9.628723818319769e-05, 4.287075425242868e-05, -0.00014777455314750172]",0.0,0.0,0.0,0.0
"[9.02093646271626e-06, 3.98126311682494e-06, 6.570601573310181e-06, 2.4695626849087204e-06, -3.3712664363347504e-06, 1.0707631340560984e-05, 9.36751769554046e-05, 3.8049644638331825e-05, -0.00014836517608546144]",0.0,0.0,0.0,0.0
"[1.0275728646193179e-05, 9.02093646271626e-06, 3.98126311682494e-06, 7.122796960869359e-06, 5.676768993575058e-07, 4.109277081324501e-06, 7.914516518904586e-05, 3.7447805719325855e-05, -0.00015521037255663783]",0.0,0.0,0.0,0.0
"[1.650596037285981e-05, 1.0275728646193179e-05, 9.02093646271626e-06, 6.570601573310181e-06, 1.835272772393917e-06, -9.450114766425795e-07, 7.263365060874389e-05, 3.9087102735476925e-05, -0.00015494923773634624]",0.0,0.0,0.0,0.0
"[2.0591634797785802e-05, 1.650596037285981e-05, 1.0275728646193179e-05, 3.98126311682494e-06, 3.6623560796011138e-06, -1.2921107033668231e-05, 6.14163173911418e-05, 4.504069091051168e-05, -0.00015508901453592115]",0.0,0.0,0.0,0.0
"[3.23714327933357e-05, 2.0591634797785802e-05, 1.650596037285981e-05, 9.02093646271626e-06, 2.4695626849087204e-06, -9.435134661677305e-06, 5.312835421994795e-05, 4.793433240358457e-05, -0.00014532083335539763]",0.0,0.0,0.0,0.0
"[2.797826523657613e-05, 3.23714327933357e-05, 2.0591634797785802e-05, 1.0275728646193179e-05, 7.122796960869359e-06, -1.5190910267854821e-05, 4.5500678719996175e-05, 5.848536287624467e-05, -0.00014148195442072677]",0.0,0.0,0.0,0.0
"[2.2513263673544312e-05, 2.797826523657613e-05, 3.23714327933357e-05, 1.650596037285981e-05, 6.570601573310181e-06, -9.12116635505351e-06, 3.2867336682480664e-05, 6.235635207434031e-05, -0.00013084027264863692]",0.0,0.0,0.0,0.0
"[1.9241578374960664e-05, 2.2513263673544312e-05, 2.797826523657613e-05, 2.0591634797785802e-05, 3.98126311682494e-06, -7.108147171986175e-06, 3.824680775308576e-05, 6.893130033563639e-05, -0.00011992514332717691]",0.0,0.0,0.0,0.0
"[2.2605053000658507e-05, 1.9241578374960664e-05, 2.2513263673544312e-05, 3.23714327933357e-05, 9.02093646271626e-06, -3.3712664363347504e-06, 4.1840722285478964e-05, 7.033295014622453e-05, -0.00010500790295070931]",0.0,0.0,0.0,0.0
"[3.1131943876253236e-05, 2.2605053000658507e-05, 1.9241578374960664e-05, 2.797826523657613e-05, 1.0275728646193179e-05, 5.676768993575058e-07, 3.477380413165899e-05, 7.59508471725257e-05, -9.709546968623125e-05]",0.0,0.0,0.0,0.0
"[3.1652529179605085e-05, 3.1131943876253236e-05, 2.2605053000658507e-05, 2.2513263673544312e-05, 1.650596037285981e-05, 1.835272772393917e-06, 3.311403469462163e-05, 7.065999738059313e-05, -8.518039036976007e-05]",0.0,0.0,0.0,0.0
"[2.09504277998964e-05, 3.1652529179605085e-05, 3.1131943876253236e-05, 1.9241578374960664e-05, 2.0591634797785802e-05, 3.6623560796011138e-06, 2.982623878734758e-05, 6.508876449640798e-05, -7.57140857932738e-05]",0.0,0.0,0.0,0.0
"[2.4928547559681545e-05, 2.09504277998964e-05, 3.1652529179605085e-05, 2.2605053000658507e-05, 3.23714327933357e-05, 2.4695626849087204e-06, 2.6165020991769644e-05, 6.166733194952645e-05, -6.677378266254932e-05]",0.0,0.0,0.0,0.0
"[2.5625006299224017e-05, 2.4928547559681545e-05, 2.09504277998964e-05, 3.1131943876253236e-05, 2.797826523657613e-05, 7.122796960869359e-06, 2.4730246947323107e-05, 6.369428956456113e-05, -6.95820722630946e-05]",0.0,0.0,0.0,0.0
"[2.7121726938358203e-05, 2.5625006299224017e-05, 2.4928547559681545e-05, 3.1652529179605085e-05, 2.2513263673544312e-05, 6.570601573310181e-06, 1.9593924689589378e-05, 5.914244574035722e-05, -6.744169382937959e-05]",0.0,0.0,0.0,0.0
"[2.7662382746556532e-05, 2.7121726938358203e-05, 2.5625006299224017e-05, 2.09504277998964e-05, 1.9241578374960664e-05, 3.98126311682494e-06, 1.77604993821047e-05, 5.8010161623296014e-05, -6.653146080986457e-05]",0.0,0.0,0.0,0.0
"[2.326557147233172e-05, 2.7662382746556532e-05, 2.7121726938358203e-05, 2.4928547559681545e-05, 2.2605053000658507e-05, 9.02093646271626e-06, 1.0707631340560984e-05, 5.4414919481724556e-05, -7.151986097452468e-05]",0.0,0.0,0.0,0.0
"[2.4298512765144486e-05, 2.326557147233172e-05, 2.7662382746556532e-05, 2.5625006299224017e-05, 3.1131943876253236e-05, 1.0275728646193179e-05, 4.109277081324501e-06, 4.3843762171904135e-05, -7.078839911950147e-05]",0.0,0.0,0.0,0.0
"[3.1081785001528695e-05, 2.4298512765144486e-05, 2.326557147233172e-05, 2.7121726938358203e-05, 3.1652529179605085e-05, 1.650596037285981e-05, -9.450114766425795e-07, 4.103896397139591e-05, -6.814925902406095e-05]",0.0,0.0,0.0,0.0
"[3.888284901367279e-05, 3.1081785001528695e-05, 2.4298512765144486e-05, 2.7662382746556532e-05, 2.09504277998964e-05, 2.0591634797785802e-05, -1.2921107033668231e-05, 4.12263996051073e-05, -6.059736252620255e-05]",0.0,0.0,0.0,0.0
"[4.091961441675555e-05, 3.888284901367279e-05, 3.1081785001528695e-05, 2.326557147233172e-05, 2.4928547559681545e-05, 3.23714327933357e-05, -9.435134661677305e-06, 4.1628519110469164e-05, -5.1599659626000114e-05]",0.0,0.0,0.0,0.0
"[4.680077936991635e-05, 4.091961441675555e-05, 3.888284901367279e-05, 2.4298512765144486e-05, 2.5625006299224017e-05, 2.797826523657613e-05, -1.5190910267854821e-05, 5.0828442143989697e-05, -3.690231290088624e-05]",0.0,0.0,0.0,0.0
"[5.75254574775309e-05, 4.680077936991635e-05, 4.091961441675555e-05, 3.1081785001528695e-05, 2.7121726938358203e-05, 2.2513263673544312e-05, -9.12116635505351e-06, 3.982677631406368e-05, -2.7262287126929482e-05]",0.0,0.0,0.0,0.0
"[5.625517414955996e-05, 5.75254574775309e-05, 4.680077936991635e-05, 3.888284901367279e-05, 2.7662382746556532e-05, 1.9241578374960664e-05, -7.108147171986175e-06, 4.780244129936135e-05, -2.408759243685156e-05]",0.0,0.0,0.0,0.0
"[4.763708337538929e-05, 5.625517414955996e-05, 5.75254574775309e-05, 4.091961441675555e-05, 2.326557147233172e-05, 2.2605053000658507e-05, -3.3712664363347504e-06, 5.752034566755342e-05, -1.6445119878925603e-05]",0.0,0.0,0.0,0.0
"[4.2740144994420334e-05, 4.763708337538929e-05, 5.625517414955996e-05, 4.680077936991635e-05, 2.4298512765144486e-05, 3.1131943876253236e-05, 5.676768993575058e-07, 5.912599875027424e-05, 3.1969306597006184e-06]",0.0,0.0,0.0,0.0
"[2.1674914815157634e-05, 4.2740144994420334e-05, 4.763708337538929e-05, 5.75254574775309e-05, 3.1081785001528695e-05, 3.1652529179605085e-05, 1.835272772393917e-06, 7.003497522874796e-05, 1.2747962102504875e-05]",0.0,0.0,0.0,0.0
"[4.716907201123438e-06, 2.1674914815157634e-05, 4.2740144994420334e-05, 5.625517414955996e-05, 3.888284901367279e-05, 2.09504277998964e-05, 3.6623560796011138e-06, 7.783399371126391e-05, 1.3370807188395215e-05]",0.0,0.0,0.0,0.0
"[-1.6707065646531415e-05, 4.716907201123438e-06, 2.1674914815157634e-05, 4.763708337538929e-05, 4.091961441675555e-05, 2.4928547559681545e-05, 2.4695626849087204e-06, 7.732843785710108e-05, 8.953483307633939e-06]",0.0,0.0,0.0,0.0
"[-1.9761272227195114e-05, -1.6707065646531415e-05, 4.716907201123438e-06, 4.2740144994420334e-05, 4.680077936991635e-05, 2.5625006299224017e-05, 7.122796960869359e-06, 7.40522471949193e-05, 1.6542508255042635e-06]",0.0,0.0,0.0,0.0
"[-1.6393778868424783e-05, -1.9761272227195114e-05, -1.6707065646531415e-05, 2.1674914815157634e-05, 5.75254574775309e-05, 2.7121726938358203e-05, 6.570601573310181e-06, 8.587383733883497e-05, -4.388093827746164e-06]",0.0,0.0,0.0,0.0
"[-1.689751517527554e-05, -1.6393778868424783e-05, -1.9761272227195114e-05, 4.716907201123438e-06, 5.625517414955996e-05, 2.7662382746556532e-05, 3.98126311682494e-06, 9.628723818319769e-05, -1.0380952490574545e-05]",0.0,0.0,0.0,0.0
"[-2.0779862298446957e-05, -1.689751517527554e-05, -1.6393778868424783e-05, -1.6707065646531415e-05, 4.763708337538929e-05, 2.326557147233172e-05, 9.02093646271626e-06, 9.36751769554046e-05, -2.228375191923786e-05]",0.0,0.0,0.0,0.0
"[-1.4069015344954013e-05, -2.0779862298446957e-05, -1.689751517527554e-05, -1.9761272227195114e-05, 4.2740144994420334e-05, 2.4298512765144486e-05, 1.0275728646193179e-05, 7.914516518904586e-05, -3.602618214851037e-05]",0.0,0.0,0.0,0.0
"[-1.0674873088213028e-05, -1.4069015344954013e-05, -2.0779862298446957e-05, -1.6393778868424783e-05, 2.1674914815157634e-05, 3.1081785001528695e-05, 1.650596037285981e-05, 7.263365060874389e-05, -3.851186938054996e-05]",0.0,0.0,0.0,0.0
"[-5.523596747519527e-06, -1.0674873088213028e-05, -1.4069015344954013e-05, -1.689751517527554e-05, 4.716907201123438e-06, 3.888284901367279e-05, 2.0591634797785802e-05, 6.14163173911418e-05, -4.677970879979186e-05]",0.0,0.0,0.0,0.0
"[-7.159384129081485e-06, -5.523596747519527e-06, -1.0674873088213028e-05, -2.0779862298446957e-05, -1.6707065646531415e-05, 4.091961441675555e-05, 3.23714327933357e-05, 5.312835421994795e-05, -4.6264700821165826e-05]",0.0,0.0,0.0,0.0
"[-1.0022147243576354e-05, -7.159384129081485e-06, -5.523596747519527e-06, -1.4069015344954013e-05, -1.9761272227195114e-05, 4.680077936991635e-05, 2.797826523657613e-05, 4.5500678719996175e-05, -4.789020899331421e-05]",0.0,0.0,0.0,0.0
"[-5.700806197941152e-06, -1.0022147243576354e-05, -7.159384129081485e-06, -1.0674873088213028e-05, -1.6393778868424783e-05, 5.75254574775309e-05, 2.2513263673544312e-05, 3.2867336682480664e-05, -4.044731555315733e-05]",0.007145239796813623,0.0,0.0,0.0020320066142398194
"[1.845205032560686e-06, -5.700806197941152e-06, -1.0022147243576354e-05, -5.523596747519527e-06, -1.689751517527554e-05, 5.625517414955996e-05, 1.9241578374960664e-05, 3.824680775308576e-05, -3.353934950191503e-05]",0.007145239796813623,0.007145239796813623,1.0,0.002089900267810781
"[8.146129247625262e-06, 1.845205032560686e-06, -5.700806197941152e-06, -7.159384129081485e-06, -2.0779862298446957e-05, 4.763708337538929e-05, 2.2605053000658507e-05, 4.1840722285478964e-05, -1.782942213721575e-05]",0.007145239796813623,0.014290479593627246,2.0,0.0021863484177897384
"[1.795550122183104e-05, 8.146129247625262e-06, 1.845205032560686e-06, -1.0022147243576354e-05, -1.4069015344954013e-05, 4.2740144994420334e-05, 3.1131943876253236e-05, 3.477380413165899e-05, -2.6750416324717915e-06]",0.007145239796813623,0.02143571939044087,3.0,0.0021885462386259176
"[2.8559502550590784e-05, 1.795550122183104e-05, 8.146129247625262e-06, -5.700806197941152e-06, -1.0674873088213028e-05, 2.1674914815157634e-05, 3.1652529179605085e-05, 3.311403469462163e-05, 8.6067561004497e-06]",0.007145239796813623,0.028580959187254493,4.0,0.002284532809075142
"[3.0127075293721346e-05, 2.8559502550590784e-05, 1.795550122183104e-05, 1.845205032560686e-06, -5.523596747519527e-06, 4.716907201123438e-06, 2.09504277998964e-05, 2.982623878734758e-05, 6.234217424027128e-06]",0.007145239796813623,0.03572619898406812,5.0,0.002296408173247155
"[3.7324161494707395e-05, 3.0127075293721346e-05, 2.8559502550590784e-05, 8.146129247625262e-06, -7.159384129081485e-06, -1.6707065646531415e-05, 2.4928547559681545e-05, 2.6165020991769644e-05, 9.787790673990212e-06]",0.007145239796813623,0.04287143878088174,6.0,0.0024702091206041965
"[3.958758854216261e-05, 3.7324161494707395e-05, 3.0127075293721346e-05, 1.795550122183104e-05, -1.0022147243576354e-05, -1.9761272227195114e-05, 2.5625006299224017e-05, 2.4730246947323107e-05, 1.7303898275361087e-05]",0.007145239796813623,0.05001667857769536,7.0,0.002356632914573269
"[4.944203394801381e-05, 3.958758854216261e-05, 3.7324161494707395e-05, 2.8559502550590784e-05, -5.700806197941152e-06, -1.6393778868424783e-05, 2.7121726938358203e-05, 1.9593924689589378e-05, 2.264931649598654e-05]",0.007145239796813623,0.057161918374508985,8.0,0.0023951342507561144
"[4.6478498092984194e-05, 4.944203394801381e-05, 3.958758854216261e-05, 3.0127075293721346e-05, 1.845205032560686e-06, -1.689751517527554e-05, 2.7662382746556532e-05, 1.77604993821047e-05, 3.0483713272434923e-05]",0.007145239796813623,0.06430715817132261,9.0,0.002404804917900761
"[4.738668644017197e-05, 4.6478498092984194e-05, 4.944203394801381e-05, 3.7324161494707395e-05, 8.146129247625262e-06, -2.0779862298446957e-05, 2.326557147233172e-05, 1.0707631340560984e-05, 4.360397283856727e-05]",0.007145239796813623,0.07145239796813624,10.0,0.0021947824893216324
"[4.815031760617818e-05, 4.738668644017197e-05, 4.6478498092984194e-05, 3.958758854216261e-05, 1.795550122183104e-05, -1.4069015344954013e-05, 2.4298512765144486e-05, 4.109277081324501e-06, 4.5344934184526154e-05]",0.007145239796813623,0.07859763776494985,11.0,0.002225605165767541
"[3.772713094409087e-05, 4.815031760617818e-05, 4.738668644017197e-05, 4.944203394801381e-05, 2.8559502550590784e-05, -1.0674873088213028e-05, 3.1081785001528695e-05, -9.450114766425795e-07, 4.8941613925779054e-05]",0.007145239796813623,0.08574287756176348,12.0,0.0022623497496735223
"[3.5495599684919904e-05, 3.772713094409087e-05, 4.815031760617818e-05, 4.6478498092984194e-05, 3.0127075293721346e-05, -5.523596747519527e-06, 3.888284901367279e-05, -1.2921107033668231e-05, 5.882428840151471e-05]",0.007145239796813623,0.0928881173585771,13.0,0.0022968032305196477
"[3.708636697693485e-05, 3.5495599684919904e-05, 3.772713094409087e-05, 4.738668644017197e-05, 3.7324161494707395e-05, -7.159384129081485e-06, 4.091961441675555e-05, -9.435134661677305e-06, 6.357045165581716e-05]",0.007145239796813623,0.10003335715539072,14.0,0.002241360326369265
"[3.955704663057229e-05, 3.708636697693485e-05, 3.5495599684919904e-05, 4.815031760617818e-05, 3.958758854216261e-05, -1.0022147243576354e-05, 4.680077936991635e-05, -1.5190910267854821e-05, 6.622352562293802e-05]",0.007145239796813623,0.10717859695220434,15.0,0.002171241227793889
"[3.7034264715467054e-05, 3.955704663057229e-05, 3.708636697693485e-05, 3.772713094409087e-05, 4.944203394801381e-05, -5.700806197941152e-06, 5.75254574775309e-05, -9.12116635505351e-06, 6.127089806878744e-05]",0.007145239796813623,0.11432383674901797,16.0,0.0021020143894900224
"[3.163078469234714e-05, 3.7034264715467054e-05, 3.955704663057229e-05, 3.5495599684919904e-05, 4.6478498092984194e-05, 1.845205032560686e-06, 5.625517414955996e-05, -7.108147171986175e-06, 5.318767969918428e-05]",0.007145239796813623,0.1214690765458316,17.0,0.002018032222226167
"[2.424434341924559e-05, 3.163078469234714e-05, 3.7034264715467054e-05, 3.708636697693485e-05, 4.738668644017197e-05, 8.146129247625262e-06, 4.763708337538929e-05, -3.3712664363347504e-06, 4.312461970498385e-05]",0.007145239796813623,0.12861431634264522,18.0,0.001971386580343062
"[1.2422386981353706e-05, 2.424434341924559e-05, 3.163078469234714e-05, 3.955704663057229e-05, 4.815031760617818e-05, 1.795550122183104e-05, 4.2740144994420334e-05, 5.676768993575058e-07, 3.6226377713782033e-05]",0.007145239796813623,0.13575955613945884,19.0,0.001994706235473743
"[-4.528975960842734e-06, 1.2422386981353706e-05, 2.424434341924559e-05, 3.7034264715467054e-05, 3.772713094409087e-05, 2.8559502550590784e-05, 2.1674914815157634e-05, 1.835272772393917e-06, 2.066222184824413e-05]",0.007145239796813623,0.14290479593627248,20.0,0.002000131945187818
"[-9.988077962661853e-06, -4.528975960842734e-06, 1.2422386981353706e-05, 3.163078469234714e-05, 3.5495599684919904e-05, 3.0127075293721346e-05, 4.716907201123438e-06, 3.6623560796011138e-06, 1.5635312245282217e-05]",0.007145239796813623,0.1500500357330861,21.0,0.001989219713917622
"[-1.5472604898989026e-05, -9.988077962661853e-06, -4.528975960842734e-06, 2.424434341924559e-05, 3.708636697693485e-05, 3.7324161494707395e-05, -1.6707065646531415e-05, 2.4695626849087204e-06, 9.186703459114547e-06]",0.007145239796813623,0.1571952755298997,22.0,0.0019734741198884696
"[-1.4791705406502326e-05, -1.5472604898989026e-05, -9.988077962661853e-06, 1.2422386981353706e-05, 3.955704663057229e-05, 3.958758854216261e-05, -1.9761272227195114e-05, 7.122796960869359e-06, 1.6026242556476022e-05]",0.007145239796813623,0.16434051532671334,23.0,0.001996105501955892
"[-6.9536060805898405e-06, -1.4791705406502326e-05, -1.5472604898989026e-05, -4.528975960842734e-06, 3.7034264715467054e-05, 4.944203394801381e-05, -1.6393778868424783e-05, 6.570601573310181e-06, 2.9984939498648772e-05]",0.007145239796813623,0.17148575512352696,24.0,0.0020678263703641547
"[1.0133096783336732e-06, -6.9536060805898405e-06, -1.4791705406502326e-05, -9.988077962661853e-06, 3.163078469234714e-05, 4.6478498092984194e-05, -1.689751517527554e-05, 3.98126311682494e-06, 4.287075425242868e-05]",0.007145239796813623,0.17863099492034057,25.0,0.002125980976303953
"[1.616617859007858e-05, 1.0133096783336732e-06, -6.9536060805898405e-06, -1.5472604898989026e-05, 2.424434341924559e-05, 4.738668644017197e-05, -2.0779862298446957e-05, 9.02093646271626e-06, 3.8049644638331825e-05]",0.007145239796813623,0.1857762347171542,26.0,0.002260358593599129
"[2.2469975168939422e-05, 1.616617859007858e-05, 1.0133096783336732e-06, -1.4791705406502326e-05, 1.2422386981353706e-05, 4.815031760617818e-05, -1.4069015344954013e-05, 1.0275728646193179e-05, 3.7447805719325855e-05]",0.007145239796813623,0.19292147451396782,27.0,0.002254762598288968
"[3.454142551552843e-05, 2.2469975168939422e-05, 1.616617859007858e-05, -6.9536060805898405e-06, -4.528975960842734e-06, 3.772713094409087e-05, -1.0674873088213028e-05, 1.650596037285981e-05, 3.9087102735476925e-05]",0.007145239796813623,0.20006671431078143,28.0,0.002421662169423745
"[3.6499339534605554e-05, 3.454142551552843e-05, 2.2469975168939422e-05, 1.0133096783336732e-06, -9.988077962661853e-06, 3.5495599684919904e-05, -5.523596747519527e-06, 2.0591634797785802e-05, 4.504069091051168e-05]",0.007145239796813623,0.20721195410759508,29.0,0.002534547435634595
"[4.614679626851786e-05, 3.6499339534605554e-05, 3.454142551552843e-05, 1.616617859007858e-05, -1.5472604898989026e-05, 3.708636697693485e-05, -7.159384129081485e-06, 3.23714327933357e-05, 4.793433240358457e-05]",0.007145239796813623,0.2143571939044087,30.0,0.0024839528552921195
"[5.337961484916446e-05, 4.614679626851786e-05, 3.6499339534605554e-05, 2.2469975168939422e-05, -1.4791705406502326e-05, 3.955704663057229e-05, -1.0022147243576354e-05, 2.797826523657613e-05, 5.848536287624467e-05]",0.007145239796813623,0.22150243370122233,31.0,0.0025723799154931163
"[5.35214731233617e-05, 5.337961484916446e-05, 4.614679626851786e-05, 3.454142551552843e-05, -6.9536060805898405e-06, 3.7034264715467054e-05, -5.700806197941152e-06, 2.2513263673544312e-05, 6.235635207434031e-05]",0.007145239796813623,0.22864767349803594,32.0,0.002435946568963542
"[5.687902629916926e-05, 5.35214731233617e-05, 5.337961484916446e-05, 3.6499339534605554e-05, 1.0133096783336732e-06, 3.163078469234714e-05, 1.845205032560686e-06, 1.9241578374960664e-05, 6.893130033563639e-05]",0.007145239796813623,0.23579291329484955,33.0,0.0025813779155738816
"[5.277522025338204e-05, 5.687902629916926e-05, 5.35214731233617e-05, 4.614679626851786e-05, 1.616617859007858e-05, 2.424434341924559e-05, 8.146129247625262e-06, 2.2605053000658507e-05, 7.033295014622453e-05]",0.007145239796813623,0.2429381530916632,34.0,0.0027762674984634426
"[5.691214208512515e-05, 5.277522025338204e-05, 5.687902629916926e-05, 5.337961484916446e-05, 2.2469975168939422e-05, 1.2422386981353706e-05, 1.795550122183104e-05, 3.1131943876253236e-05, 7.59508471725257e-05]",0.007145239796813623,0.2500833928884768,35.0,0.0029074138717223885
"[6.475591979369723e-05, 5.691214208512515e-05, 5.277522025338204e-05, 5.35214731233617e-05, 3.454142551552843e-05, -4.528975960842734e-06, 2.8559502550590784e-05, 3.1652529179605085e-05, 7.065999738059313e-05]",0.007145239796813623,0.25722863268529045,36.0,0.0026790721146694478
"[7.078223835155337e-05, 6.475591979369723e-05, 5.691214208512515e-05, 5.687902629916926e-05, 3.6499339534605554e-05, -9.988077962661853e-06, 3.0127075293721346e-05, 2.09504277998964e-05, 6.508876449640798e-05]",0.007145239796813623,0.26437387248210403,37.0,0.0025047868099358443
"[6.627479090053335e-05, 7.078223835155337e-05, 6.475591979369723e-05, 5.277522025338204e-05, 4.614679626851786e-05, -1.5472604898989026e-05, 3.7324161494707395e-05, 2.4928547559681545e-05, 6.166733194952645e-05]",0.007145239796813623,0.2715191122789177,38.0,0.0025936071716317396
"[5.896341231666185e-05, 6.627479090053335e-05, 7.078223835155337e-05, 5.691214208512515e-05, 5.337961484916446e-05, -1.4791705406502326e-05, 3.958758854216261e-05, 2.5625006299224017e-05, 6.369428956456113e-05]",0.007145239796813623,0.2786643520757313,39.0,0.0028859955616969413
"[5.9339319642098416e-05, 5.896341231666185e-05, 6.627479090053335e-05, 6.475591979369723e-05, 5.35214731233617e-05, -6.9536060805898405e-06, 4.944203394801381e-05, 2.7121726938358203e-05, 5.914244574035722e-05]",0.007145239796813623,0.28580959187254495,40.0,0.0030327483401836482
"[6.864495220804873e-05, 5.9339319642098416e-05, 5.896341231666185e-05, 7.078223835155337e-05, 5.687902629916926e-05, 1.0133096783336732e-06, 4.6478498092984194e-05, 2.7662382746556532e-05, 5.8010161623296014e-05]",0.007145239796813623,0.29295483166935854,41.0,0.0031420494149211483
"[7.512924987507174e-05, 6.864495220804873e-05, 5.9339319642098416e-05, 6.627479090053335e-05, 5.277522025338204e-05, 1.616617859007858e-05, 4.738668644017197e-05, 2.326557147233172e-05, 5.4414919481724556e-05]",0.007145239796813623,0.3001000714661722,42.0,0.003148060238492631
"[7.96057930171957e-05, 7.512924987507174e-05, 6.864495220804873e-05, 5.896341231666185e-05, 5.691214208512515e-05, 2.2469975168939422e-05, 4.815031760617818e-05, 2.4298512765144486e-05, 4.3843762171904135e-05]",0.007145239796813623,0.3072453112629858,43.0,0.0033228581109731267
"[8.118122397076576e-05, 7.96057930171957e-05, 7.512924987507174e-05, 5.9339319642098416e-05, 6.475591979369723e-05, 3.454142551552843e-05, 3.772713094409087e-05, 3.1081785001528695e-05, 4.103896397139591e-05]",0.007145239796813623,0.3143905510597994,44.0,0.003379748318228407
"[8.530019206567227e-05, 8.118122397076576e-05, 7.96057930171957e-05, 6.864495220804873e-05, 7.078223835155337e-05, 3.6499339534605554e-05, 3.5495599684919904e-05, 3.888284901367279e-05, 4.12263996051073e-05]",0.007145239796813623,0.32153579085661305,45.0,0.004225476230591804
"[8.775160661853208e-05, 8.530019206567227e-05, 8.118122397076576e-05, 7.512924987507174e-05, 6.627479090053335e-05, 4.614679626851786e-05, 3.708636697693485e-05, 4.091961441675555e-05, 4.1628519110469164e-05]",0.007145239796813623,0.3286810306534267,46.0,0.004642817009241054
"[0.0001021191423556471, 8.775160661853208e-05, 8.530019206567227e-05, 7.96057930171957e-05, 5.896341231666185e-05, 5.337961484916446e-05, 3.955704663057229e-05, 4.680077936991635e-05, 5.0828442143989697e-05]",0.007145239796813623,0.33582627045024027,47.0,0.00523608755521085
"[0.00011128664714857219, 0.0001021191423556471, 8.775160661853208e-05, 8.118122397076576e-05, 5.9339319642098416e-05, 5.35214731233617e-05, 3.7034264715467054e-05, 5.75254574775309e-05, 3.982677631406368e-05]",0.007145239796813623,0.3429715102470539,48.0,0.006393546216928736
"[0.0001201088296499932, 0.00011128664714857219, 0.0001021191423556471, 8.530019206567227e-05, 6.864495220804873e-05, 5.687902629916926e-05, 3.163078469234714e-05, 5.625517414955996e-05, 4.780244129936135e-05]",0.007145239796813623,0.35011675004386755,49.0,0.010160572097021384
"[0.00013202346207885943, 0.0001201088296499932, 0.00011128664714857219, 8.775160661853208e-05, 7.512924987507174e-05, 5.277522025338204e-05, 2.424434341924559e-05, 4.763708337538929e-05, 5.752034566755342e-05]",0.007145239796813623,0.35726198984068114,50.0,0.010561946819459595
"[0.00015466904112159484, 0.00013202346207885943, 0.0001201088296499932, 0.0001021191423556471, 7.96057930171957e-05, 5.691214208512515e-05, 1.2422386981353706e-05, 4.2740144994420334e-05, 5.912599875027424e-05]",0.007145239796813623,0.3644072296374948,51.0,0.012937097069968395
"[0.00016296219035826062, 0.00015466904112159484, 0.00013202346207885943, 0.00011128664714857219, 8.118122397076576e-05, 6.475591979369723e-05, -4.528975960842734e-06, 2.1674914815157634e-05, 7.003497522874796e-05]",0.007145239796813623,0.3715524694343084,52.0,0.012434288596162333
"[0.00017270519504402232, 0.00016296219035826062, 0.00015466904112159484, 0.0001201088296499932, 8.530019206567227e-05, 7.078223835155337e-05, -9.988077962661853e-06, 4.716907201123438e-06, 7.783399371126391e-05]",0.007145239796813623,0.378697709231122,53.0,0.013021129543807323
"[0.000174852642868958, 0.00017270519504402232, 0.00016296219035826062, 0.00013202346207885943, 8.775160661853208e-05, 6.627479090053335e-05, -1.5472604898989026e-05, -1.6707065646531415e-05, 7.732843785710108e-05]",0.007145239796813623,0.38584294902793564,54.0,0.013420818558472292
"[0.0001771016504238248, 0.000174852642868958, 0.00017270519504402232, 0.00015466904112159484, 0.0001021191423556471, 5.896341231666185e-05, -1.4791705406502326e-05, -1.9761272227195114e-05, 7.40522471949193e-05]",0.007145239796813623,0.3929881888247493,55.0,0.019062722184858646
"[0.00017888487324898902, 0.0001771016504238248, 0.000174852642868958, 0.00016296219035826062, 0.00011128664714857219, 5.9339319642098416e-05, -6.9536060805898405e-06, -1.6393778868424783e-05, 8.587383733883497e-05]",0.007145239796813623,0.40013342862156287,56.0,0.022282052470763647
"[0.00019053285028345024, 0.00017888487324898902, 0.0001771016504238248, 0.00017270519504402232, 0.0001201088296499932, 6.864495220804873e-05, 1.0133096783336732e-06, -1.689751517527554e-05, 9.628723818319769e-05]",0.007145239796813623,0.4072786684183765,57.0,0.03530798796143975
"[0.0001992828812783988, 0.00019053285028345024, 0.00017888487324898902, 0.000174852642868958, 0.00013202346207885943, 7.512924987507174e-05, 1.616617859007858e-05, -2.0779862298446957e-05, 9.36751769554046e-05]",0.007145239796813623,0.41442390821519015,58.0,0.05122819131463447
"[0.00021550796958076388, 0.0001992828812783988, 0.00019053285028345024, 0.0001771016504238248, 0.00015466904112159484, 7.96057930171957e-05, 2.2469975168939422e-05, -1.4069015344954013e-05, 7.914516518904586e-05]",0.007145239796813623,0.4215691480120038,59.0,0.10075600644797333
"[0.00023100875683307388, 0.00021550796958076388, 0.0001992828812783988, 0.00017888487324898902, 0.00016296219035826062, 8.118122397076576e-05, 3.454142551552843e-05, -1.0674873088213028e-05, 7.263365060874389e-05]",0.007145239796813623,0.4287143878088174,60.0,0.12189672929684553
"[0.000253681079010487, 0.00023100875683307388, 0.00021550796958076388, 0.00019053285028345024, 0.00017270519504402232, 8.530019206567227e-05, 3.6499339534605554e-05, -5.523596747519527e-06, 6.14163173911418e-05]",0.007145239796813623,0.435859627605631,61.0,0.12437661762225845
"[0.0002660604884597631, 0.000253681079010487, 0.00023100875683307388, 0.0001992828812783988, 0.000174852642868958, 8.775160661853208e-05, 4.614679626851786e-05, -7.159384129081485e-06, 5.312835421994795e-05]",0.007145239796813623,0.44300486740244466,62.0,0.08744903081528947
"[0.0002710435445860485, 0.0002660604884597631, 0.000253681079010487, 0.00021550796958076388, 0.0001771016504238248, 0.0001021191423556471, 5.337961484916446e-05, -1.0022147243576354e-05, 4.5500678719996175e-05]",0.007145239796813623,0.45015010719925824,63.0,0.09192706524893042
"[0.0002647382158743417, 0.0002710435445860485, 0.0002660604884597631, 0.00023100875683307388, 0.00017888487324898902, 0.00011128664714857219, 5.35214731233617e-05, -5.700806197941152e-06, 3.2867336682480664e-05]",0.007145239796813623,0.4572953469960719,64.0,0.06748414512333122
"[0.0002633728890346484, 0.0002647382158743417, 0.0002710435445860485, 0.000253681079010487, 0.00019053285028345024, 0.0001201088296499932, 5.687902629916926e-05, 1.845205032560686e-06, 3.824680775308576e-05]",0.007145239796813623,0.4644405867928855,65.0,0.05063125948962687
"[0.000255648847551461, 0.0002633728890346484, 0.0002647382158743417, 0.0002660604884597631, 0.0001992828812783988, 0.00013202346207885943, 5.277522025338204e-05, 8.146129247625262e-06, 4.1840722285478964e-05]",0.007145239796813623,0.4715858265896991,66.0,0.05370239730276027
"[0.000245747632473287, 0.000255648847551461, 0.0002633728890346484, 0.0002710435445860485, 0.00021550796958076388, 0.00015466904112159484, 5.691214208512515e-05, 1.795550122183104e-05, 3.477380413165899e-05]",0.007145239796813623,0.47873106638651275,67.0,0.05740395828183637
"[0.00024308043747813305, 0.000245747632473287, 0.000255648847551461, 0.0002647382158743417, 0.00023100875683307388, 0.00016296219035826062, 6.475591979369723e-05, 2.8559502550590784e-05, 3.311403469462163e-05]",0.007145239796813623,0.4858763061833264,68.0,0.04526237061521753
"[0.0002436744085583782, 0.00024308043747813305, 0.000245747632473287, 0.0002633728890346484, 0.000253681079010487, 0.00017270519504402232, 7.078223835155337e-05, 3.0127075293721346e-05, 2.982623878734758e-05]",0.007145239796813623,0.49302154598014,69.0,0.029254588520198656
"[0.00023812901286604472, 0.0002436744085583782, 0.00024308043747813305, 0.000255648847551461, 0.0002660604884597631, 0.000174852642868958, 6.627479090053335e-05, 3.7324161494707395e-05, 2.6165020991769644e-05]",0.007145239796813623,0.5001667857769536,70.0,0.025346030208231105
"[0.00022516300121306961, 0.00023812901286604472, 0.0002436744085583782, 0.000245747632473287, 0.0002710435445860485, 0.0001771016504238248, 5.896341231666185e-05, 3.958758854216261e-05, 2.4730246947323107e-05]",0.007145239796813623,0.5073120255737672,71.0,0.044791046019331794
"[0.00021613682197082, 0.00022516300121306961, 0.00023812901286604472, 0.00024308043747813305, 0.0002647382158743417, 0.00017888487324898902, 5.9339319642098416e-05, 4.944203394801381e-05, 1.9593924689589378e-05]",0.007145239796813623,0.5144572653705809,72.0,0.046723375798785924
"[0.00022731149394088887, 0.00021613682197082, 0.00022516300121306961, 0.0002436744085583782, 0.0002633728890346484, 0.00019053285028345024, 6.864495220804873e-05, 4.6478498092984194e-05, 1.77604993821047e-05]",0.007145239796813623,0.5216025051673945,73.0,0.04061682707958346
"[0.00023249322189013922, 0.00022731149394088887, 0.00021613682197082, 0.00023812901286604472, 0.000255648847551461, 0.0001992828812783988, 7.512924987507174e-05, 4.738668644017197e-05, 1.0707631340560984e-05]",0.007145239796813623,0.5287477449642081,74.0,0.04224964193727583
"[0.00023109149357600532, 0.00023249322189013922, 0.00022731149394088887, 0.00022516300121306961, 0.000245747632473287, 0.00021550796958076388, 7.96057930171957e-05, 4.815031760617818e-05, 4.109277081324501e-06]",0.007145239796813623,0.5358929847610218,75.0,0.03701651815942553
"[0.0002314751369595961, 0.00023109149357600532, 0.00023249322189013922, 0.00021613682197082, 0.00024308043747813305, 0.00023100875683307388, 8.118122397076576e-05, 3.772713094409087e-05, -9.450114766425795e-07]",0.007145239796813623,0.5430382245578353,76.0,0.03797286521326915
"[0.00022840402971600876, 0.0002314751369595961, 0.00023109149357600532, 0.00022731149394088887, 0.0002436744085583782, 0.000253681079010487, 8.530019206567227e-05, 3.5495599684919904e-05, -1.2921107033668231e-05]",0.007145239796813623,0.5501834643546489,77.0,0.0561282712908055
"[0.0002277565342080547, 0.00022840402971600876, 0.0002314751369595961, 0.00023249322189013922, 0.00023812901286604472, 0.0002660604884597631, 8.775160661853208e-05, 3.708636697693485e-05, -9.435134661677305e-06]",0.007145239796813623,0.5573287041514626,78.0,0.07753287226014564
"[0.00023709191287376503, 0.0002277565342080547, 0.00022840402971600876, 0.00023109149357600532, 0.00022516300121306961, 0.0002710435445860485, 0.0001021191423556471, 3.955704663057229e-05, -1.5190910267854821e-05]",0.007145239796813623,0.5644739439482762,79.0,0.08805953116424528
"[0.00024842334497887175, 0.00023709191287376503, 0.0002277565342080547, 0.0002314751369595961, 0.00021613682197082, 0.0002647382158743417, 0.00011128664714857219, 3.7034264715467054e-05, -9.12116635505351e-06]",0.007145239796813623,0.5716191837450899,80.0,0.08134894714039305
"[0.0002558602613564891, 0.00024842334497887175, 0.00023709191287376503, 0.00022840402971600876, 0.00022731149394088887, 0.0002633728890346484, 0.0001201088296499932, 3.163078469234714e-05, -7.108147171986175e-06]",0.007145239796813623,0.5787644235419035,81.0,0.0821176191397796
"[0.00025696730869684796, 0.0002558602613564891, 0.00024842334497887175, 0.0002277565342080547, 0.00023249322189013922, 0.000255648847551461, 0.00013202346207885943, 2.424434341924559e-05, -3.3712664363347504e-06]",0.007145239796813623,0.5859096633387171,82.0,0.10600434357252056
"[0.00025765063764237304, 0.00025696730869684796, 0.0002558602613564891, 0.00023709191287376503, 0.00023109149357600532, 0.000245747632473287, 0.00015466904112159484, 1.2422386981353706e-05, 5.676768993575058e-07]",0.007145239796813623,0.5930549031355308,83.0,0.1060629971917382
"[0.00026367817305222554, 0.00025765063764237304, 0.00025696730869684796, 0.00024842334497887175, 0.0002314751369595961, 0.00024308043747813305, 0.00016296219035826062, -4.528975960842734e-06, 1.835272772393917e-06]",0.007145239796813623,0.6002001429323444,84.0,0.16783238038641396
"[0.0002661261514740842, 0.00026367817305222554, 0.00025765063764237304, 0.0002558602613564891, 0.00022840402971600876, 0.0002436744085583782, 0.00017270519504402232, -9.988077962661853e-06, 3.6623560796011138e-06]",0.007145239796813623,0.607345382729158,85.0,0.17458241920834408
"[0.00027764135672289647, 0.0002661261514740842, 0.00026367817305222554, 0.00025696730869684796, 0.0002277565342080547, 0.00023812901286604472, 0.000174852642868958, -1.5472604898989026e-05, 2.4695626849087204e-06]",0.007145239796813623,0.6144906225259716,86.0,0.18328047390316798
"[0.0002831135876309797, 0.00027764135672289647, 0.0002661261514740842, 0.00025765063764237304, 0.00023709191287376503, 0.00022516300121306961, 0.0001771016504238248, -1.4791705406502326e-05, 7.122796960869359e-06]",0.007145239796813623,0.6216358623227852,87.0,0.2732971415658465
"[0.0002864256315401909, 0.0002831135876309797, 0.00027764135672289647, 0.00026367817305222554, 0.00024842334497887175, 0.00021613682197082, 0.00017888487324898902, -6.9536060805898405e-06, 6.570601573310181e-06]",0.007145239796813623,0.6287811021195988,88.0,0.3289959007415619
"[0.0002976697747009532, 0.0002864256315401909, 0.0002831135876309797, 0.0002661261514740842, 0.0002558602613564891, 0.00022731149394088887, 0.00019053285028345024, 1.0133096783336732e-06, 3.98126311682494e-06]",0.007145239796813623,0.6359263419164125,89.0,0.4248742625502178
"[0.00030689516151079666, 0.0002976697747009532, 0.0002864256315401909, 0.00027764135672289647, 0.00025696730869684796, 0.00023249322189013922, 0.0001992828812783988, 1.616617859007858e-05, 9.02093646271626e-06]",0.007145239796813623,0.6430715817132261,90.0,0.4196458270521671
"[0.0003175914217886447, 0.00030689516151079666, 0.0002976697747009532, 0.0002831135876309797, 0.00025765063764237304, 0.00023109149357600532, 0.00021550796958076388, 2.2469975168939422e-05, 1.0275728646193179e-05]",0.007145239796813623,0.6502168215100397,91.0,0.19046264673785993
"[0.000321330549804208, 0.0003175914217886447, 0.00030689516151079666, 0.0002864256315401909, 0.00026367817305222554, 0.0002314751369595961, 0.00023100875683307388, 3.454142551552843e-05, 1.650596037285981e-05]",0.007145239796813623,0.6573620613068534,92.0,0.19498330768476763
"[0.0003035918437792547, 0.000321330549804208, 0.0003175914217886447, 0.0002976697747009532, 0.0002661261514740842, 0.00022840402971600876, 0.000253681079010487, 3.6499339534605554e-05, 2.0591634797785802e-05]",0.007145239796813623,0.664507301103667,93.0,0.25321457351726856
"[0.00029639386650923014, 0.0003035918437792547, 0.000321330549804208, 0.00030689516151079666, 0.00027764135672289647, 0.0002277565342080547, 0.0002660604884597631, 4.614679626851786e-05, 3.23714327933357e-05]",0.007145239796813623,0.6716525409004805,94.0,0.25129389755813425
"[0.0002994307912376017, 0.00029639386650923014, 0.0003035918437792547, 0.0003175914217886447, 0.0002831135876309797, 0.00023709191287376503, 0.0002710435445860485, 5.337961484916446e-05, 2.797826523657613e-05]",0.007145239796813623,0.6787977806972942,95.0,0.23682778913598276
"[0.00030047003970749223, 0.0002994307912376017, 0.00029639386650923014, 0.000321330549804208, 0.0002864256315401909, 0.00024842334497887175, 0.0002647382158743417, 5.35214731233617e-05, 2.2513263673544312e-05]",0.007145239796813623,0.6859430204941078,96.0,0.26637914239141186
"[0.00029951248205038614, 0.00030047003970749223, 0.0002994307912376017, 0.0003035918437792547, 0.0002976697747009532, 0.0002558602613564891, 0.0002633728890346484, 5.687902629916926e-05, 1.9241578374960664e-05]",0.007145239796813623,0.6930882602909214,97.0,0.20823357893224267
"[0.0003018685814923308, 0.00029951248205038614, 0.00030047003970749223, 0.00029639386650923014, 0.00030689516151079666, 0.00025696730869684796, 0.000255648847551461, 5.277522025338204e-05, 2.2605053000658507e-05]",0.007145239796813623,0.7002335000877351,98.0,0.2573939927544874
"[0.00029698996715192804, 0.0003018685814923308, 0.00029951248205038614, 0.0002994307912376017, 0.0003175914217886447, 0.00025765063764237304, 0.000245747632473287, 5.691214208512515e-05, 3.1131943876253236e-05]",0.007145239796813623,0.7073787398845487,99.0,0.23662193666020423
"[0.0003000654143818345, 0.00029698996715192804, 0.0003018685814923308, 0.00030047003970749223, 0.000321330549804208, 0.00026367817305222554, 0.00024308043747813305, 6.475591979369723e-05, 3.1652529179605085e-05]",0.007145239796813623,0.7145239796813623,100.0,0.22453947438116062
"[0.0002992450390839012, 0.0003000654143818345, 0.00029698996715192804, 0.00029951248205038614, 0.0003035918437792547, 0.0002661261514740842, 0.0002436744085583782, 7.078223835155337e-05, 2.09504277998964e-05]",0.007145239796813623,0.721669219478176,101.0,0.25125977919775394
"[0.00029766658671907933, 0.0002992450390839012, 0.0003000654143818345, 0.0003018685814923308, 0.00029639386650923014, 0.00027764135672289647, 0.00023812901286604472, 6.627479090053335e-05, 2.4928547559681545e-05]",0.007145239796813623,0.7288144592749896,102.0,0.2604991795792311
"[0.0002997815281939312, 0.00029766658671907933, 0.0002992450390839012, 0.00029698996715192804, 0.0002994307912376017, 0.0002831135876309797, 0.00022516300121306961, 5.896341231666185e-05, 2.5625006299224017e-05]",0.007145239796813623,0.7359596990718031,103.0,0.2753405304826289
"[0.00030149580688630743, 0.0002997815281939312, 0.00029766658671907933, 0.0003000654143818345, 0.00030047003970749223, 0.0002864256315401909, 0.00021613682197082, 5.9339319642098416e-05, 2.7121726938358203e-05]",0.007145239796813623,0.7431049388686168,104.0,0.41505895413294885
"[0.0003035112854367061, 0.00030149580688630743, 0.0002997815281939312, 0.0002992450390839012, 0.00029951248205038614, 0.0002976697747009532, 0.00022731149394088887, 6.864495220804873e-05, 2.7662382746556532e-05]",0.007145239796813623,0.7502501786654304,105.0,0.43024587681335497
"[0.0003152650715336697, 0.0003035112854367061, 0.00030149580688630743, 0.00029766658671907933, 0.0003018685814923308, 0.00030689516151079666, 0.00023249322189013922, 7.512924987507174e-05, 2.326557147233172e-05]",0.007145239796813623,0.757395418462244,106.0,0.49578804093564044
"[0.00032096292909722477, 0.0003152650715336697, 0.0003035112854367061, 0.0002997815281939312, 0.00029698996715192804, 0.0003175914217886447, 0.00023109149357600532, 7.96057930171957e-05, 2.4298512765144486e-05]",0.007145239796813623,0.7645406582590577,107.0,0.5995539057414054
"[0.00032766257400469446, 0.00032096292909722477, 0.0003152650715336697, 0.00030149580688630743, 0.0003000654143818345, 0.000321330549804208, 0.0002314751369595961, 8.118122397076576e-05, 3.1081785001528695e-05]",0.007145239796813623,0.7716858980558713,108.0,0.6817934814442782
"[0.00033729268001445907, 0.00032766257400469446, 0.00032096292909722477, 0.0003035112854367061, 0.0002992450390839012, 0.0003035918437792547, 0.00022840402971600876, 8.530019206567227e-05, 3.888284901367279e-05]",0.007145239796813623,0.7788311378526849,109.0,0.7173696111419592
"[0.00034697210492237794, 0.00033729268001445907, 0.00032766257400469446, 0.0003152650715336697, 0.00029766658671907933, 0.00029639386650923014, 0.0002277565342080547, 8.775160661853208e-05, 4.091961441675555e-05]",0.007145239796813623,0.7859763776494986,110.0,0.8067108091515403
"[0.00035344432727028245, 0.00034697210492237794, 0.00033729268001445907, 0.00032096292909722477, 0.0002997815281939312, 0.0002994307912376017, 0.00023709191287376503, 0.0001021191423556471, 4.680077936991635e-05]",0.007145239796813623,0.7931216174463122,111.0,0.8659950413030363
"[0.0003635630247674153, 0.00035344432727028245, 0.00034697210492237794, 0.00032766257400469446, 0.00030149580688630743, 0.00030047003970749223, 0.00024842334497887175, 0.00011128664714857219, 5.75254574775309e-05]",0.007145239796813623,0.8002668572431257,112.0,0.8685975881968887
"[0.00037401544828873177, 0.0003635630247674153, 0.00035344432727028245, 0.00033729268001445907, 0.0003035112854367061, 0.00029951248205038614, 0.0002558602613564891, 0.0001201088296499932, 5.625517414955996e-05]",0.007145239796813623,0.8074120970399394,113.0,0.8994319073167032
"[0.0003785793077300672, 0.00037401544828873177, 0.0003635630247674153, 0.00034697210492237794, 0.0003152650715336697, 0.0003018685814923308, 0.00025696730869684796, 0.00013202346207885943, 4.763708337538929e-05]",0.007145239796813623,0.814557336836753,114.0,0.9496307362712565
"[0.0003846683109018064, 0.0003785793077300672, 0.00037401544828873177, 0.00035344432727028245, 0.00032096292909722477, 0.00029698996715192804, 0.00025765063764237304, 0.00015466904112159484, 4.2740144994420334e-05]",0.007145239796813623,0.8217025766335667,115.0,0.9613748591962634
"[0.00039747844236014677, 0.0003846683109018064, 0.0003785793077300672, 0.0003635630247674153, 0.00032766257400469446, 0.0003000654143818345, 0.00026367817305222554, 0.00016296219035826062, 2.1674914815157634e-05]",0.007145239796813623,0.8288478164303803,116.0,0.9622823415631372
"[0.00040638858385116694, 0.00039747844236014677, 0.0003846683109018064, 0.00037401544828873177, 0.00033729268001445907, 0.0002992450390839012, 0.0002661261514740842, 0.00017270519504402232, 4.716907201123438e-06]",0.007145239796813623,0.8359930562271939,117.0,0.972622303365306
"[0.00041031338735642616, 0.00040638858385116694, 0.00039747844236014677, 0.0003785793077300672, 0.00034697210492237794, 0.00029766658671907933, 0.00027764135672289647, 0.000174852642868958, -1.6707065646531415e-05]",0.007145239796813623,0.8431382960240076,118.0,0.9744870336770326
"[0.00041629134692646163, 0.00041031338735642616, 0.00040638858385116694, 0.0003846683109018064, 0.00035344432727028245, 0.0002997815281939312, 0.0002831135876309797, 0.0001771016504238248, -1.9761272227195114e-05]",0.007145239796813623,0.8502835358208212,119.0,0.9785578961336838
"[0.000419682315211854, 0.00041629134692646163, 0.00041031338735642616, 0.00039747844236014677, 0.0003635630247674153, 0.00030149580688630743, 0.0002864256315401909, 0.00017888487324898902, -1.6393778868424783e-05]",0.007145239796813623,0.8574287756176348,120.0,0.9860928546053597
"[0.00042336421087333395, 0.000419682315211854, 0.00041629134692646163, 0.00040638858385116694, 0.00037401544828873177, 0.0003035112854367061, 0.0002976697747009532, 0.00019053285028345024, -1.689751517527554e-05]",0.007145239796813623,0.8645740154144484,121.0,0.9800814407354329
"[0.000430495482757734, 0.00042336421087333395, 0.000419682315211854, 0.00041031338735642616, 0.0003785793077300672, 0.0003152650715336697, 0.00030689516151079666, 0.0001992828812783988, -2.0779862298446957e-05]",0.007145239796813623,0.871719255211262,122.0,0.9971619651481061
"[0.0004288345318523175, 0.000430495482757734, 0.00042336421087333395, 0.00041629134692646163, 0.0003846683109018064, 0.00032096292909722477, 0.0003175914217886447, 0.00021550796958076388, -1.4069015344954013e-05]",0.007145239796813623,0.8788644950080756,123.0,0.9987965294458638
"[0.00045266731642501653, 0.0004288345318523175, 0.000430495482757734, 0.000419682315211854, 0.00039747844236014677, 0.00032766257400469446, 0.000321330549804208, 0.00023100875683307388, -1.0674873088213028e-05]",0.007145239796813623,0.8860097348048893,124.0,0.9978059808513795
"[0.00047196554500997587, 0.00045266731642501653, 0.0004288345318523175, 0.00042336421087333395, 0.00040638858385116694, 0.00033729268001445907, 0.0003035918437792547, 0.000253681079010487, -5.523596747519527e-06]",0.007145239796813623,0.8931549746017029,125.0,0.9973540428104275
"[0.0004729257403632781, 0.00047196554500997587, 0.00045266731642501653, 0.000430495482757734, 0.00041031338735642616, 0.00034697210492237794, 0.00029639386650923014, 0.0002660604884597631, -7.159384129081485e-06]",0.007145239796813623,0.9003002143985165,126.0,0.998404375232763
"[0.000471235719707817, 0.0004729257403632781, 0.00047196554500997587, 0.0004288345318523175, 0.00041629134692646163, 0.00035344432727028245, 0.0002994307912376017, 0.0002710435445860485, -1.0022147243576354e-05]",0.007145239796813623,0.9074454541953302,127.0,0.9992852333618089
"[0.00047617791101427524, 0.000471235719707817, 0.0004729257403632781, 0.00045266731642501653, 0.000419682315211854, 0.0003635630247674153, 0.00030047003970749223, 0.0002647382158743417, -5.700806197941152e-06]",0.007145239796813623,0.9145906939921438,128.0,0.9985688376526057
"[0.0004871266529677192, 0.00047617791101427524, 0.000471235719707817, 0.00047196554500997587, 0.00042336421087333395, 0.00037401544828873177, 0.00029951248205038614, 0.0002633728890346484, 1.845205032560686e-06]",0.007145239796813623,0.9217359337889574,129.0,0.9971695729158625
"[0.0004841273935093435, 0.0004871266529677192, 0.00047617791101427524, 0.0004729257403632781, 0.000430495482757734, 0.0003785793077300672, 0.0003018685814923308, 0.000255648847551461, 8.146129247625262e-06]",0.007145239796813623,0.928881173585771,130.0,0.9939989999252947
"[0.00047529673528274387, 0.0004841273935093435, 0.0004871266529677192, 0.000471235719707817, 0.0004288345318523175, 0.0003846683109018064, 0.00029698996715192804, 0.000245747632473287, 1.795550122183104e-05]",0.007145239796813623,0.9360264133825846,131.0,0.9967196245008351
"[0.0004629316390405937, 0.00047529673528274387, 0.0004841273935093435, 0.00047617791101427524, 0.00045266731642501653, 0.00039747844236014677, 0.0003000654143818345, 0.00024308043747813305, 2.8559502550590784e-05]",0.007145239796813623,0.9431716531793982,132.0,0.9970854685252594
"[0.0004644192341071504, 0.0004629316390405937, 0.00047529673528274387, 0.0004871266529677192, 0.00047196554500997587, 0.00040638858385116694, 0.0002992450390839012, 0.0002436744085583782, 3.0127075293721346e-05]",0.007145239796813623,0.9503168929762119,133.0,0.9988564006280872
"[0.00046641659256535414, 0.0004644192341071504, 0.0004629316390405937, 0.0004841273935093435, 0.0004729257403632781, 0.00041031338735642616, 0.00029766658671907933, 0.00023812901286604472, 3.7324161494707395e-05]",0.007145239796813623,0.9574621327730255,134.0,0.99979190360008
"[0.00047769886416997373, 0.00046641659256535414, 0.0004644192341071504, 0.00047529673528274387, 0.000471235719707817, 0.00041629134692646163, 0.0002997815281939312, 0.00022516300121306961, 3.958758854216261e-05]",0.007145239796813623,0.9646073725698391,135.0,0.9998275470808599
"[0.0005010038544175472, 0.00047769886416997373, 0.00046641659256535414, 0.0004629316390405937, 0.00047617791101427524, 0.000419682315211854, 0.00030149580688630743, 0.00021613682197082, 4.944203394801381e-05]",0.007145239796813623,0.9717526123666528,136.0,0.9998620573833785
"[0.0005125027275135893, 0.0005010038544175472, 0.00047769886416997373, 0.0004644192341071504, 0.0004871266529677192, 0.00042336421087333395, 0.0003035112854367061, 0.00022731149394088887, 4.6478498092984194e-05]",0.007145239796813623,0.9788978521634664,137.0,0.9998961687316943
"[0.0005195685920673543, 0.0005125027275135893, 0.0005010038544175472, 0.00046641659256535414, 0.0004841273935093435, 0.000430495482757734, 0.0003152650715336697, 0.00023249322189013922, 4.738668644017197e-05]",0.007145239796813623,0.98604309196028,138.0,0.9999729702904766
"[0.000525403823938095, 0.0005195685920673543, 0.0005125027275135893, 0.00047769886416997373, 0.00047529673528274387, 0.0004288345318523175, 0.00032096292909722477, 0.00023109149357600532, 4.815031760617818e-05]",0.007145239796813623,0.9931883317570936,139.0,0.9999900887548193
"[0.0005418504005265215, 0.000525403823938095, 0.0005195685920673543, 0.0005010038544175472, 0.0004629316390405937, 0.00045266731642501653, 0.00032766257400469446, 0.0002314751369595961, 3.772713094409087e-05]",0.007145239796813623,1.0003335715539072,140.0,0.9999961976015594
"[0.0005585837140644063, 0.0005418504005265215, 0.000525403823938095, 0.0005125027275135893, 0.0004644192341071504, 0.00047196554500997587, 0.00033729268001445907, 0.00022840402971600876, 3.5495599684919904e-05]",0.007145239796813623,1.007478811350721,141.0,0.9999977673459328
"[0.000574557616997447, 0.0005585837140644063, 0.0005418504005265215, 0.0005195685920673543, 0.00046641659256535414, 0.0004729257403632781, 0.00034697210492237794, 0.0002277565342080547, 3.708636697693485e-05]",0.007145239796813623,1.0146240511475344,142.0,0.9999987618404024
"[0.0005857023618615947, 0.000574557616997447, 0.0005585837140644063, 0.000525403823938095, 0.00047769886416997373, 0.000471235719707817, 0.00035344432727028245, 0.00023709191287376503, 3.955704663057229e-05]",0.007145239796813623,1.021769290944348,143.0,0.9999995808343681
"[0.0005958770337752217, 0.0005857023618615947, 0.000574557616997447, 0.0005418504005265215, 0.0005010038544175472, 0.00047617791101427524, 0.0003635630247674153, 0.00024842334497887175, 3.7034264715467054e-05]",0.007145239796813623,1.0289145307411618,144.0,0.9999991317903387
"[0.0006098235835846564, 0.0005958770337752217, 0.0005857023618615947, 0.0005585837140644063, 0.0005125027275135893, 0.0004871266529677192, 0.00037401544828873177, 0.0002558602613564891, 3.163078469234714e-05]",0.007145239796813623,1.0360597705379753,145.0,0.9999993257657629
"[0.0006090609483827907, 0.0006098235835846564, 0.0005958770337752217, 0.000574557616997447, 0.0005195685920673543, 0.0004841273935093435, 0.0003785793077300672, 0.00025696730869684796, 2.424434341924559e-05]",0.007145239796813623,1.043205010334789,146.0,0.9999994858525842
"[0.00061086983971968, 0.0006090609483827907, 0.0006098235835846564, 0.0005857023618615947, 0.000525403823938095, 0.00047529673528274387, 0.0003846683109018064, 0.00025765063764237304, 1.2422386981353706e-05]",0.007145239796813623,1.0503502501316027,147.0,0.9999992289059839
"[0.0006140251608237056, 0.00061086983971968, 0.0006090609483827907, 0.0005958770337752217, 0.0005418504005265215, 0.0004629316390405937, 0.00039747844236014677, 0.00026367817305222554, -4.528975960842734e-06]",0.007145239796813623,1.0574954899284161,148.0,0.9999994606804624
"[0.000611734854671922, 0.0006140251608237056, 0.00061086983971968, 0.0006098235835846564, 0.0005585837140644063, 0.0004644192341071504, 0.00040638858385116694, 0.0002661261514740842, -9.988077962661853e-06]",0.007145239796813623,1.0646407297252298,149.0,0.9999998310952611
"[0.000613769401907565, 0.000611734854671922, 0.0006140251608237056, 0.0006090609483827907, 0.000574557616997447, 0.00046641659256535414, 0.00041031338735642616, 0.00027764135672289647, -1.5472604898989026e-05]",0.007145239796813623,1.0717859695220435,150.0,0.9999999070400839
"[0.0006250808997875815, 0.000613769401907565, 0.000611734854671922, 0.00061086983971968, 0.0005857023618615947, 0.00047769886416997373, 0.00041629134692646163, 0.0002831135876309797, -1.4791705406502326e-05]",0.007145239796813623,1.078931209318857,151.0,0.9999999344613898
"[0.0006349699126159917, 0.0006250808997875815, 0.000613769401907565, 0.0006140251608237056, 0.0005958770337752217, 0.0005010038544175472, 0.000419682315211854, 0.0002864256315401909, -6.9536060805898405e-06]",0.007145239796813623,1.0860764491156707,152.0,0.999999980144721
"[0.0006419812381240027, 0.0006349699126159917, 0.0006250808997875815, 0.000611734854671922, 0.0006098235835846564, 0.0005125027275135893, 0.00042336421087333395, 0.0002976697747009532, 1.0133096783336732e-06]",0.007145239796813623,1.0932216889124844,153.0,0.9999999898668145
"[0.0006550163367908227, 0.0006419812381240027, 0.0006349699126159917, 0.000613769401907565, 0.0006090609483827907, 0.0005195685920673543, 0.000430495482757734, 0.00030689516151079666, 1.616617859007858e-05]",0.007145239796813623,1.1003669287092979,154.0,0.9999999966786545
"[0.0006658255756605525, 0.0006550163367908227, 0.0006419812381240027, 0.0006250808997875815, 0.00061086983971968, 0.000525403823938095, 0.0004288345318523175, 0.0003175914217886447, 2.2469975168939422e-05]",0.007145239796813623,1.1075121685061116,155.0,0.9999999975498952
"[0.0006791256981526214, 0.0006658255756605525, 0.0006550163367908227, 0.0006349699126159917, 0.0006140251608237056, 0.0005418504005265215, 0.00045266731642501653, 0.000321330549804208, 3.454142551552843e-05]",0.007145239796813623,1.1146574083029253,156.0,0.9999999950039923
"[0.0006869789594155808, 0.0006791256981526214, 0.0006658255756605525, 0.0006419812381240027, 0.000611734854671922, 0.0005585837140644063, 0.00047196554500997587, 0.0003035918437792547, 3.6499339534605554e-05]",0.007145239796813623,1.1218026480997387,157.0,0.9999999970708221
"[0.0006846574284971837, 0.0006869789594155808, 0.0006791256981526214, 0.0006550163367908227, 0.000613769401907565, 0.000574557616997447, 0.0004729257403632781, 0.00029639386650923014, 4.614679626851786e-05]",0.007145239796813623,1.1289478878965524,158.0,0.999999999607253
"[0.0006878127353608163, 0.0006846574284971837, 0.0006869789594155808, 0.0006658255756605525, 0.0006250808997875815, 0.0005857023618615947, 0.000471235719707817, 0.0002994307912376017, 5.337961484916446e-05]",0.007145239796813623,1.1360931276933661,159.0,0.9999999998458274
"[0.0007048195503061817, 0.0006878127353608163, 0.0006846574284971837, 0.0006791256981526214, 0.0006349699126159917, 0.0005958770337752217, 0.00047617791101427524, 0.00030047003970749223, 5.35214731233617e-05]",0.007145239796813623,1.1432383674901798,160.0,0.9999999999357221
"[0.0007189781837685299, 0.0007048195503061817, 0.0006878127353608163, 0.0006869789594155808, 0.0006419812381240027, 0.0006098235835846564, 0.0004871266529677192, 0.00029951248205038614, 5.687902629916926e-05]",0.007145239796813623,1.1503836072869933,161.0,0.9999999999349195
"[0.0007314941725854132, 0.0007189781837685299, 0.0007048195503061817, 0.0006846574284971837, 0.0006550163367908227, 0.0006090609483827907, 0.0004841273935093435, 0.0003018685814923308, 5.277522025338204e-05]",0.007145239796813623,1.157528847083807,162.0,0.9999999999746263
"[0.0007365587811759303, 0.0007314941725854132, 0.0007189781837685299, 0.0006878127353608163, 0.0006658255756605525, 0.00061086983971968, 0.00047529673528274387, 0.00029698996715192804, 5.691214208512515e-05]",0.007145239796813623,1.1646740868806207,163.0,0.999999999963105
"[0.0007456139242461944, 0.0007365587811759303, 0.0007314941725854132, 0.0007048195503061817, 0.0006791256981526214, 0.0006140251608237056, 0.0004629316390405937, 0.0003000654143818345, 6.475591979369723e-05]",0.007145239796813623,1.1718193266774342,164.0,0.9999999999874549
"[0.0007465613395109677, 0.0007456139242461944, 0.0007365587811759303, 0.0007189781837685299, 0.0006869789594155808, 0.000611734854671922, 0.0004644192341071504, 0.0002992450390839012, 7.078223835155337e-05]",0.007145239796813623,1.1789645664742479,165.0,0.9999999999853949
"[0.0007547567075087381, 0.0007465613395109677, 0.0007456139242461944, 0.0007314941725854132, 0.0006846574284971837, 0.000613769401907565, 0.00046641659256535414, 0.00029766658671907933, 6.627479090053335e-05]",0.007145239796813623,1.1861098062710616,166.0,0.9999999999820068
"[0.0007570850613129579, 0.0007547567075087381, 0.0007465613395109677, 0.0007365587811759303, 0.0006878127353608163, 0.0006250808997875815, 0.00047769886416997373, 0.0002997815281939312, 5.896341231666185e-05]",0.007145239796813623,1.193255046067875,167.0,0.9999999999824233
"[0.0007565535053955907, 0.0007570850613129579, 0.0007547567075087381, 0.0007456139242461944, 0.0007048195503061817, 0.0006349699126159917, 0.0005010038544175472, 0.00030149580688630743, 5.9339319642098416e-05]",0.007145239796813623,1.2004002858646887,168.0,0.9999999999690083
"[0.000756354700176439, 0.0007565535053955907, 0.0007570850613129579, 0.0007465613395109677, 0.0007189781837685299, 0.0006419812381240027, 0.0005125027275135893, 0.0003035112854367061, 6.864495220804873e-05]",0.007145239796813623,1.2075455256615024,169.0,0.9999999999396519
"[0.0007523375167642161, 0.000756354700176439, 0.0007565535053955907, 0.0007547567075087381, 0.0007314941725854132, 0.0006550163367908227, 0.0005195685920673543, 0.0003152650715336697, 7.512924987507174e-05]",0.007145239796813623,1.214690765458316,170.0,0.9999999999207306
"[0.0007458172827683365, 0.0007523375167642161, 0.000756354700176439, 0.0007570850613129579, 0.0007365587811759303, 0.0006658255756605525, 0.000525403823938095, 0.00032096292909722477, 7.96057930171957e-05]",0.007145239796813623,1.2218360052551296,171.0,0.9999999998973106
"[0.0007408698200819261, 0.0007458172827683365, 0.0007523375167642161, 0.0007565535053955907, 0.0007456139242461944, 0.0006791256981526214, 0.0005418504005265215, 0.00032766257400469446, 8.118122397076576e-05]",0.007145239796813623,1.2289812450519433,172.0,0.9999999997809969
"[0.0007368033863592656, 0.0007408698200819261, 0.0007458172827683365, 0.000756354700176439, 0.0007465613395109677, 0.0006869789594155808, 0.0005585837140644063, 0.00033729268001445907, 8.530019206567227e-05]",0.007145239796813623,1.2361264848487568,173.0,0.9999999997192581
"[0.0007296116863058495, 0.0007368033863592656, 0.0007408698200819261, 0.0007523375167642161, 0.0007547567075087381, 0.0006846574284971837, 0.000574557616997447, 0.00034697210492237794, 8.775160661853208e-05]",0.007145239796813623,1.2432717246455705,174.0,0.9999999995417891
"[0.0007248416383654433, 0.0007296116863058495, 0.0007368033863592656, 0.0007458172827683365, 0.0007570850613129579, 0.0006878127353608163, 0.0005857023618615947, 0.00035344432727028245, 0.0001021191423556471]",0.007145239796813623,1.2504169644423841,175.0,0.9999999995744665
"[0.0007192348344300135, 0.0007248416383654433, 0.0007296116863058495, 0.0007408698200819261, 0.0007565535053955907, 0.0007048195503061817, 0.0005958770337752217, 0.0003635630247674153, 0.00011128664714857219]",0.007145239796813623,1.2575622042391976,176.0,0.9999999997509856
"[0.0007173489244481512, 0.0007192348344300135, 0.0007248416383654433, 0.0007368033863592656, 0.000756354700176439, 0.0007189781837685299, 0.0006098235835846564, 0.00037401544828873177, 0.0001201088296499932]",0.007145239796813623,1.2647074440360113,177.0,0.9999999997952026
"[0.0007204346595155759, 0.0007173489244481512, 0.0007192348344300135, 0.0007296116863058495, 0.0007523375167642161, 0.0007314941725854132, 0.0006090609483827907, 0.0003785793077300672, 0.00013202346207885943]",0.007145239796813623,1.271852683832825,178.0,0.9999999997447382
"[0.0007231722638280735, 0.0007204346595155759, 0.0007173489244481512, 0.0007248416383654433, 0.0007458172827683365, 0.0007365587811759303, 0.00061086983971968, 0.0003846683109018064, 0.00015466904112159484]",0.007145239796813623,1.2789979236296385,179.0,0.9999999996337037
"[0.0007227923216742916, 0.0007231722638280735, 0.0007204346595155759, 0.0007192348344300135, 0.0007408698200819261, 0.0007456139242461944, 0.0006140251608237056, 0.00039747844236014677, 0.00016296219035826062]",0.007145239796813623,1.2861431634264522,180.0,0.9999999997894079
"[0.000719993512072553, 0.0007227923216742916, 0.0007231722638280735, 0.0007173489244481512, 0.0007368033863592656, 0.0007465613395109677, 0.000611734854671922, 0.00040638858385116694, 0.00017270519504402232]",0.007145239796813623,1.2932884032232659,181.0,0.9999999999600789
"[0.0007227161691509225, 0.000719993512072553, 0.0007227923216742916, 0.0007204346595155759, 0.0007296116863058495, 0.0007547567075087381, 0.000613769401907565, 0.00041031338735642616, 0.000174852642868958]",0.007145239796813623,1.3004336430200794,182.0,0.9999999999891935
"[0.0007357118608581674, 0.0007227161691509225, 0.000719993512072553, 0.0007231722638280735, 0.0007248416383654433, 0.0007570850613129579, 0.0006250808997875815, 0.00041629134692646163, 0.0001771016504238248]",0.007145239796813623,1.307578882816893,183.0,0.999999999998511
"[0.0007615057405788559, 0.0007357118608581674, 0.0007227161691509225, 0.0007227923216742916, 0.0007192348344300135, 0.0007565535053955907, 0.0006349699126159917, 0.000419682315211854, 0.00017888487324898902]",0.007145239796813623,1.3147241226137067,184.0,0.9999999999962876
"[0.0007781406478890059, 0.0007615057405788559, 0.0007357118608581674, 0.000719993512072553, 0.0007173489244481512, 0.000756354700176439, 0.0006419812381240027, 0.00042336421087333395, 0.00019053285028345024]",0.007145239796813623,1.3218693624105202,185.0,0.9999999999994837
"[0.0007983002738502234, 0.0007781406478890059, 0.0007615057405788559, 0.0007227161691509225, 0.0007204346595155759, 0.0007523375167642161, 0.0006550163367908227, 0.000430495482757734, 0.0001992828812783988]",0.007145239796813623,1.329014602207334,186.0,0.9999999999985678
"[0.0008083223921448633, 0.0007983002738502234, 0.0007781406478890059, 0.0007357118608581674, 0.0007231722638280735, 0.0007458172827683365, 0.0006658255756605525, 0.0004288345318523175, 0.00021550796958076388]",0.007145239796813623,1.3361598420041476,187.0,0.9999999999997911
"[0.0008243933235612173, 0.0008083223921448633, 0.0007983002738502234, 0.0007615057405788559, 0.0007227923216742916, 0.0007408698200819261, 0.0006791256981526214, 0.00045266731642501653, 0.00023100875683307388]",0.007145239796813623,1.343305081800961,188.0,0.9999999999996418
"[0.0008258317227006804, 0.0008243933235612173, 0.0008083223921448633, 0.0007781406478890059, 0.000719993512072553, 0.0007368033863592656, 0.0006869789594155808, 0.00047196554500997587, 0.000253681079010487]",0.007145239796813623,1.3504503215977748,189.0,0.999999999999212
"[0.0008296678326304043, 0.0008258317227006804, 0.0008243933235612173, 0.0007983002738502234, 0.0007227161691509225, 0.0007296116863058495, 0.0006846574284971837, 0.0004729257403632781, 0.0002660604884597631]",0.007145239796813623,1.3575955613945885,190.0,0.9999999999997476
"[0.0008370316365039129, 0.0008296678326304043, 0.0008258317227006804, 0.0008083223921448633, 0.0007357118608581674, 0.0007248416383654433, 0.0006878127353608163, 0.000471235719707817, 0.0002710435445860485]",0.007145239796813623,1.364740801191402,191.0,0.9999999999992001
"[0.000835787521378087, 0.0008370316365039129, 0.0008296678326304043, 0.0008243933235612173, 0.0007615057405788559, 0.0007192348344300135, 0.0007048195503061817, 0.00047617791101427524, 0.0002647382158743417]",0.007145239796813623,1.3718860409882156,192.0,0.9999999999997152
"[0.000843511476560099, 0.000835787521378087, 0.0008370316365039129, 0.0008258317227006804, 0.0007781406478890059, 0.0007173489244481512, 0.0007189781837685299, 0.0004871266529677192, 0.0002633728890346484]",0.007145239796813623,1.3790312807850293,193.0,0.9999999999997542
"[0.0008478031557288783, 0.000843511476560099, 0.000835787521378087, 0.0008296678326304043, 0.0007983002738502234, 0.0007204346595155759, 0.0007314941725854132, 0.0004841273935093435, 0.000255648847551461]",0.007145239796813623,1.3861765205818428,194.0,0.9999999999989775
"[0.0008514435034488711, 0.0008478031557288783, 0.000843511476560099, 0.0008370316365039129, 0.0008083223921448633, 0.0007231722638280735, 0.0007365587811759303, 0.00047529673528274387, 0.000245747632473287]",0.007145239796813623,1.3933217603786565,195.0,0.9999999999997654
"[0.0008627642078165092, 0.0008514435034488711, 0.0008478031557288783, 0.000835787521378087, 0.0008243933235612173, 0.0007227923216742916, 0.0007456139242461944, 0.0004629316390405937, 0.00024308043747813305]",0.007145239796813623,1.4004670001754702,196.0,0.999999999999783
"[0.0008615703748495223, 0.0008627642078165092, 0.0008514435034488711, 0.000843511476560099, 0.0008258317227006804, 0.000719993512072553, 0.0007465613395109677, 0.0004644192341071504, 0.0002436744085583782]",0.007145239796813623,1.4076122399722837,197.0,0.9999999999997863
"[0.0008608624584899836, 0.0008615703748495223, 0.0008627642078165092, 0.0008478031557288783, 0.0008296678326304043, 0.0007227161691509225, 0.0007547567075087381, 0.00046641659256535414, 0.00023812901286604472]",0.007145239796813623,1.4147574797690974,198.0,0.9999999999994702
"[0.0008592410313975022, 0.0008608624584899836, 0.0008615703748495223, 0.0008514435034488711, 0.0008370316365039129, 0.0007357118608581674, 0.0007570850613129579, 0.00047769886416997373, 0.00022516300121306961]",0.007145239796813623,1.421902719565911,199.0,0.9999999999981899
"[0.0008649510338776586, 0.0008592410313975022, 0.0008608624584899836, 0.0008627642078165092, 0.000835787521378087, 0.0007615057405788559, 0.0007565535053955907, 0.0005010038544175472, 0.00021613682197082]",0.007145239796813623,1.4290479593627246,200.0,0.9999999999989825
"[0.0008745052108915069, 0.0008649510338776586, 0.0008592410313975022, 0.0008615703748495223, 0.000843511476560099, 0.0007781406478890059, 0.000756354700176439, 0.0005125027275135893, 0.00022731149394088887]",0.007145239796813623,1.4361931991595382,201.0,0.9999999999939283
"[0.0008802054992717628, 0.0008745052108915069, 0.0008649510338776586, 0.0008608624584899836, 0.0008478031557288783, 0.0007983002738502234, 0.0007523375167642161, 0.0005195685920673543, 0.00023249322189013922]",0.007145239796813623,1.443338438956352,202.0,0.9999999999249126
"[0.0008933519483316322, 0.0008802054992717628, 0.0008745052108915069, 0.0008592410313975022, 0.0008514435034488711, 0.0008083223921448633, 0.0007458172827683365, 0.000525403823938095, 0.00023109149357600532]",0.007145239796813623,1.4504836787531654,203.0,0.9999999999694036
"[0.0009111515916311514, 0.0008933519483316322, 0.0008802054992717628, 0.0008649510338776586, 0.0008627642078165092, 0.0008243933235612173, 0.0007408698200819261, 0.0005418504005265215, 0.0002314751369595961]",0.007145239796813623,1.4576289185499791,204.0,0.9999999999963706
"[0.0009312628481191186, 0.0009111515916311514, 0.0008933519483316322, 0.0008745052108915069, 0.0008615703748495223, 0.0008258317227006804, 0.0007368033863592656, 0.0005585837140644063, 0.00022840402971600876]",0.007145239796813623,1.4647741583467928,205.0,0.999999999997701
"[0.0009444838812965016, 0.0009312628481191186, 0.0009111515916311514, 0.0008802054992717628, 0.0008608624584899836, 0.0008296678326304043, 0.0007296116863058495, 0.000574557616997447, 0.0002277565342080547]",0.007145239796813623,1.4719193981436063,206.0,0.9999999999990459
"[0.0009531939345655523, 0.0009444838812965016, 0.0009312628481191186, 0.0008933519483316322, 0.0008592410313975022, 0.0008370316365039129, 0.0007248416383654433, 0.0005857023618615947, 0.00023709191287376503]",0.007145239796813623,1.47906463794042,207.0,0.9999999999987006
"[0.0009578420084831578, 0.0009531939345655523, 0.0009444838812965016, 0.0009111515916311514, 0.0008649510338776586, 0.000835787521378087, 0.0007192348344300135, 0.0005958770337752217, 0.00024842334497887175]",0.007145239796813623,1.4862098777372337,208.0,0.9999999999994598
"[0.0009645319258026174, 0.0009578420084831578, 0.0009531939345655523, 0.0009312628481191186, 0.0008745052108915069, 0.000843511476560099, 0.0007173489244481512, 0.0006098235835846564, 0.0002558602613564891]",0.007145239796813623,1.4933551175340471,209.0,0.9999999999996839
"[0.0009663270556092554, 0.0009645319258026174, 0.0009578420084831578, 0.0009444838812965016, 0.0008802054992717628, 0.0008478031557288783, 0.0007204346595155759, 0.0006090609483827907, 0.00025696730869684796]",0.007145239796813623,1.5005003573308608,210.0,0.9999999999997427
"[0.0009638293917390678, 0.0009663270556092554, 0.0009645319258026174, 0.0009531939345655523, 0.0008933519483316322, 0.0008514435034488711, 0.0007231722638280735, 0.00061086983971968, 0.00025765063764237304]",0.007145239796813623,1.5076455971276745,211.0,0.9999999999995874
"[0.0009601250423274161, 0.0009638293917390678, 0.0009663270556092554, 0.0009578420084831578, 0.0009111515916311514, 0.0008627642078165092, 0.0007227923216742916, 0.0006140251608237056, 0.00026367817305222554]",0.007145239796813623,1.514790836924488,212.0,0.999999999999435
"[0.0009630201037155188, 0.0009601250423274161, 0.0009638293917390678, 0.0009645319258026174, 0.0009312628481191186, 0.0008615703748495223, 0.000719993512072553, 0.000611734854671922, 0.0002661261514740842]",0.007145239796813623,1.5219360767213017,213.0,0.999999999999514
"[0.0009689649529037533, 0.0009630201037155188, 0.0009601250423274161, 0.0009663270556092554, 0.0009444838812965016, 0.0008608624584899836, 0.0007227161691509225, 0.000613769401907565, 0.00027764135672289647]",0.007145239796813623,1.5290813165181154,214.0,0.9999999999996647
"[0.0009737578373704932, 0.0009689649529037533, 0.0009630201037155188, 0.0009638293917390678, 0.0009531939345655523, 0.0008592410313975022, 0.0007357118608581674, 0.0006250808997875815, 0.0002831135876309797]",0.007145239796813623,1.5362265563149289,215.0,0.9999999999997864
"[0.0009754176547587609, 0.0009737578373704932, 0.0009689649529037533, 0.0009601250423274161, 0.0009578420084831578, 0.0008649510338776586, 0.0007615057405788559, 0.0006349699126159917, 0.0002864256315401909]",0.007145239796813623,1.5433717961117426,216.0,0.9999999999997712
"[0.0009720488895279034, 0.0009754176547587609, 0.0009737578373704932, 0.0009630201037155188, 0.0009645319258026174, 0.0008745052108915069, 0.0007781406478890059, 0.0006419812381240027, 0.0002976697747009532]",0.007145239796813623,1.5505170359085563,217.0,0.9999999999997216
"[0.0009697189213841196, 0.0009720488895279034, 0.0009754176547587609, 0.0009689649529037533, 0.0009663270556092554, 0.0008802054992717628, 0.0007983002738502234, 0.0006550163367908227, 0.00030689516151079666]",0.007145239796813623,1.5576622757053697,218.0,0.9999999999996866
"[0.0009687308387078455, 0.0009697189213841196, 0.0009720488895279034, 0.0009737578373704932, 0.0009638293917390678, 0.0008933519483316322, 0.0008083223921448633, 0.0006658255756605525, 0.0003175914217886447]",0.007145239796813623,1.5648075155021834,219.0,0.9999999999997383
"[0.0009684175793335605, 0.0009687308387078455, 0.0009697189213841196, 0.0009754176547587609, 0.0009601250423274161, 0.0009111515916311514, 0.0008243933235612173, 0.0006791256981526214, 0.000321330549804208]",0.007145239796813623,1.5719527552989971,220.0,0.9999999999997209
"[0.0009651916473963076, 0.0009684175793335605, 0.0009687308387078455, 0.0009720488895279034, 0.0009630201037155188, 0.0009312628481191186, 0.0008258317227006804, 0.0006869789594155808, 0.0003035918437792547]",0.007145239796813623,1.5790979950958106,221.0,0.9999999999996234
"[0.0009620386503743094, 0.0009651916473963076, 0.0009684175793335605, 0.0009697189213841196, 0.0009689649529037533, 0.0009444838812965016, 0.0008296678326304043, 0.0006846574284971837, 0.00029639386650923014]",0.007145239796813623,1.5862432348926243,222.0,0.9999999999973886
"[0.0009639250059067813, 0.0009620386503743094, 0.0009651916473963076, 0.0009687308387078455, 0.0009737578373704932, 0.0009531939345655523, 0.0008370316365039129, 0.0006878127353608163, 0.0002994307912376017]",0.007145239796813623,1.593388474689438,223.0,0.9999999999989011
"[0.000977837213045972, 0.0009639250059067813, 0.0009620386503743094, 0.0009684175793335605, 0.0009754176547587609, 0.0009578420084831578, 0.000835787521378087, 0.0007048195503061817, 0.00030047003970749223]",0.007145239796813623,1.6005337144862515,224.0,0.9999999999997374
"[0.0009879491004832095, 0.000977837213045972, 0.0009639250059067813, 0.0009651916473963076, 0.0009720488895279034, 0.0009645319258026174, 0.000843511476560099, 0.0007189781837685299, 0.00029951248205038614]",0.007145239796813623,1.6076789542830652,225.0,0.999999999999588
"[0.0009881543909106324, 0.0009879491004832095, 0.000977837213045972, 0.0009620386503743094, 0.0009697189213841196, 0.0009663270556092554, 0.0008478031557288783, 0.0007314941725854132, 0.0003018685814923308]",0.007145239796813623,1.6148241940798789,226.0,0.9999999999996777
"[0.0009915743576594924, 0.0009881543909106324, 0.0009879491004832095, 0.0009639250059067813, 0.0009687308387078455, 0.0009638293917390678, 0.0008514435034488711, 0.0007365587811759303, 0.00029698996715192804]",0.007145239796813623,1.6219694338766926,227.0,0.9999999999998084
"[0.0009936633245564922, 0.0009915743576594924, 0.0009881543909106324, 0.000977837213045972, 0.0009684175793335605, 0.0009601250423274161, 0.0008627642078165092, 0.0007456139242461944, 0.0003000654143818345]",0.007145239796813623,1.629114673673506,228.0,0.9999999999998109
"[0.0009812531452413785, 0.0009936633245564922, 0.0009915743576594924, 0.0009879491004832095, 0.0009651916473963076, 0.0009630201037155188, 0.0008615703748495223, 0.0007465613395109677, 0.0002992450390839012]",0.007145239796813623,1.6362599134703197,229.0,0.9999999999998296
"[0.0009762748156265439, 0.0009812531452413785, 0.0009936633245564922, 0.0009881543909106324, 0.0009620386503743094, 0.0009689649529037533, 0.0008608624584899836, 0.0007547567075087381, 0.00029766658671907933]",0.007145239796813623,1.6434051532671334,230.0,0.9999999999997962
"[0.0009678229626575829, 0.0009762748156265439, 0.0009812531452413785, 0.0009915743576594924, 0.0009639250059067813, 0.0009737578373704932, 0.0008592410313975022, 0.0007570850613129579, 0.0002997815281939312]",0.007145239796813623,1.650550393063947,231.0,0.9999999999997821
"[0.0009673466871736147, 0.0009678229626575829, 0.0009762748156265439, 0.0009936633245564922, 0.000977837213045972, 0.0009754176547587609, 0.0008649510338776586, 0.0007565535053955907, 0.00030149580688630743]",0.007145239796813623,1.6576956328607606,232.0,0.9999999999981071
"[0.0009685230731027759, 0.0009673466871736147, 0.0009678229626575829, 0.0009812531452413785, 0.0009879491004832095, 0.0009720488895279034, 0.0008745052108915069, 0.000756354700176439, 0.0003035112854367061]",0.007145239796813623,1.6648408726575743,233.0,0.9999999999995391
"[0.0009832983915726155, 0.0009685230731027759, 0.0009673466871736147, 0.0009762748156265439, 0.0009881543909106324, 0.0009697189213841196, 0.0008802054992717628, 0.0007523375167642161, 0.0003152650715336697]",0.007145239796813623,1.6719861124543878,234.0,0.9999999999965096
"[0.0009902633366691259, 0.0009832983915726155, 0.0009685230731027759, 0.0009678229626575829, 0.0009915743576594924, 0.0009687308387078455, 0.0008933519483316322, 0.0007458172827683365, 0.00032096292909722477]",0.007145239796813623,1.6791313522512015,235.0,0.9999999999870135
"[0.0010080643022186918, 0.0009902633366691259, 0.0009832983915726155, 0.0009673466871736147, 0.0009936633245564922, 0.0009684175793335605, 0.0009111515916311514, 0.0007408698200819261, 0.00032766257400469446]",0.007145239796813623,1.6862765920480152,236.0,0.9999999999985006
"[-0.00027741536444455015, -0.00026766278554827633, -0.00025761523338658024, -0.00023599444776937258, -0.0002348861273643778, -0.0002311140836306813, -0.00017660823834003198, -0.00015717945428870165, -0.0001381953319817299]",0.0,0.0,0.0,0.0
"[-0.0002829209357922296, -0.00027741536444455015, -0.00026766278554827633, -0.0002534284173203154, -0.00023188539663947924, -0.00023490001007679198, -0.00017775091310153482, -0.00015656492161086533, -0.00013877754835260996]",0.0,0.0,0.0,0.0
"[-0.0002805325415142038, -0.0002829209357922296, -0.00027741536444455015, -0.00025761523338658024, -0.000230384259326117, -0.00023997470546308381, -0.00017654598521174708, -0.0001452801349481847, -0.00013022864059948662]",0.0,0.0,0.0,0.0
"[-0.00028787632949093357, -0.0002805325415142038, -0.0002829209357922296, -0.00026766278554827633, -0.00022983178562049442, -0.00024232684843104144, -0.0001841683362310791, -0.00013081383444775327, -0.0001299341298505247]",0.0,0.0,0.0,0.0
"[-0.00029064658117776724, -0.00028787632949093357, -0.0002805325415142038, -0.00027741536444455015, -0.00023599444776937258, -0.00024907515020883134, -0.0001792743812142887, -0.00011861467237156486, -0.00013352276825833923]",0.0,0.0,0.0,0.0
"[-0.000298397857374434, -0.00029064658117776724, -0.00028787632949093357, -0.0002829209357922296, -0.0002534284173203154, -0.000247880398873804, -0.0001710903340283743, -0.00011322665596990219, -0.00014334507254811312]",0.0,0.0,0.0,0.0
"[-0.00030748138558661387, -0.000298397857374434, -0.00029064658117776724, -0.0002805325415142038, -0.00025761523338658024, -0.00024205060138120672, -0.0001577039734239152, -0.00011367467021079303, -0.00014107528085553542]",0.0,0.0,0.0,0.0
"[-0.00031188414810665147, -0.00030748138558661387, -0.000298397857374434, -0.00028787632949093357, -0.00026766278554827633, -0.000235078549918938, -0.00016263819488313396, -0.00011987680204240829, -0.00014376614186626516]",0.0,0.0,0.0,0.0
"[-0.00030985237493045056, -0.00031188414810665147, -0.00030748138558661387, -0.00029064658117776724, -0.00027741536444455015, -0.0002348861273643778, -0.00017657279835790117, -0.00011391593103474764, -0.00014156851932393803]",0.0,0.0,0.0,0.0
"[-0.0003006975060234792, -0.00030985237493045056, -0.00031188414810665147, -0.000298397857374434, -0.0002829209357922296, -0.00023188539663947924, -0.00019685504292654357, -0.00011701375700142305, -0.00014734375491615606]",0.0,0.0,0.0,0.0
"[-0.00028954327800668534, -0.0003006975060234792, -0.00030985237493045056, -0.00030748138558661387, -0.0002805325415142038, -0.000230384259326117, -0.00020948461684955626, -0.00012058751356422292, -0.0001475722633177788]",0.0,0.0,0.0,0.0
"[-0.00028596237651644986, -0.00028954327800668534, -0.0003006975060234792, -0.00031188414810665147, -0.00028787632949093357, -0.00022983178562049442, -0.00022135820069497185, -0.00011734145399619941, -0.00015344430226552655]",0.0,0.0,0.0,0.0
"[-0.0002805003854297934, -0.00028596237651644986, -0.00028954327800668534, -0.00030985237493045056, -0.00029064658117776724, -0.00023599444776937258, -0.00022592315229997835, -0.00011146478459871113, -0.00015962205035536283]",0.0,0.0,0.0,0.0
"[-0.00028085056675314644, -0.0002805003854297934, -0.00028596237651644986, -0.0003006975060234792, -0.000298397857374434, -0.0002534284173203154, -0.00021819921096882078, -0.00010693113542811819, -0.00016587203835820405]",0.0,0.0,0.0,0.0
"[-0.0002670429379445804, -0.00028085056675314644, -0.0002805003854297934, -0.00028954327800668534, -0.00030748138558661387, -0.00025761523338658024, -0.0002175859186403441, -0.00011188900409974805, -0.0001670475116935354]",0.0,0.0,0.0,0.0
"[-0.0002621969900129597, -0.0002670429379445804, -0.00028085056675314644, -0.00028596237651644986, -0.00031188414810665147, -0.00026766278554827633, -0.0002215681387761418, -0.00010969831539935308, -0.00016224262289236057]",0.0,0.0,0.0,0.0
"[-0.00026535203330452174, -0.0002621969900129597, -0.0002670429379445804, -0.0002805003854297934, -0.00030985237493045056, -0.00027741536444455015, -0.0002311140836306813, -0.00011356701484743909, -0.0001633523402515633]",0.0,0.0,0.0,0.0
"[-0.0002662795940747067, -0.00026535203330452174, -0.0002621969900129597, -0.00028085056675314644, -0.0003006975060234792, -0.0002829209357922296, -0.00023490001007679198, -0.00011520992850284587, -0.00016457902342047672]",0.0,0.0,0.0,0.0
"[-0.0002676480656898457, -0.0002662795940747067, -0.00026535203330452174, -0.0002670429379445804, -0.00028954327800668534, -0.0002805325415142038, -0.00023997470546308381, -0.00011597984509636994, -0.00016748603240028428]",0.0,0.0,0.0,0.0
"[-0.00026970549748459277, -0.0002676480656898457, -0.0002662795940747067, -0.0002621969900129597, -0.00028596237651644986, -0.00028787632949093357, -0.00024232684843104144, -0.00011283026549263167, -0.00016789707704225742]",0.0,0.0,0.0,0.0
"[-0.00026892060806519804, -0.00026970549748459277, -0.0002676480656898457, -0.00026535203330452174, -0.0002805003854297934, -0.00029064658117776724, -0.00024907515020883134, -0.00011703406245122208, -0.0001713089838805312]",0.0,0.0,0.0,0.0
"[-0.00026933019909401886, -0.00026892060806519804, -0.00026970549748459277, -0.0002662795940747067, -0.00028085056675314644, -0.000298397857374434, -0.000247880398873804, -0.00012299352448506351, -0.00016988161815324607]",0.0,0.0,0.0,0.0
"[-0.0002665832998284951, -0.00026933019909401886, -0.00026892060806519804, -0.0002676480656898457, -0.0002670429379445804, -0.00030748138558661387, -0.00024205060138120672, -0.00012471168290574105, -0.00016234687214350768]",0.0,0.0,0.0,0.0
"[-0.0002678055495762796, -0.0002665832998284951, -0.00026933019909401886, -0.00026970549748459277, -0.0002621969900129597, -0.00031188414810665147, -0.000235078549918938, -0.0001238969099029116, -0.0001556735907319201]",0.0,0.0,0.0,0.0
"[-0.0002782926512346814, -0.0002678055495762796, -0.0002665832998284951, -0.00026892060806519804, -0.00026535203330452174, -0.00030985237493045056, -0.0002348861273643778, -0.00012282516292677826, -0.00015283768314457518]",0.0,0.0,0.0,0.0
"[-0.00028174255903810327, -0.0002782926512346814, -0.0002678055495762796, -0.00026933019909401886, -0.0002662795940747067, -0.0003006975060234792, -0.00023188539663947924, -0.000122171898595582, -0.0001550667274361057]",0.0,0.0,0.0,0.0
"[-0.0002757332657856869, -0.00028174255903810327, -0.0002782926512346814, -0.0002665832998284951, -0.0002676480656898457, -0.00028954327800668534, -0.000230384259326117, -0.00012850520734975518, -0.00016190859473849266]",0.0,0.0,0.0,0.0
"[-0.0002590989610404072, -0.0002757332657856869, -0.00028174255903810327, -0.0002678055495762796, -0.00026970549748459277, -0.00028596237651644986, -0.00022983178562049442, -0.00014558957399031112, -0.00016276120307172885]",0.0,0.0,0.0,0.0
"[-0.00024315339461626547, -0.0002590989610404072, -0.0002757332657856869, -0.0002782926512346814, -0.00026892060806519804, -0.0002805003854297934, -0.00023599444776937258, -0.0001550542908832015, -0.00016311293005082724]",0.0,0.0,0.0,0.0
"[-0.00022647820551025108, -0.00024315339461626547, -0.0002590989610404072, -0.00028174255903810327, -0.00026933019909401886, -0.00028085056675314644, -0.0002534284173203154, -0.00016384807493260338, -0.00016339079261796504]",0.0,0.0,0.0,0.0
"[-0.00021238744701027496, -0.00022647820551025108, -0.00024315339461626547, -0.0002757332657856869, -0.0002665832998284951, -0.0002670429379445804, -0.00025761523338658024, -0.00016968453840878497, -0.00016079908451063614]",0.0,0.0,0.0,0.0
"[-0.0002090698279052303, -0.00021238744701027496, -0.00022647820551025108, -0.0002590989610404072, -0.0002678055495762796, -0.0002621969900129597, -0.00026766278554827633, -0.00016883012715462515, -0.00016516350432697048]",0.0,0.0,0.0,0.0
"[-0.00019947607812795728, -0.0002090698279052303, -0.00021238744701027496, -0.00024315339461626547, -0.0002782926512346814, -0.00026535203330452174, -0.00027741536444455015, -0.00017660823834003198, -0.00016815251834853963]",0.0,0.0,0.0,0.0
"[-0.00019077279582853043, -0.00019947607812795728, -0.0002090698279052303, -0.00022647820551025108, -0.00028174255903810327, -0.0002662795940747067, -0.0002829209357922296, -0.00017775091310153482, -0.00017357170833100737]",0.0,0.0,0.0,0.0
"[-0.00019452014560980045, -0.00019077279582853043, -0.00019947607812795728, -0.00021238744701027496, -0.0002757332657856869, -0.0002676480656898457, -0.0002805325415142038, -0.00017654598521174708, -0.00018099810331218038]",0.0,0.0,0.0,0.0
"[-0.00019189136659791134, -0.00019452014560980045, -0.00019077279582853043, -0.0002090698279052303, -0.0002590989610404072, -0.00026970549748459277, -0.00028787632949093357, -0.0001841683362310791, -0.00018350892256111103]",0.0,0.0,0.0,0.0
"[-0.00018714322159127077, -0.00019189136659791134, -0.00019452014560980045, -0.00019947607812795728, -0.00024315339461626547, -0.00026892060806519804, -0.00029064658117776724, -0.0001792743812142887, -0.00018327506815754783]",0.0,0.0,0.0,0.0
"[-0.00018659082722204243, -0.00018714322159127077, -0.00019189136659791134, -0.00019077279582853043, -0.00022647820551025108, -0.00026933019909401886, -0.000298397857374434, -0.0001710903340283743, -0.00018736940584521754]",0.0,0.0,0.0,0.0
"[-0.0001790881578645207, -0.00018659082722204243, -0.00018714322159127077, -0.00019452014560980045, -0.00021238744701027496, -0.0002665832998284951, -0.00030748138558661387, -0.0001577039734239152, -0.00019358415447507922]",0.0,0.0,0.0,0.0
"[-0.00017083410575275245, -0.0001790881578645207, -0.00018659082722204243, -0.00019189136659791134, -0.0002090698279052303, -0.0002678055495762796, -0.00031188414810665147, -0.00016263819488313396, -0.00019629277344570888]",0.0,0.0,0.0,0.0
"[-0.00017155100972087895, -0.00017083410575275245, -0.0001790881578645207, -0.00018714322159127077, -0.00019947607812795728, -0.0002782926512346814, -0.00030985237493045056, -0.00017657279835790117, -0.00019224677739534965]",0.0,0.0,0.0,0.0
"[-0.0001753158501388643, -0.00017155100972087895, -0.00017083410575275245, -0.00018659082722204243, -0.00019077279582853043, -0.00028174255903810327, -0.0003006975060234792, -0.00019685504292654357, -0.00018740282543916253]",0.0,0.0,0.0,0.0
"[-0.00018900326348624954, -0.0001753158501388643, -0.00017155100972087895, -0.0001790881578645207, -0.00019452014560980045, -0.0002757332657856869, -0.00028954327800668534, -0.00020948461684955626, -0.0001854655583526136]",0.0,0.0,0.0,0.0
"[-0.00019908530831017635, -0.00018900326348624954, -0.0001753158501388643, -0.00017083410575275245, -0.00019189136659791134, -0.0002590989610404072, -0.00028596237651644986, -0.00022135820069497185, -0.00017708821314240392]",0.0,0.0,0.0,0.0
"[-0.00019702119140866292, -0.00019908530831017635, -0.00018900326348624954, -0.00017155100972087895, -0.00018714322159127077, -0.00024315339461626547, -0.0002805003854297934, -0.00022592315229997835, -0.00018444131240014406]",0.0,0.0,0.0,0.0
"[-0.00018884500248984572, -0.00019702119140866292, -0.00019908530831017635, -0.0001753158501388643, -0.00018659082722204243, -0.00022647820551025108, -0.00028085056675314644, -0.00021819921096882078, -0.00018629077689315753]",0.0,0.0,0.0,0.0
"[-0.00018185114838287312, -0.00018884500248984572, -0.00019702119140866292, -0.00018900326348624954, -0.0001790881578645207, -0.00021238744701027496, -0.0002670429379445804, -0.0002175859186403441, -0.00018126913632833292]",0.0,0.0,0.0,0.0
"[-0.00017881352107123593, -0.00018185114838287312, -0.00018884500248984572, -0.00019908530831017635, -0.00017083410575275245, -0.0002090698279052303, -0.0002621969900129597, -0.0002215681387761418, -0.00016744789810860735]",0.0,0.0,0.0,0.0
"[-0.00017448178535211874, -0.00017881352107123593, -0.00018185114838287312, -0.00019702119140866292, -0.00017155100972087895, -0.00019947607812795728, -0.00026535203330452174, -0.0002311140836306813, -0.00016369011010034952]",0.0,0.0,0.0,0.0
"[-0.00017205908924351683, -0.00017448178535211874, -0.00017881352107123593, -0.00018884500248984572, -0.0001753158501388643, -0.00019077279582853043, -0.0002662795940747067, -0.00023490001007679198, -0.00015424195784837104]",0.0,0.0,0.0,0.0
"[-0.0001715978232024438, -0.00017205908924351683, -0.00017448178535211874, -0.00018185114838287312, -0.00018900326348624954, -0.00019452014560980045, -0.0002676480656898457, -0.00023997470546308381, -0.00015561278153352405]",0.0,0.0,0.0,0.0
"[-0.00016778115385249694, -0.0001715978232024438, -0.00017205908924351683, -0.00017881352107123593, -0.00019908530831017635, -0.00019189136659791134, -0.00026970549748459277, -0.00024232684843104144, -0.00015749733326257307]",0.0,0.0,0.0,0.0
"[-0.00015778437527121783, -0.00016778115385249694, -0.0001715978232024438, -0.00017448178535211874, -0.00019702119140866292, -0.00018714322159127077, -0.00026892060806519804, -0.00024907515020883134, -0.0001556591136183505]",0.0,0.0,0.0,0.0
"[-0.00014802668345803688, -0.00015778437527121783, -0.00016778115385249694, -0.00017205908924351683, -0.00018884500248984572, -0.00018659082722204243, -0.00026933019909401886, -0.000247880398873804, -0.00015761045041274668]",0.0,0.0,0.0,0.0
"[-0.00014125572667790455, -0.00014802668345803688, -0.00015778437527121783, -0.0001715978232024438, -0.00018185114838287312, -0.0001790881578645207, -0.0002665832998284951, -0.00024205060138120672, -0.00015062327618568496]",0.0,0.0,0.0,0.0
"[-0.00013205470640663568, -0.00014125572667790455, -0.00014802668345803688, -0.00016778115385249694, -0.00017881352107123593, -0.00017083410575275245, -0.0002678055495762796, -0.000235078549918938, -0.00015179562225545038]",0.0,0.0,0.0,0.0
"[-0.00012193863692369786, -0.00013205470640663568, -0.00014125572667790455, -0.00015778437527121783, -0.00017448178535211874, -0.00017155100972087895, -0.0002782926512346814, -0.0002348861273643778, -0.00014999762724787785]",0.0,0.0,0.0,0.0
"[-0.00011452202874067659, -0.00012193863692369786, -0.00013205470640663568, -0.00014802668345803688, -0.00017205908924351683, -0.0001753158501388643, -0.00028174255903810327, -0.00023188539663947924, -0.00015555723760585466]",0.0,0.0,0.0,0.0
"[-0.00010914289984410368, -0.00011452202874067659, -0.00012193863692369786, -0.00014125572667790455, -0.0001715978232024438, -0.00018900326348624954, -0.0002757332657856869, -0.000230384259326117, -0.00016331774013672676]",0.0,0.0,0.0,0.0
"[-0.00010313997809143246, -0.00010914289984410368, -0.00011452202874067659, -0.00013205470640663568, -0.00016778115385249694, -0.00019908530831017635, -0.0002590989610404072, -0.00022983178562049442, -0.00017321235819881724]",0.0,0.0,0.0,0.0
"[-9.783678186665188e-05, -0.00010313997809143246, -0.00010914289984410368, -0.00012193863692369786, -0.00015778437527121783, -0.00019702119140866292, -0.00024315339461626547, -0.00023599444776937258, -0.0001807419902651198]",0.0,0.0,0.0,0.0
"[-9.041456901379897e-05, -9.783678186665188e-05, -0.00010313997809143246, -0.00011452202874067659, -0.00014802668345803688, -0.00018884500248984572, -0.00022647820551025108, -0.0002534284173203154, -0.0001875870467772476]",0.0,0.0,0.0,0.0
"[-8.520718931337818e-05, -9.041456901379897e-05, -9.783678186665188e-05, -0.00010914289984410368, -0.00014125572667790455, -0.00018185114838287312, -0.00021238744701027496, -0.00025761523338658024, -0.00018567418366920749]",0.0,0.0,0.0,0.0
"[-8.280229604900501e-05, -8.520718931337818e-05, -9.041456901379897e-05, -0.00010313997809143246, -0.00013205470640663568, -0.00017881352107123593, -0.0002090698279052303, -0.00026766278554827633, -0.00017125203395599892]",0.0,0.0,0.0,0.0
"[-8.397453555900207e-05, -8.280229604900501e-05, -8.520718931337818e-05, -9.783678186665188e-05, -0.00012193863692369786, -0.00017448178535211874, -0.00019947607812795728, -0.00027741536444455015, -0.00015717945428870165]",0.0,0.0,0.0,0.0
"[-8.211056484365056e-05, -8.397453555900207e-05, -8.280229604900501e-05, -9.041456901379897e-05, -0.00011452202874067659, -0.00017205908924351683, -0.00019077279582853043, -0.0002829209357922296, -0.00015656492161086533]",0.0,0.0,0.0,0.0
"[-8.029055643720852e-05, -8.211056484365056e-05, -8.397453555900207e-05, -8.520718931337818e-05, -0.00010914289984410368, -0.0001715978232024438, -0.00019452014560980045, -0.0002805325415142038, -0.0001452801349481847]",0.0,0.0,0.0,0.0
"[-7.921035889365313e-05, -8.029055643720852e-05, -8.211056484365056e-05, -8.280229604900501e-05, -0.00010313997809143246, -0.00016778115385249694, -0.00019189136659791134, -0.00028787632949093357, -0.00013081383444775327]",0.0,0.0,0.0,0.0
"[-7.718965673983993e-05, -7.921035889365313e-05, -8.029055643720852e-05, -8.397453555900207e-05, -9.783678186665188e-05, -0.00015778437527121783, -0.00018714322159127077, -0.00029064658117776724, -0.00011861467237156486]",0.0,0.0,0.0,0.0
"[-7.716856500984511e-05, -7.718965673983993e-05, -7.921035889365313e-05, -8.211056484365056e-05, -9.041456901379897e-05, -0.00014802668345803688, -0.00018659082722204243, -0.000298397857374434, -0.00011322665596990219]",0.0,0.0,0.0,0.0
"[-7.347343856669207e-05, -7.716856500984511e-05, -7.718965673983993e-05, -8.029055643720852e-05, -8.520718931337818e-05, -0.00014125572667790455, -0.0001790881578645207, -0.00030748138558661387, -0.00011367467021079303]",0.0,0.0,0.0,0.0
"[-6.725125040827663e-05, -7.347343856669207e-05, -7.716856500984511e-05, -7.921035889365313e-05, -8.280229604900501e-05, -0.00013205470640663568, -0.00017083410575275245, -0.00031188414810665147, -0.00011987680204240829]",0.0,0.0,0.0,0.0
"[-5.895806479176515e-05, -6.725125040827663e-05, -7.347343856669207e-05, -7.718965673983993e-05, -8.397453555900207e-05, -0.00012193863692369786, -0.00017155100972087895, -0.00030985237493045056, -0.00011391593103474764]",0.0,0.0,0.0,0.0
"[-4.9336472025058515e-05, -5.895806479176515e-05, -6.725125040827663e-05, -7.716856500984511e-05, -8.211056484365056e-05, -0.00011452202874067659, -0.0001753158501388643, -0.0003006975060234792, -0.00011701375700142305]",0.0,0.0,0.0,0.0
"[-3.736588353180854e-05, -4.9336472025058515e-05, -5.895806479176515e-05, -7.347343856669207e-05, -8.029055643720852e-05, -0.00010914289984410368, -0.00018900326348624954, -0.00028954327800668534, -0.00012058751356422292]",0.0,0.0,0.0,0.0
"[-2.903900582131759e-05, -3.736588353180854e-05, -4.9336472025058515e-05, -6.725125040827663e-05, -7.921035889365313e-05, -0.00010313997809143246, -0.00019908530831017635, -0.00028596237651644986, -0.00011734145399619941]",0.0,0.0,0.0,0.0
"[-1.9245363018336203e-05, -2.903900582131759e-05, -3.736588353180854e-05, -5.895806479176515e-05, -7.718965673983993e-05, -9.783678186665188e-05, -0.00019702119140866292, -0.0002805003854297934, -0.00011146478459871113]",0.0,0.0,0.0,0.0
"[-2.0610155552327757e-05, -1.9245363018336203e-05, -2.903900582131759e-05, -4.9336472025058515e-05, -7.716856500984511e-05, -9.041456901379897e-05, -0.00018884500248984572, -0.00028085056675314644, -0.00010693113542811819]",0.0,0.0,0.0,0.0
"[-2.0311478700959747e-05, -2.0610155552327757e-05, -1.9245363018336203e-05, -3.736588353180854e-05, -7.347343856669207e-05, -8.520718931337818e-05, -0.00018185114838287312, -0.0002670429379445804, -0.00011188900409974805]",0.0,0.0,0.0,0.0
"[-1.1621742072946968e-05, -2.0311478700959747e-05, -2.0610155552327757e-05, -2.903900582131759e-05, -6.725125040827663e-05, -8.280229604900501e-05, -0.00017881352107123593, -0.0002621969900129597, -0.00010969831539935308]",0.0,0.0,0.0,0.0
"[-1.531235299220136e-05, -1.1621742072946968e-05, -2.0311478700959747e-05, -1.9245363018336203e-05, -5.895806479176515e-05, -8.397453555900207e-05, -0.00017448178535211874, -0.00026535203330452174, -0.00011356701484743909]",0.0,0.0,0.0,0.0
"[-1.125704299503917e-05, -1.531235299220136e-05, -1.1621742072946968e-05, -2.0610155552327757e-05, -4.9336472025058515e-05, -8.211056484365056e-05, -0.00017205908924351683, -0.0002662795940747067, -0.00011520992850284587]",0.0,0.0,0.0,0.0
"[8.83577794336051e-07, -1.125704299503917e-05, -1.531235299220136e-05, -2.0311478700959747e-05, -3.736588353180854e-05, -8.029055643720852e-05, -0.0001715978232024438, -0.0002676480656898457, -0.00011597984509636994]",0.0,0.0,0.0,0.0
"[4.989695251613276e-06, 8.83577794336051e-07, -1.125704299503917e-05, -1.1621742072946968e-05, -2.903900582131759e-05, -7.921035889365313e-05, -0.00016778115385249694, -0.00026970549748459277, -0.00011283026549263167]",0.0,0.0,0.0,0.0
"[5.5394777510836e-06, 4.989695251613276e-06, 8.83577794336051e-07, -1.531235299220136e-05, -1.9245363018336203e-05, -7.718965673983993e-05, -0.00015778437527121783, -0.00026892060806519804, -0.00011703406245122208]",0.0,0.0,0.0,0.0
"[1.1972591690468997e-05, 5.5394777510836e-06, 4.989695251613276e-06, -1.125704299503917e-05, -2.0610155552327757e-05, -7.716856500984511e-05, -0.00014802668345803688, -0.00026933019909401886, -0.00012299352448506351]",0.0,0.0,0.0,0.0
"[1.4746685336033642e-05, 1.1972591690468997e-05, 5.5394777510836e-06, 8.83577794336051e-07, -2.0311478700959747e-05, -7.347343856669207e-05, -0.00014125572667790455, -0.0002665832998284951, -0.00012471168290574105]",0.0,0.0,0.0,0.0
"[5.2479170463889105e-06, 1.4746685336033642e-05, 1.1972591690468997e-05, 4.989695251613276e-06, -1.1621742072946968e-05, -6.725125040827663e-05, -0.00013205470640663568, -0.0002678055495762796, -0.0001238969099029116]",0.0,0.0,0.0,0.0
"[-2.0631822395088166e-06, 5.2479170463889105e-06, 1.4746685336033642e-05, 5.5394777510836e-06, -1.531235299220136e-05, -5.895806479176515e-05, -0.00012193863692369786, -0.0002782926512346814, -0.00012282516292677826]",0.0,0.0,0.0,0.0
"[2.1941838968985827e-06, -2.0631822395088166e-06, 5.2479170463889105e-06, 1.1972591690468997e-05, -1.125704299503917e-05, -4.9336472025058515e-05, -0.00011452202874067659, -0.00028174255903810327, -0.000122171898595582]",0.0,0.0,0.0,0.0
"[1.0978645887157445e-07, 2.1941838968985827e-06, -2.0631822395088166e-06, 1.4746685336033642e-05, 8.83577794336051e-07, -3.736588353180854e-05, -0.00010914289984410368, -0.0002757332657856869, -0.00012850520734975518]",0.0,0.0,0.0,0.0
"[-5.3615700212438956e-06, 1.0978645887157445e-07, 2.1941838968985827e-06, 5.2479170463889105e-06, 4.989695251613276e-06, -2.903900582131759e-05, -0.00010313997809143246, -0.0002590989610404072, -0.00014558957399031112]",0.0,0.0,0.0,0.0
"[-2.5930710848943507e-06, -5.3615700212438956e-06, 1.0978645887157445e-07, -2.0631822395088166e-06, 5.5394777510836e-06, -1.9245363018336203e-05, -9.783678186665188e-05, -0.00024315339461626547, -0.0001550542908832015]",0.0,0.0,0.0,0.0
"[9.963685422278255e-06, -2.5930710848943507e-06, -5.3615700212438956e-06, 2.1941838968985827e-06, 1.1972591690468997e-05, -2.0610155552327757e-05, -9.041456901379897e-05, -0.00022647820551025108, -0.00016384807493260338]",0.0,0.0,0.0,0.0
"[2.4663930725729903e-05, 9.963685422278255e-06, -2.5930710848943507e-06, 1.0978645887157445e-07, 1.4746685336033642e-05, -2.0311478700959747e-05, -8.520718931337818e-05, -0.00021238744701027496, -0.00016968453840878497]",0.0,0.0,0.0,0.0
"[3.480887100057655e-05, 2.4663930725729903e-05, 9.963685422278255e-06, -5.3615700212438956e-06, 5.2479170463889105e-06, -1.1621742072946968e-05, -8.280229604900501e-05, -0.0002090698279052303, -0.00016883012715462515]",0.0,0.0,0.0,0.0
"[3.316670507662854e-05, 3.480887100057655e-05, 2.4663930725729903e-05, -2.5930710848943507e-06, -2.0631822395088166e-06, -1.531235299220136e-05, -8.397453555900207e-05, -0.00019947607812795728, -0.00017660823834003198]",0.0,0.0,0.0,0.0
"[3.151332452371012e-05, 3.316670507662854e-05, 3.480887100057655e-05, 9.963685422278255e-06, 2.1941838968985827e-06, -1.125704299503917e-05, -8.211056484365056e-05, -0.00019077279582853043, -0.00017775091310153482]",0.0,0.0,0.0,0.0
"[2.127713032388941e-05, 3.151332452371012e-05, 3.316670507662854e-05, 2.4663930725729903e-05, 1.0978645887157445e-07, 8.83577794336051e-07, -8.029055643720852e-05, -0.00019452014560980045, -0.00017654598521174708]",0.0,0.0,0.0,0.0
"[1.0720361339111548e-05, 2.127713032388941e-05, 3.151332452371012e-05, 3.480887100057655e-05, -5.3615700212438956e-06, 4.989695251613276e-06, -7.921035889365313e-05, -0.00019189136659791134, -0.0001841683362310791]",0.0,0.0,0.0,0.0
"[3.848478266698977e-06, 1.0720361339111548e-05, 2.127713032388941e-05, 3.316670507662854e-05, -2.5930710848943507e-06, 5.5394777510836e-06, -7.718965673983993e-05, -0.00018714322159127077, -0.0001792743812142887]",0.0,0.0,0.0,0.0
"[-1.3393020371609952e-06, 3.848478266698977e-06, 1.0720361339111548e-05, 3.151332452371012e-05, 9.963685422278255e-06, 1.1972591690468997e-05, -7.716856500984511e-05, -0.00018659082722204243, -0.0001710903340283743]",0.0,0.0,0.0,0.0
"[-7.927929076711395e-06, -1.3393020371609952e-06, 3.848478266698977e-06, 2.127713032388941e-05, 2.4663930725729903e-05, 1.4746685336033642e-05, -7.347343856669207e-05, -0.0001790881578645207, -0.0001577039734239152]",0.0,0.0,0.0,0.0
"[-1.600890261572031e-05, -7.927929076711395e-06, -1.3393020371609952e-06, 1.0720361339111548e-05, 3.480887100057655e-05, 5.2479170463889105e-06, -6.725125040827663e-05, -0.00017083410575275245, -0.00016263819488313396]",0.0,0.0,0.0,0.0
"[-3.302202757116627e-05, -1.600890261572031e-05, -7.927929076711395e-06, 3.848478266698977e-06, 3.316670507662854e-05, -2.0631822395088166e-06, -5.895806479176515e-05, -0.00017155100972087895, -0.00017657279835790117]",0.0,0.0,0.0,0.0
"[-3.9654095062181776e-05, -3.302202757116627e-05, -1.600890261572031e-05, -1.3393020371609952e-06, 3.151332452371012e-05, 2.1941838968985827e-06, -4.9336472025058515e-05, -0.0001753158501388643, -0.00019685504292654357]",0.0,0.0,0.0,0.0
"[-4.290455431421529e-05, -3.9654095062181776e-05, -3.302202757116627e-05, -7.927929076711395e-06, 2.127713032388941e-05, 1.0978645887157445e-07, -3.736588353180854e-05, -0.00018900326348624954, -0.00020948461684955626]",0.0,0.0,0.0,0.0
"[-3.8314733373139654e-05, -4.290455431421529e-05, -3.9654095062181776e-05, -1.600890261572031e-05, 1.0720361339111548e-05, -5.3615700212438956e-06, -2.903900582131759e-05, -0.00019908530831017635, -0.00022135820069497185]",0.0,0.0,0.0,0.0
"[-3.326646452643584e-05, -3.8314733373139654e-05, -4.290455431421529e-05, -3.302202757116627e-05, 3.848478266698977e-06, -2.5930710848943507e-06, -1.9245363018336203e-05, -0.00019702119140866292, -0.00022592315229997835]",0.0,0.0,0.0,0.0
"[-3.6854955622057895e-05, -3.326646452643584e-05, -3.8314733373139654e-05, -3.9654095062181776e-05, -1.3393020371609952e-06, 9.963685422278255e-06, -2.0610155552327757e-05, -0.00018884500248984572, -0.00021819921096882078]",0.0,0.0,0.0,0.0
"[-3.2867419320011326e-05, -3.6854955622057895e-05, -3.326646452643584e-05, -4.290455431421529e-05, -7.927929076711395e-06, 2.4663930725729903e-05, -2.0311478700959747e-05, -0.00018185114838287312, -0.0002175859186403441]",0.0,0.0,0.0,0.0
"[-2.902637486134095e-05, -3.2867419320011326e-05, -3.6854955622057895e-05, -3.8314733373139654e-05, -1.600890261572031e-05, 3.480887100057655e-05, -1.1621742072946968e-05, -0.00017881352107123593, -0.0002215681387761418]",0.0,0.0,0.0,0.0
"[-2.9088726869085077e-05, -2.902637486134095e-05, -3.2867419320011326e-05, -3.326646452643584e-05, -3.302202757116627e-05, 3.316670507662854e-05, -1.531235299220136e-05, -0.00017448178535211874, -0.0002311140836306813]",0.0,0.0,0.0,0.0
"[-2.4168220708112996e-05, -2.9088726869085077e-05, -2.902637486134095e-05, -3.6854955622057895e-05, -3.9654095062181776e-05, 3.151332452371012e-05, -1.125704299503917e-05, -0.00017205908924351683, -0.00023490001007679198]",0.0,0.0,0.0,0.0
"[-2.109847629479431e-05, -2.4168220708112996e-05, -2.9088726869085077e-05, -3.2867419320011326e-05, -4.290455431421529e-05, 2.127713032388941e-05, 8.83577794336051e-07, -0.0001715978232024438, -0.00023997470546308381]",0.0,0.0,0.0,0.0
"[-2.0826620140915728e-05, -2.109847629479431e-05, -2.4168220708112996e-05, -2.902637486134095e-05, -3.8314733373139654e-05, 1.0720361339111548e-05, 4.989695251613276e-06, -0.00016778115385249694, -0.00024232684843104144]",0.0,0.0,0.0,0.0
"[-2.0711688219986532e-05, -2.0826620140915728e-05, -2.109847629479431e-05, -2.9088726869085077e-05, -3.326646452643584e-05, 3.848478266698977e-06, 5.5394777510836e-06, -0.00015778437527121783, -0.00024907515020883134]",0.0,0.0,0.0,0.0
"[-2.448003874627089e-05, -2.0711688219986532e-05, -2.0826620140915728e-05, -2.4168220708112996e-05, -3.6854955622057895e-05, -1.3393020371609952e-06, 1.1972591690468997e-05, -0.00014802668345803688, -0.000247880398873804]",0.0,0.0,0.0,0.0
"[-3.583524165016435e-05, -2.448003874627089e-05, -2.0711688219986532e-05, -2.109847629479431e-05, -3.2867419320011326e-05, -7.927929076711395e-06, 1.4746685336033642e-05, -0.00014125572667790455, -0.00024205060138120672]",0.0,0.0,0.0,0.0
"[-4.068222892548594e-05, -3.583524165016435e-05, -2.448003874627089e-05, -2.0826620140915728e-05, -2.902637486134095e-05, -1.600890261572031e-05, 5.2479170463889105e-06, -0.00013205470640663568, -0.000235078549918938]",0.0,0.0,0.0,0.0
"[-5.1414904732226216e-05, -4.068222892548594e-05, -3.583524165016435e-05, -2.0711688219986532e-05, -2.9088726869085077e-05, -3.302202757116627e-05, -2.0631822395088166e-06, -0.00012193863692369786, -0.0002348861273643778]",0.0,0.0,0.0,0.0
"[-5.5420865315280016e-05, -5.1414904732226216e-05, -4.068222892548594e-05, -2.448003874627089e-05, -2.4168220708112996e-05, -3.9654095062181776e-05, 2.1941838968985827e-06, -0.00011452202874067659, -0.00023188539663947924]",0.0,0.0,0.0,0.0
"[-6.024404419131294e-05, -5.5420865315280016e-05, -5.1414904732226216e-05, -3.583524165016435e-05, -2.109847629479431e-05, -4.290455431421529e-05, 1.0978645887157445e-07, -0.00010914289984410368, -0.000230384259326117]",3.126885770898466e-05,0.0,0.0,0.0022016636728141477
"[-5.482036798457062e-05, -6.024404419131294e-05, -5.5420865315280016e-05, -4.068222892548594e-05, -2.0826620140915728e-05, -3.8314733373139654e-05, -5.3615700212438956e-06, -0.00010313997809143246, -0.00022983178562049442]",3.126885770898466e-05,3.126885770898466e-05,1.0,0.0023675165460235823
"[-5.469885591569032e-05, -5.482036798457062e-05, -6.024404419131294e-05, -5.1414904732226216e-05, -2.0711688219986532e-05, -3.326646452643584e-05, -2.5930710848943507e-06, -9.783678186665188e-05, -0.00023599444776937258]",3.126885770898466e-05,6.253771541796932e-05,2.0,0.0023231710168096077
"[-6.0480802445188724e-05, -5.469885591569032e-05, -5.482036798457062e-05, -5.5420865315280016e-05, -2.448003874627089e-05, -3.6854955622057895e-05, 9.963685422278255e-06, -9.041456901379897e-05, -0.0002534284173203154]",3.126885770898466e-05,9.380657312695398e-05,3.0,0.0026049769778755997
"[-6.235918732676157e-05, -6.0480802445188724e-05, -5.469885591569032e-05, -6.024404419131294e-05, -3.583524165016435e-05, -3.2867419320011326e-05, 2.4663930725729903e-05, -8.520718931337818e-05, -0.00025761523338658024]",3.126885770898466e-05,0.00012507543083593864,4.0,0.0026016366269277155
"[-7.164265599722308e-05, -6.235918732676157e-05, -6.0480802445188724e-05, -5.482036798457062e-05, -4.068222892548594e-05, -2.902637486134095e-05, 3.480887100057655e-05, -8.280229604900501e-05, -0.00026766278554827633]",3.126885770898466e-05,0.0001563442885449233,5.0,0.002193228542831319
"[-7.645640407395537e-05, -7.164265599722308e-05, -6.235918732676157e-05, -5.469885591569032e-05, -5.1414904732226216e-05, -2.9088726869085077e-05, 3.316670507662854e-05, -8.397453555900207e-05, -0.00027741536444455015]",3.126885770898466e-05,0.00018761314625390796,6.0,0.0022182917321306207
"[-6.83218875377111e-05, -7.645640407395537e-05, -7.164265599722308e-05, -6.0480802445188724e-05, -5.5420865315280016e-05, -2.4168220708112996e-05, 3.151332452371012e-05, -8.211056484365056e-05, -0.0002829209357922296]",3.126885770898466e-05,0.00021888200396289262,7.0,0.0021011047670298315
"[-6.382218112255201e-05, -6.83218875377111e-05, -7.645640407395537e-05, -6.235918732676157e-05, -6.024404419131294e-05, -2.109847629479431e-05, 2.127713032388941e-05, -8.029055643720852e-05, -0.0002805325415142038]",3.126885770898466e-05,0.0002501508616718773,8.0,0.0022663710075938016
"[-5.690626434232271e-05, -6.382218112255201e-05, -6.83218875377111e-05, -7.164265599722308e-05, -5.482036798457062e-05, -2.0826620140915728e-05, 1.0720361339111548e-05, -7.921035889365313e-05, -0.00028787632949093357]",3.126885770898466e-05,0.00028141971938086194,9.0,0.0020119082785412376
"[-5.83157784145739e-05, -5.690626434232271e-05, -6.382218112255201e-05, -7.645640407395537e-05, -5.469885591569032e-05, -2.0711688219986532e-05, 3.848478266698977e-06, -7.718965673983993e-05, -0.00029064658117776724]",3.126885770898466e-05,0.0003126885770898466,10.0,0.002189186638905533
"[-4.973480136382258e-05, -5.83157784145739e-05, -5.690626434232271e-05, -6.83218875377111e-05, -6.0480802445188724e-05, -2.448003874627089e-05, -1.3393020371609952e-06, -7.716856500984511e-05, -0.000298397857374434]",3.126885770898466e-05,0.00034395743479883126,11.0,0.002195301073882198
"[-5.0928769341143076e-05, -4.973480136382258e-05, -5.83157784145739e-05, -6.382218112255201e-05, -6.235918732676157e-05, -3.583524165016435e-05, -7.927929076711395e-06, -7.347343856669207e-05, -0.00030748138558661387]",3.126885770898466e-05,0.0003752262925078159,12.0,0.0024269563174662465
"[-5.184483649326125e-05, -5.0928769341143076e-05, -4.973480136382258e-05, -5.690626434232271e-05, -7.164265599722308e-05, -4.068222892548594e-05, -1.600890261572031e-05, -6.725125040827663e-05, -0.00031188414810665147]",3.126885770898466e-05,0.0004064951502168006,13.0,0.0023125220235737085
"[-6.0724352595873394e-05, -5.184483649326125e-05, -5.0928769341143076e-05, -5.83157784145739e-05, -7.645640407395537e-05, -5.1414904732226216e-05, -3.302202757116627e-05, -5.895806479176515e-05, -0.00030985237493045056]",3.126885770898466e-05,0.00043776400792578524,14.0,0.002208616680835505
"[-6.19607585163698e-05, -6.0724352595873394e-05, -5.184483649326125e-05, -4.973480136382258e-05, -6.83218875377111e-05, -5.5420865315280016e-05, -3.9654095062181776e-05, -4.9336472025058515e-05, -0.0003006975060234792]",3.126885770898466e-05,0.0004690328656347699,15.0,0.002263051047883725
"[-5.917642767432419e-05, -6.19607585163698e-05, -6.0724352595873394e-05, -5.0928769341143076e-05, -6.382218112255201e-05, -6.024404419131294e-05, -4.290455431421529e-05, -3.736588353180854e-05, -0.00028954327800668534]",3.126885770898466e-05,0.0005003017233437546,16.0,0.002005757515550506
"[-5.9510662123119765e-05, -5.917642767432419e-05, -6.19607585163698e-05, -5.184483649326125e-05, -5.690626434232271e-05, -5.482036798457062e-05, -3.8314733373139654e-05, -2.903900582131759e-05, -0.00028596237651644986]",3.126885770898466e-05,0.0005315705810527392,17.0,0.002122432519130666
"[-4.996261034969994e-05, -5.9510662123119765e-05, -5.917642767432419e-05, -6.0724352595873394e-05, -5.83157784145739e-05, -5.469885591569032e-05, -3.326646452643584e-05, -1.9245363018336203e-05, -0.0002805003854297934]",3.126885770898466e-05,0.0005628394387617239,18.0,0.0022584502472619773
"[-4.834500079237597e-05, -4.996261034969994e-05, -5.9510662123119765e-05, -6.19607585163698e-05, -4.973480136382258e-05, -6.0480802445188724e-05, -3.6854955622057895e-05, -2.0610155552327757e-05, -0.00028085056675314644]",3.126885770898466e-05,0.0005941082964707085,19.0,0.0020045365350652034
"[-5.281124010650344e-05, -4.834500079237597e-05, -4.996261034969994e-05, -5.917642767432419e-05, -5.0928769341143076e-05, -6.235918732676157e-05, -3.2867419320011326e-05, -2.0311478700959747e-05, -0.0002670429379445804]",3.126885770898466e-05,0.0006253771541796932,20.0,0.0021459057804357625
"[-4.525580766728471e-05, -5.281124010650344e-05, -4.834500079237597e-05, -5.9510662123119765e-05, -5.184483649326125e-05, -7.164265599722308e-05, -2.902637486134095e-05, -1.1621742072946968e-05, -0.0002621969900129597]",3.126885770898466e-05,0.0006566460118886779,21.0,0.0019547956340040585
"[-4.62067614659829e-05, -4.525580766728471e-05, -5.281124010650344e-05, -4.996261034969994e-05, -6.0724352595873394e-05, -7.645640407395537e-05, -2.9088726869085077e-05, -1.531235299220136e-05, -0.00026535203330452174]",3.126885770898466e-05,0.0006879148695976625,22.0,0.0019866547718043106
"[-3.785576371804538e-05, -4.62067614659829e-05, -4.525580766728471e-05, -4.834500079237597e-05, -6.19607585163698e-05, -6.83218875377111e-05, -2.4168220708112996e-05, -1.125704299503917e-05, -0.0002662795940747067]",3.126885770898466e-05,0.0007191837273066472,23.0,0.0020743133624434723
"[-3.3047794643662894e-05, -3.785576371804538e-05, -4.62067614659829e-05, -5.281124010650344e-05, -5.917642767432419e-05, -6.382218112255201e-05, -2.109847629479431e-05, 8.83577794336051e-07, -0.0002676480656898457]",3.126885770898466e-05,0.0007504525850156318,24.0,0.002141610277529507
"[-3.440812784843385e-05, -3.3047794643662894e-05, -3.785576371804538e-05, -4.525580766728471e-05, -5.9510662123119765e-05, -5.690626434232271e-05, -2.0826620140915728e-05, 4.989695251613276e-06, -0.00026970549748459277]",3.126885770898466e-05,0.0007817214427246165,25.0,0.0022299412157497033
"[-3.9035744221421395e-05, -3.440812784843385e-05, -3.3047794643662894e-05, -4.62067614659829e-05, -4.996261034969994e-05, -5.83157784145739e-05, -2.0711688219986532e-05, 5.5394777510836e-06, -0.00026892060806519804]",3.126885770898466e-05,0.0008129903004336012,26.0,0.0022032126474582935
"[-4.6124386486810696e-05, -3.9035744221421395e-05, -3.440812784843385e-05, -3.785576371804538e-05, -4.834500079237597e-05, -4.973480136382258e-05, -2.448003874627089e-05, 1.1972591690468997e-05, -0.00026933019909401886]",3.126885770898466e-05,0.0008442591581425858,27.0,0.0021985731997176136
"[-4.921084328919309e-05, -4.6124386486810696e-05, -3.9035744221421395e-05, -3.3047794643662894e-05, -5.281124010650344e-05, -5.0928769341143076e-05, -3.583524165016435e-05, 1.4746685336033642e-05, -0.0002665832998284951]",3.126885770898466e-05,0.0008755280158515705,28.0,0.0022305928038937536
"[-5.0956770400336046e-05, -4.921084328919309e-05, -4.6124386486810696e-05, -3.440812784843385e-05, -4.525580766728471e-05, -5.184483649326125e-05, -4.068222892548594e-05, 5.2479170463889105e-06, -0.0002678055495762796]",3.126885770898466e-05,0.0009067968735605551,29.0,0.0024584056241291384
"[-5.3300710607357375e-05, -5.0956770400336046e-05, -4.921084328919309e-05, -3.9035744221421395e-05, -4.62067614659829e-05, -6.0724352595873394e-05, -5.1414904732226216e-05, -2.0631822395088166e-06, -0.0002782926512346814]",3.126885770898466e-05,0.0009380657312695398,30.0,0.002368900204585724
"[-6.251273725909872e-05, -5.3300710607357375e-05, -5.0956770400336046e-05, -4.6124386486810696e-05, -3.785576371804538e-05, -6.19607585163698e-05, -5.5420865315280016e-05, 2.1941838968985827e-06, -0.00028174255903810327]",3.126885770898466e-05,0.0009693345889785245,31.0,0.0023634958249528874
"[-6.488011558192003e-05, -6.251273725909872e-05, -5.3300710607357375e-05, -4.921084328919309e-05, -3.3047794643662894e-05, -5.917642767432419e-05, -6.024404419131294e-05, 1.0978645887157445e-07, -0.0002757332657856869]",3.126885770898466e-05,0.0010006034466875091,32.0,0.0019731689601666935
"[-6.60771191891864e-05, -6.488011558192003e-05, -6.251273725909872e-05, -5.0956770400336046e-05, -3.440812784843385e-05, -5.9510662123119765e-05, -5.482036798457062e-05, -5.3615700212438956e-06, -0.0002590989610404072]",3.126885770898466e-05,0.0010318723043964938,33.0,0.0020442139502576213
"[-5.3590122055883765e-05, -6.60771191891864e-05, -6.488011558192003e-05, -5.3300710607357375e-05, -3.9035744221421395e-05, -4.996261034969994e-05, -5.469885591569032e-05, -2.5930710848943507e-06, -0.00024315339461626547]",3.126885770898466e-05,0.0010631411621054784,34.0,0.0020501841045171753
"[-4.749348688235757e-05, -5.3590122055883765e-05, -6.60771191891864e-05, -6.251273725909872e-05, -4.6124386486810696e-05, -4.834500079237597e-05, -6.0480802445188724e-05, 9.963685422278255e-06, -0.00022647820551025108]",3.126885770898466e-05,0.001094410019814463,35.0,0.001961885604551848
"[-4.339449219206084e-05, -4.749348688235757e-05, -5.3590122055883765e-05, -6.488011558192003e-05, -4.921084328919309e-05, -5.281124010650344e-05, -6.235918732676157e-05, 2.4663930725729903e-05, -0.00021238744701027496]",3.126885770898466e-05,0.0011256788775234478,36.0,0.0020222342595255676
"[-3.602303141016237e-05, -4.339449219206084e-05, -4.749348688235757e-05, -6.60771191891864e-05, -5.0956770400336046e-05, -4.525580766728471e-05, -7.164265599722308e-05, 3.480887100057655e-05, -0.0002090698279052303]",3.126885770898466e-05,0.0011569477352324324,37.0,0.0020552357096927628
"[-3.376769175528207e-05, -3.602303141016237e-05, -4.339449219206084e-05, -5.3590122055883765e-05, -5.3300710607357375e-05, -4.62067614659829e-05, -7.645640407395537e-05, 3.316670507662854e-05, -0.00019947607812795728]",3.126885770898466e-05,0.001188216592941417,38.0,0.0020013372232384483
"[-3.396407398757735e-05, -3.376769175528207e-05, -3.602303141016237e-05, -4.749348688235757e-05, -6.251273725909872e-05, -3.785576371804538e-05, -6.83218875377111e-05, 3.151332452371012e-05, -0.00019077279582853043]",3.126885770898466e-05,0.0012194854506504017,39.0,0.001813289175520666
"[-3.107076353443043e-05, -3.396407398757735e-05, -3.376769175528207e-05, -4.339449219206084e-05, -6.488011558192003e-05, -3.3047794643662894e-05, -6.382218112255201e-05, 2.127713032388941e-05, -0.00019452014560980045]",3.126885770898466e-05,0.0012507543083593864,40.0,0.001965838289764599
"[-1.5715699266711004e-05, -3.107076353443043e-05, -3.396407398757735e-05, -3.602303141016237e-05, -6.60771191891864e-05, -3.440812784843385e-05, -5.690626434232271e-05, 1.0720361339111548e-05, -0.00019189136659791134]",3.126885770898466e-05,0.001282023166068371,41.0,0.0020603747273401658
"[-1.2741821216497797e-05, -1.5715699266711004e-05, -3.107076353443043e-05, -3.376769175528207e-05, -5.3590122055883765e-05, -3.9035744221421395e-05, -5.83157784145739e-05, 3.848478266698977e-06, -0.00018714322159127077]",3.126885770898466e-05,0.0013132920237773557,42.0,0.0019839538332018644
"[-1.8422490823222334e-05, -1.2741821216497797e-05, -1.5715699266711004e-05, -3.396407398757735e-05, -4.749348688235757e-05, -4.6124386486810696e-05, -4.973480136382258e-05, -1.3393020371609952e-06, -0.00018659082722204243]",3.126885770898466e-05,0.0013445608814863404,43.0,0.0020111267931518626
"[-1.693203134151596e-05, -1.8422490823222334e-05, -1.2741821216497797e-05, -3.107076353443043e-05, -4.339449219206084e-05, -4.921084328919309e-05, -5.0928769341143076e-05, -7.927929076711395e-06, -0.0001790881578645207]",3.126885770898466e-05,0.001375829739195325,44.0,0.0019542861203458413
"[-1.784964108045443e-05, -1.693203134151596e-05, -1.8422490823222334e-05, -1.5715699266711004e-05, -3.602303141016237e-05, -5.0956770400336046e-05, -5.184483649326125e-05, -1.600890261572031e-05, -0.00017083410575275245]",3.126885770898466e-05,0.0014070985969043097,45.0,0.0019080495088882234
"[-1.3837641420884874e-05, -1.784964108045443e-05, -1.693203134151596e-05, -1.2741821216497797e-05, -3.376769175528207e-05, -5.3300710607357375e-05, -6.0724352595873394e-05, -3.302202757116627e-05, -0.00017155100972087895]",3.126885770898466e-05,0.0014383674546132943,46.0,0.0019349184477314278
"[-4.577389424881123e-06, -1.3837641420884874e-05, -1.784964108045443e-05, -1.8422490823222334e-05, -3.396407398757735e-05, -6.251273725909872e-05, -6.19607585163698e-05, -3.9654095062181776e-05, -0.0001753158501388643]",3.126885770898466e-05,0.001469636312322279,47.0,0.001985960417923426
"[5.661220804195232e-06, -4.577389424881123e-06, -1.3837641420884874e-05, -1.693203134151596e-05, -3.107076353443043e-05, -6.488011558192003e-05, -5.917642767432419e-05, -4.290455431421529e-05, -0.00018900326348624954]",3.126885770898466e-05,0.0015009051700312637,48.0,0.0021091705461356463
"[2.075380506144288e-05, 5.661220804195232e-06, -4.577389424881123e-06, -1.784964108045443e-05, -1.5715699266711004e-05, -6.60771191891864e-05, -5.9510662123119765e-05, -3.8314733373139654e-05, -0.00019908530831017635]",3.126885770898466e-05,0.0015321740277402483,49.0,0.0021272570038899734
"[2.413469433072497e-05, 2.075380506144288e-05, 5.661220804195232e-06, -1.3837641420884874e-05, -1.2741821216497797e-05, -5.3590122055883765e-05, -4.996261034969994e-05, -3.326646452643584e-05, -0.00019702119140866292]",3.126885770898466e-05,0.001563442885449233,50.0,0.002128157095155939
"[2.4115078283316602e-05, 2.413469433072497e-05, 2.075380506144288e-05, -4.577389424881123e-06, -1.8422490823222334e-05, -4.749348688235757e-05, -4.834500079237597e-05, -3.6854955622057895e-05, -0.00018884500248984572]",3.126885770898466e-05,0.0015947117431582176,51.0,0.0021190393658517236
"[2.4548332992111972e-05, 2.4115078283316602e-05, 2.413469433072497e-05, 5.661220804195232e-06, -1.693203134151596e-05, -4.339449219206084e-05, -5.281124010650344e-05, -3.2867419320011326e-05, -0.00018185114838287312]",3.126885770898466e-05,0.0016259806008672023,52.0,0.002034332861407671
"[1.1573229901258821e-05, 2.4548332992111972e-05, 2.4115078283316602e-05, 2.075380506144288e-05, -1.784964108045443e-05, -3.602303141016237e-05, -4.525580766728471e-05, -2.902637486134095e-05, -0.00017881352107123593]",3.126885770898466e-05,0.001657249458576187,53.0,0.002177511061163233
"[2.5307035093084804e-05, 1.1573229901258821e-05, 2.4548332992111972e-05, 2.413469433072497e-05, -1.3837641420884874e-05, -3.376769175528207e-05, -4.62067614659829e-05, -2.9088726869085077e-05, -0.00017448178535211874]",3.126885770898466e-05,0.0016885183162851716,54.0,0.002373665485292111
"[3.579525360807904e-05, 2.5307035093084804e-05, 1.1573229901258821e-05, 2.4115078283316602e-05, -4.577389424881123e-06, -3.396407398757735e-05, -3.785576371804538e-05, -2.4168220708112996e-05, -0.00017205908924351683]",3.126885770898466e-05,0.0017197871739941563,55.0,0.002621678239308967
"[5.1024501042950874e-05, 3.579525360807904e-05, 2.5307035093084804e-05, 2.4548332992111972e-05, 5.661220804195232e-06, -3.107076353443043e-05, -3.3047794643662894e-05, -2.109847629479431e-05, -0.0001715978232024438]",3.126885770898466e-05,0.001751056031703141,56.0,0.002587113286297093
"[6.232605049870399e-05, 5.1024501042950874e-05, 3.579525360807904e-05, 1.1573229901258821e-05, 2.075380506144288e-05, -1.5715699266711004e-05, -3.440812784843385e-05, -2.0826620140915728e-05, -0.00016778115385249694]",3.126885770898466e-05,0.0017823248894121256,57.0,0.002403396540779372
"[5.971029508188237e-05, 6.232605049870399e-05, 5.1024501042950874e-05, 2.5307035093084804e-05, 2.413469433072497e-05, -1.2741821216497797e-05, -3.9035744221421395e-05, -2.0711688219986532e-05, -0.00015778437527121783]",3.126885770898466e-05,0.0018135937471211103,58.0,0.0024163472761336295
"[4.870912848266209e-05, 5.971029508188237e-05, 6.232605049870399e-05, 3.579525360807904e-05, 2.4115078283316602e-05, -1.8422490823222334e-05, -4.6124386486810696e-05, -2.448003874627089e-05, -0.00014802668345803688]",3.126885770898466e-05,0.001844862604830095,59.0,0.002258071056769201
"[4.981169229610049e-05, 4.870912848266209e-05, 5.971029508188237e-05, 5.1024501042950874e-05, 2.4548332992111972e-05, -1.693203134151596e-05, -4.921084328919309e-05, -3.583524165016435e-05, -0.00014125572667790455]",3.126885770898466e-05,0.0018761314625390796,60.0,0.0022036745741888094
"[3.557872795637219e-05, 4.981169229610049e-05, 4.870912848266209e-05, 6.232605049870399e-05, 1.1573229901258821e-05, -1.784964108045443e-05, -5.0956770400336046e-05, -4.068222892548594e-05, -0.00013205470640663568]",3.126885770898466e-05,0.0019074003202480642,61.0,0.0021754995286317694
"[3.0825953117527276e-05, 3.557872795637219e-05, 4.981169229610049e-05, 5.971029508188237e-05, 2.5307035093084804e-05, -1.3837641420884874e-05, -5.3300710607357375e-05, -5.1414904732226216e-05, -0.00012193863692369786]",3.126885770898466e-05,0.001938669177957049,62.0,0.0022343977452949195
"[2.8493926279800322e-05, 3.0825953117527276e-05, 3.557872795637219e-05, 4.870912848266209e-05, 3.579525360807904e-05, -4.577389424881123e-06, -6.251273725909872e-05, -5.5420865315280016e-05, -0.00011452202874067659]",3.126885770898466e-05,0.0019699380356660336,63.0,0.002290896970443834
"[4.0779799802090886e-05, 2.8493926279800322e-05, 3.0825953117527276e-05, 4.981169229610049e-05, 5.1024501042950874e-05, 5.661220804195232e-06, -6.488011558192003e-05, -6.024404419131294e-05, -0.00010914289984410368]",3.126885770898466e-05,0.0020012068933750182,64.0,0.00231233335329705
"[3.9997846619076816e-05, 4.0779799802090886e-05, 2.8493926279800322e-05, 3.557872795637219e-05, 6.232605049870399e-05, 2.075380506144288e-05, -6.60771191891864e-05, -5.482036798457062e-05, -0.00010313997809143246]",3.126885770898466e-05,0.002032475751084003,65.0,0.0022799888166482817
"[4.2407671155144125e-05, 3.9997846619076816e-05, 4.0779799802090886e-05, 3.0825953117527276e-05, 5.971029508188237e-05, 2.413469433072497e-05, -5.3590122055883765e-05, -5.469885591569032e-05, -9.783678186665188e-05]",3.126885770898466e-05,0.0020637446087929875,66.0,0.0021808488765968086
"[3.853348325618737e-05, 4.2407671155144125e-05, 3.9997846619076816e-05, 2.8493926279800322e-05, 4.870912848266209e-05, 2.4115078283316602e-05, -4.749348688235757e-05, -6.0480802445188724e-05, -9.041456901379897e-05]",3.126885770898466e-05,0.002095013466501972,67.0,0.0021202855135950397
"[2.6049542571346444e-05, 3.853348325618737e-05, 4.2407671155144125e-05, 4.0779799802090886e-05, 4.981169229610049e-05, 2.4548332992111972e-05, -4.339449219206084e-05, -6.235918732676157e-05, -8.520718931337818e-05]",3.126885770898466e-05,0.002126282324210957,68.0,0.002041160161423968
"[5.588065873600199e-06, 2.6049542571346444e-05, 3.853348325618737e-05, 3.9997846619076816e-05, 3.557872795637219e-05, 1.1573229901258821e-05, -3.602303141016237e-05, -7.164265599722308e-05, -8.280229604900501e-05]",3.126885770898466e-05,0.0021575511819199415,69.0,0.0019765139350202874
"[2.0740942276960774e-06, 5.588065873600199e-06, 2.6049542571346444e-05, 4.2407671155144125e-05, 3.0825953117527276e-05, 2.5307035093084804e-05, -3.376769175528207e-05, -7.645640407395537e-05, -8.397453555900207e-05]",3.126885770898466e-05,0.002188820039628926,70.0,0.002054503697251281
"[1.0802623710545213e-05, 2.0740942276960774e-06, 5.588065873600199e-06, 3.853348325618737e-05, 2.8493926279800322e-05, 3.579525360807904e-05, -3.396407398757735e-05, -6.83218875377111e-05, -8.211056484365056e-05]",3.126885770898466e-05,0.002220088897337911,71.0,0.002032834144489821
"[7.494638343308779e-06, 1.0802623710545213e-05, 2.0740942276960774e-06, 2.6049542571346444e-05, 4.0779799802090886e-05, 5.1024501042950874e-05, -3.107076353443043e-05, -6.382218112255201e-05, -8.029055643720852e-05]",3.126885770898466e-05,0.0022513577550468955,72.0,0.0020241235820862985
"[7.448328867886563e-06, 7.494638343308779e-06, 1.0802623710545213e-05, 5.588065873600199e-06, 3.9997846619076816e-05, 6.232605049870399e-05, -1.5715699266711004e-05, -5.690626434232271e-05, -7.921035889365313e-05]",3.126885770898466e-05,0.00228262661275588,73.0,0.0020520402295024142
"[1.0499785508332057e-05, 7.448328867886563e-06, 7.494638343308779e-06, 2.0740942276960774e-06, 4.2407671155144125e-05, 5.971029508188237e-05, -1.2741821216497797e-05, -5.83157784145739e-05, -7.718965673983993e-05]",3.126885770898466e-05,0.002313895470464865,74.0,0.002053075687810435
"[8.265029012393424e-06, 1.0499785508332057e-05, 7.448328867886563e-06, 1.0802623710545213e-05, 3.853348325618737e-05, 4.870912848266209e-05, -1.8422490823222334e-05, -4.973480136382258e-05, -7.716856500984511e-05]",3.126885770898466e-05,0.0023451643281738495,75.0,0.002045077189843698
"[3.6640234734112945e-06, 8.265029012393424e-06, 1.0499785508332057e-05, 7.494638343308779e-06, 2.6049542571346444e-05, 4.981169229610049e-05, -1.693203134151596e-05, -5.0928769341143076e-05, -7.347343856669207e-05]",3.126885770898466e-05,0.002376433185882834,76.0,0.002062341467347183
"[-1.071919684675268e-06, 3.6640234734112945e-06, 8.265029012393424e-06, 7.448328867886563e-06, 5.588065873600199e-06, 3.557872795637219e-05, -1.784964108045443e-05, -5.184483649326125e-05, -6.725125040827663e-05]",3.126885770898466e-05,0.002407702043591819,77.0,0.001992364714610524
"[-8.869235703172348e-06, -1.071919684675268e-06, 3.6640234734112945e-06, 1.0499785508332057e-05, 2.0740942276960774e-06, 3.0825953117527276e-05, -1.3837641420884874e-05, -6.0724352595873394e-05, -5.895806479176515e-05]",3.126885770898466e-05,0.0024389709013008035,78.0,0.002036879547682189
"[-8.207776614447128e-06, -8.869235703172348e-06, -1.071919684675268e-06, 8.265029012393424e-06, 1.0802623710545213e-05, 2.8493926279800322e-05, -4.577389424881123e-06, -6.19607585163698e-05, -4.9336472025058515e-05]",3.126885770898466e-05,0.002470239759009788,79.0,0.0019902178343098255
"[-1.2436775491750686e-05, -8.207776614447128e-06, -8.869235703172348e-06, 3.6640234734112945e-06, 7.494638343308779e-06, 4.0779799802090886e-05, 5.661220804195232e-06, -5.917642767432419e-05, -3.736588353180854e-05]",3.126885770898466e-05,0.0025015086167187728,80.0,0.0020556719330286862
"[-1.1698029271385214e-05, -1.2436775491750686e-05, -8.207776614447128e-06, -1.071919684675268e-06, 7.448328867886563e-06, 3.9997846619076816e-05, 2.075380506144288e-05, -5.9510662123119765e-05, -2.903900582131759e-05]",3.126885770898466e-05,0.0025327774744277574,81.0,0.001954250730674211
"[-1.722946504772617e-05, -1.1698029271385214e-05, -1.2436775491750686e-05, -8.869235703172348e-06, 1.0499785508332057e-05, 4.2407671155144125e-05, 2.413469433072497e-05, -4.996261034969994e-05, -1.9245363018336203e-05]",3.126885770898466e-05,0.002564046332136742,82.0,0.002108904342476653
"[-1.3096741282064385e-05, -1.722946504772617e-05, -1.1698029271385214e-05, -8.207776614447128e-06, 8.265029012393424e-06, 3.853348325618737e-05, 2.4115078283316602e-05, -4.834500079237597e-05, -2.0610155552327757e-05]",3.126885770898466e-05,0.0025953151898457268,83.0,0.002060784359436057
"[-2.2531757015209245e-05, -1.3096741282064385e-05, -1.722946504772617e-05, -1.2436775491750686e-05, 3.6640234734112945e-06, 2.6049542571346444e-05, 2.4548332992111972e-05, -5.281124010650344e-05, -2.0311478700959747e-05]",3.126885770898466e-05,0.0026265840475547114,84.0,0.002085752080999886
"[-2.5899580041541935e-05, -2.2531757015209245e-05, -1.3096741282064385e-05, -1.1698029271385214e-05, -1.071919684675268e-06, 5.588065873600199e-06, 1.1573229901258821e-05, -4.525580766728471e-05, -1.1621742072946968e-05]",3.126885770898466e-05,0.002657852905263696,85.0,0.0022019151581858755
"[-2.9933596185353072e-05, -2.5899580041541935e-05, -2.2531757015209245e-05, -1.722946504772617e-05, -8.869235703172348e-06, 2.0740942276960774e-06, 2.5307035093084804e-05, -4.62067614659829e-05, -1.531235299220136e-05]",3.126885770898466e-05,0.0026891217629726807,86.0,0.0023915113555731658
"[-3.908592020229913e-05, -2.9933596185353072e-05, -2.5899580041541935e-05, -1.3096741282064385e-05, -8.207776614447128e-06, 1.0802623710545213e-05, 3.579525360807904e-05, -3.785576371804538e-05, -1.125704299503917e-05]",3.126885770898466e-05,0.0027203906206816654,87.0,0.0023169317044381085
"[-5.266919922688184e-05, -3.908592020229913e-05, -2.9933596185353072e-05, -2.2531757015209245e-05, -1.2436775491750686e-05, 7.494638343308779e-06, 5.1024501042950874e-05, -3.3047794643662894e-05, 8.83577794336051e-07]",3.126885770898466e-05,0.00275165947839065,88.0,0.002392843209310055
"[-5.7382752369810584e-05, -5.266919922688184e-05, -3.908592020229913e-05, -2.5899580041541935e-05, -1.1698029271385214e-05, 7.448328867886563e-06, 6.232605049870399e-05, -3.440812784843385e-05, 4.989695251613276e-06]",3.126885770898466e-05,0.0027829283360996347,89.0,0.002407351812597268
"[-6.261482786823716e-05, -5.7382752369810584e-05, -5.266919922688184e-05, -2.9933596185353072e-05, -1.722946504772617e-05, 1.0499785508332057e-05, 5.971029508188237e-05, -3.9035744221421395e-05, 5.5394777510836e-06]",3.126885770898466e-05,0.0028141971938086194,90.0,0.002290753128712939
"[-6.604803616781186e-05, -6.261482786823716e-05, -5.7382752369810584e-05, -3.908592020229913e-05, -1.3096741282064385e-05, 8.265029012393424e-06, 4.870912848266209e-05, -4.6124386486810696e-05, 1.1972591690468997e-05]",3.126885770898466e-05,0.002845466051517604,91.0,0.002399356010569682
"[-6.458357568272847e-05, -6.604803616781186e-05, -6.261482786823716e-05, -5.266919922688184e-05, -2.2531757015209245e-05, 3.6640234734112945e-06, 4.981169229610049e-05, -4.921084328919309e-05, 1.4746685336033642e-05]",3.126885770898466e-05,0.0028767349092265887,92.0,0.0026173616350834055
"[-6.686994262525693e-05, -6.458357568272847e-05, -6.604803616781186e-05, -5.7382752369810584e-05, -2.5899580041541935e-05, -1.071919684675268e-06, 3.557872795637219e-05, -5.0956770400336046e-05, 5.2479170463889105e-06]",3.126885770898466e-05,0.0029080037669355734,93.0,0.0026921887870507465
"[-7.392260199450431e-05, -6.686994262525693e-05, -6.458357568272847e-05, -6.261482786823716e-05, -2.9933596185353072e-05, -8.869235703172348e-06, 3.0825953117527276e-05, -5.3300710607357375e-05, -2.0631822395088166e-06]",3.126885770898466e-05,0.002939272624644558,94.0,0.002803109962142722
"[-7.95409702034965e-05, -7.392260199450431e-05, -6.686994262525693e-05, -6.604803616781186e-05, -3.908592020229913e-05, -8.207776614447128e-06, 2.8493926279800322e-05, -6.251273725909872e-05, 2.1941838968985827e-06]",3.126885770898466e-05,0.0029705414823535427,95.0,0.0027159090613211568
"[-8.492589010211345e-05, -7.95409702034965e-05, -7.392260199450431e-05, -6.458357568272847e-05, -5.266919922688184e-05, -1.2436775491750686e-05, 4.0779799802090886e-05, -6.488011558192003e-05, 1.0978645887157445e-07]",3.126885770898466e-05,0.0030018103400625273,96.0,0.003010441100601395
"[-8.606834316667999e-05, -8.492589010211345e-05, -7.95409702034965e-05, -6.686994262525693e-05, -5.7382752369810584e-05, -1.1698029271385214e-05, 3.9997846619076816e-05, -6.60771191891864e-05, -5.3615700212438956e-06]",3.126885770898466e-05,0.003033079197771512,97.0,0.0033505697779612096
"[-9.23698871833744e-05, -8.606834316667999e-05, -8.492589010211345e-05, -7.392260199450431e-05, -6.261482786823716e-05, -1.722946504772617e-05, 4.2407671155144125e-05, -5.3590122055883765e-05, -2.5930710848943507e-06]",3.126885770898466e-05,0.0030643480554804967,98.0,0.0034646937935047914
"[-0.00010118160479289988, -9.23698871833744e-05, -8.606834316667999e-05, -7.95409702034965e-05, -6.604803616781186e-05, -1.3096741282064385e-05, 3.853348325618737e-05, -4.749348688235757e-05, 9.963685422278255e-06]",3.126885770898466e-05,0.0030956169131894813,99.0,0.003190106530994494
"[-0.00010717683000750922, -0.00010118160479289988, -9.23698871833744e-05, -8.492589010211345e-05, -6.458357568272847e-05, -2.2531757015209245e-05, 2.6049542571346444e-05, -4.339449219206084e-05, 2.4663930725729903e-05]",3.126885770898466e-05,0.003126885770898466,100.0,0.0025881957187958056
"[-0.00010643997739582922, -0.00010717683000750922, -0.00010118160479289988, -8.606834316667999e-05, -6.686994262525693e-05, -2.5899580041541935e-05, 5.588065873600199e-06, -3.602303141016237e-05, 3.480887100057655e-05]",3.126885770898466e-05,0.0031581546286074506,101.0,0.0031816937569472616
"[-9.616286446820129e-05, -0.00010643997739582922, -0.00010717683000750922, -9.23698871833744e-05, -7.392260199450431e-05, -2.9933596185353072e-05, 2.0740942276960774e-06, -3.376769175528207e-05, 3.316670507662854e-05]",3.126885770898466e-05,0.0031894234863164353,102.0,0.0033960810737071645
"[-0.00010049879658749532, -9.616286446820129e-05, -0.00010643997739582922, -0.00010118160479289988, -7.95409702034965e-05, -3.908592020229913e-05, 1.0802623710545213e-05, -3.396407398757735e-05, 3.151332452371012e-05]",3.126885770898466e-05,0.00322069234402542,103.0,0.004058220991257542
"[-0.0001058344841534295, -0.00010049879658749532, -9.616286446820129e-05, -0.00010717683000750922, -8.492589010211345e-05, -5.266919922688184e-05, 7.494638343308779e-06, -3.107076353443043e-05, 2.127713032388941e-05]",3.126885770898466e-05,0.0032519612017344046,104.0,0.004978163380167169
"[-0.00011635208613886492, -0.0001058344841534295, -0.00010049879658749532, -0.00010643997739582922, -8.606834316667999e-05, -5.7382752369810584e-05, 7.448328867886563e-06, -1.5715699266711004e-05, 1.0720361339111548e-05]",3.126885770898466e-05,0.0032832300594433893,105.0,0.00510232788791069
"[-0.00012984296361532715, -0.00011635208613886492, -0.0001058344841534295, -9.616286446820129e-05, -9.23698871833744e-05, -6.261482786823716e-05, 1.0499785508332057e-05, -1.2741821216497797e-05, 3.848478266698977e-06]",3.126885770898466e-05,0.003314498917152374,106.0,0.004203485542433595
"[-0.00013736286743967814, -0.00012984296361532715, -0.00011635208613886492, -0.00010049879658749532, -0.00010118160479289988, -6.604803616781186e-05, 8.265029012393424e-06, -1.8422490823222334e-05, -1.3393020371609952e-06]",3.126885770898466e-05,0.0033457677748613586,107.0,0.0042215640943435535
"[-0.00013425148763376792, -0.00013736286743967814, -0.00012984296361532715, -0.0001058344841534295, -0.00010717683000750922, -6.458357568272847e-05, 3.6640234734112945e-06, -1.693203134151596e-05, -7.927929076711395e-06]",3.126885770898466e-05,0.0033770366325703433,108.0,0.004670441711367626
"[-0.00013275425152999297, -0.00013425148763376792, -0.00013736286743967814, -0.00011635208613886492, -0.00010643997739582922, -6.686994262525693e-05, -1.071919684675268e-06, -1.784964108045443e-05, -1.600890261572031e-05]",3.126885770898466e-05,0.003408305490279328,109.0,0.003171827757250645
"[-0.00013554420958845472, -0.00013275425152999297, -0.00013425148763376792, -0.00012984296361532715, -9.616286446820129e-05, -7.392260199450431e-05, -8.869235703172348e-06, -1.3837641420884874e-05, -3.302202757116627e-05]",3.126885770898466e-05,0.0034395743479883126,110.0,0.0030931408246720727
"[-0.00012300008395220934, -0.00013554420958845472, -0.00013275425152999297, -0.00013736286743967814, -0.00010049879658749532, -7.95409702034965e-05, -8.207776614447128e-06, -4.577389424881123e-06, -3.9654095062181776e-05]",3.126885770898466e-05,0.0034708432056972972,111.0,0.0032338318430043225
"[-0.00011449551635109115, -0.00012300008395220934, -0.00013554420958845472, -0.00013425148763376792, -0.0001058344841534295, -8.492589010211345e-05, -1.2436775491750686e-05, 5.661220804195232e-06, -4.290455431421529e-05]",3.126885770898466e-05,0.003502112063406282,112.0,0.0022760101712475376
"[-0.00011138945377214246, -0.00011449551635109115, -0.00012300008395220934, -0.00013275425152999297, -0.00011635208613886492, -8.606834316667999e-05, -1.1698029271385214e-05, 2.075380506144288e-05, -3.8314733373139654e-05]",3.126885770898466e-05,0.0035333809211152666,113.0,0.0026881055470397677
"[-9.429116661795734e-05, -0.00011138945377214246, -0.00011449551635109115, -0.00013554420958845472, -0.00012984296361532715, -9.23698871833744e-05, -1.722946504772617e-05, 2.413469433072497e-05, -3.326646452643584e-05]",3.126885770898466e-05,0.003564649778824251,114.0,0.00257267220531199
"[-9.113607585711179e-05, -9.429116661795734e-05, -0.00011138945377214246, -0.00012300008395220934, -0.00013736286743967814, -0.00010118160479289988, -1.3096741282064385e-05, 2.4115078283316602e-05, -3.6854955622057895e-05]",3.126885770898466e-05,0.003595918636533236,115.0,0.002707991832071948
"[-8.689085366781296e-05, -9.113607585711179e-05, -9.429116661795734e-05, -0.00011449551635109115, -0.00013425148763376792, -0.00010717683000750922, -2.2531757015209245e-05, 2.4548332992111972e-05, -3.2867419320011326e-05]",3.126885770898466e-05,0.0036271874942422205,116.0,0.002672095280096194
"[-8.691365692008022e-05, -8.689085366781296e-05, -9.113607585711179e-05, -0.00011138945377214246, -0.00013275425152999297, -0.00010643997739582922, -2.5899580041541935e-05, 1.1573229901258821e-05, -2.902637486134095e-05]",3.126885770898466e-05,0.003658456351951205,117.0,0.0026659314048652232
"[-8.617587533707216e-05, -8.691365692008022e-05, -8.689085366781296e-05, -9.429116661795734e-05, -0.00013554420958845472, -9.616286446820129e-05, -2.9933596185353072e-05, 2.5307035093084804e-05, -2.9088726869085077e-05]",3.126885770898466e-05,0.00368972520966019,118.0,0.002598748161070742
"[-8.568280987080998e-05, -8.617587533707216e-05, -8.691365692008022e-05, -9.113607585711179e-05, -0.00012300008395220934, -0.00010049879658749532, -3.908592020229913e-05, 3.579525360807904e-05, -2.4168220708112996e-05]",3.126885770898466e-05,0.0037209940673691745,119.0,0.002122296419138731
"[-8.405824879830612e-05, -8.568280987080998e-05, -8.617587533707216e-05, -8.689085366781296e-05, -0.00011449551635109115, -0.0001058344841534295, -5.266919922688184e-05, 5.1024501042950874e-05, -2.109847629479431e-05]",3.126885770898466e-05,0.003752262925078159,120.0,0.002582782780236168
"[-7.159570687241563e-05, -8.405824879830612e-05, -8.568280987080998e-05, -8.691365692008022e-05, -0.00011138945377214246, -0.00011635208613886492, -5.7382752369810584e-05, 6.232605049870399e-05, -2.0826620140915728e-05]",3.126885770898466e-05,0.003783531782787144,121.0,0.002515294448091318
"[-7.550402245037726e-05, -7.159570687241563e-05, -8.405824879830612e-05, -8.617587533707216e-05, -9.429116661795734e-05, -0.00012984296361532715, -6.261482786823716e-05, 5.971029508188237e-05, -2.0711688219986532e-05]",3.126885770898466e-05,0.0038148006404961285,122.0,0.0025712858928108743
"[-7.623257549154847e-05, -7.550402245037726e-05, -7.159570687241563e-05, -8.568280987080998e-05, -9.113607585711179e-05, -0.00013736286743967814, -6.604803616781186e-05, 4.870912848266209e-05, -2.448003874627089e-05]",3.126885770898466e-05,0.003846069498205113,123.0,0.0027428374839514394
"[-7.792801496441052e-05, -7.623257549154847e-05, -7.550402245037726e-05, -8.405824879830612e-05, -8.689085366781296e-05, -0.00013425148763376792, -6.458357568272847e-05, 4.981169229610049e-05, -3.583524165016435e-05]",3.126885770898466e-05,0.003877338355914098,124.0,0.0024357196202318106
"[-8.251968269571094e-05, -7.792801496441052e-05, -7.623257549154847e-05, -7.159570687241563e-05, -8.691365692008022e-05, -0.00013275425152999297, -6.686994262525693e-05, 3.557872795637219e-05, -4.068222892548594e-05]",3.126885770898466e-05,0.0039086072136230825,125.0,0.002076644022008551
"[-7.860478557411469e-05, -8.251968269571094e-05, -7.792801496441052e-05, -7.550402245037726e-05, -8.617587533707216e-05, -0.00013554420958845472, -7.392260199450431e-05, 3.0825953117527276e-05, -5.1414904732226216e-05]",3.126885770898466e-05,0.003939876071332067,126.0,0.0019129808457097922
"[-6.668790175797547e-05, -7.860478557411469e-05, -8.251968269571094e-05, -7.623257549154847e-05, -8.568280987080998e-05, -0.00012300008395220934, -7.95409702034965e-05, 2.8493926279800322e-05, -5.5420865315280016e-05]",3.126885770898466e-05,0.003971144929041052,127.0,0.0018582167573810992
"[-5.254028267809345e-05, -6.668790175797547e-05, -7.860478557411469e-05, -7.792801496441052e-05, -8.405824879830612e-05, -0.00011449551635109115, -8.492589010211345e-05, 4.0779799802090886e-05, -6.024404419131294e-05]",3.126885770898466e-05,0.0040024137867500365,128.0,0.0020566304393458256
"[-3.9032505655110565e-05, -5.254028267809345e-05, -6.668790175797547e-05, -8.251968269571094e-05, -7.159570687241563e-05, -0.00011138945377214246, -8.606834316667999e-05, 3.9997846619076816e-05, -5.482036798457062e-05]",3.126885770898466e-05,0.004033682644459021,129.0,0.0018538537495097946
"[-3.777523009043166e-05, -3.9032505655110565e-05, -5.254028267809345e-05, -7.860478557411469e-05, -7.550402245037726e-05, -9.429116661795734e-05, -9.23698871833744e-05, 4.2407671155144125e-05, -5.469885591569032e-05]",3.126885770898466e-05,0.004064951502168006,130.0,0.0018867458061470233
"[-2.61367035784447e-05, -3.777523009043166e-05, -3.9032505655110565e-05, -6.668790175797547e-05, -7.623257549154847e-05, -9.113607585711179e-05, -0.00010118160479289988, 3.853348325618737e-05, -6.0480802445188724e-05]",3.126885770898466e-05,0.00409622035987699,131.0,0.001914866370857216
"[-1.7191088113920967e-05, -2.61367035784447e-05, -3.777523009043166e-05, -5.254028267809345e-05, -7.792801496441052e-05, -8.689085366781296e-05, -0.00010717683000750922, 2.6049542571346444e-05, -6.235918732676157e-05]",3.126885770898466e-05,0.004127489217585975,132.0,0.0018831768141459328
"[-1.0139025092490154e-05, -1.7191088113920967e-05, -2.61367035784447e-05, -3.9032505655110565e-05, -8.251968269571094e-05, -8.691365692008022e-05, -0.00010643997739582922, 5.588065873600199e-06, -7.164265599722308e-05]",3.126885770898466e-05,0.00415875807529496,133.0,0.0019987338887223895
"[2.0542435657150035e-06, -1.0139025092490154e-05, -1.7191088113920967e-05, -3.777523009043166e-05, -7.860478557411469e-05, -8.617587533707216e-05, -9.616286446820129e-05, 2.0740942276960774e-06, -7.645640407395537e-05]",3.126885770898466e-05,0.004190026933003944,134.0,0.002032708527919536
"[4.700634712920086e-06, 2.0542435657150035e-06, -1.0139025092490154e-05, -2.61367035784447e-05, -6.668790175797547e-05, -8.568280987080998e-05, -0.00010049879658749532, 1.0802623710545213e-05, -6.83218875377111e-05]",3.126885770898466e-05,0.004221295790712929,135.0,0.0020169622853215387
"[3.1795064276746528e-06, 4.700634712920086e-06, 2.0542435657150035e-06, -1.7191088113920967e-05, -5.254028267809345e-05, -8.405824879830612e-05, -0.0001058344841534295, 7.494638343308779e-06, -6.382218112255201e-05]",3.126885770898466e-05,0.004252564648421914,136.0,0.0020358137405466587
"[3.517984582262383e-06, 3.1795064276746528e-06, 4.700634712920086e-06, -1.0139025092490154e-05, -3.9032505655110565e-05, -7.159570687241563e-05, -0.00011635208613886492, 7.448328867886563e-06, -5.690626434232271e-05]",3.126885770898466e-05,0.004283833506130898,137.0,0.0020671558111761607
"[1.3429806414793915e-06, 3.517984582262383e-06, 3.1795064276746528e-06, 2.0542435657150035e-06, -3.777523009043166e-05, -7.550402245037726e-05, -0.00012984296361532715, 1.0499785508332057e-05, -5.83157784145739e-05]",3.126885770898466e-05,0.004315102363839883,138.0,0.0020586945164766295
"[-5.328874768012633e-06, 1.3429806414793915e-06, 3.517984582262383e-06, 4.700634712920086e-06, -2.61367035784447e-05, -7.623257549154847e-05, -0.00013736286743967814, 8.265029012393424e-06, -4.973480136382258e-05]",3.126885770898466e-05,0.004346371221548868,139.0,0.0019712686504741997
"[-1.0967980242025552e-05, -5.328874768012633e-06, 1.3429806414793915e-06, 3.1795064276746528e-06, -1.7191088113920967e-05, -7.792801496441052e-05, -0.00013425148763376792, 3.6640234734112945e-06, -5.0928769341143076e-05]",3.126885770898466e-05,0.004377640079257852,140.0,0.0019416057550779796
"[-8.418135566077407e-06, -1.0967980242025552e-05, -5.328874768012633e-06, 3.517984582262383e-06, -1.0139025092490154e-05, -8.251968269571094e-05, -0.00013275425152999297, -1.071919684675268e-06, -5.184483649326125e-05]",3.126885770898466e-05,0.004408908936966837,141.0,0.0019118785893619645
"[-2.469793804943442e-06, -8.418135566077407e-06, -1.0967980242025552e-05, 1.3429806414793915e-06, 2.0542435657150035e-06, -7.860478557411469e-05, -0.00013554420958845472, -8.869235703172348e-06, -6.0724352595873394e-05]",3.126885770898466e-05,0.004440177794675822,142.0,0.002027245521068715
"[1.1224637121703143e-05, -2.469793804943442e-06, -8.418135566077407e-06, -5.328874768012633e-06, 4.700634712920086e-06, -6.668790175797547e-05, -0.00012300008395220934, -8.207776614447128e-06, -6.19607585163698e-05]",3.126885770898466e-05,0.004471446652384806,143.0,0.0020902070567451712
"[1.8867497489374438e-05, 1.1224637121703143e-05, -2.469793804943442e-06, -1.0967980242025552e-05, 3.1795064276746528e-06, -5.254028267809345e-05, -0.00011449551635109115, -1.2436775491750686e-05, -5.917642767432419e-05]",3.126885770898466e-05,0.004502715510093791,144.0,0.0021158949064744763
"[2.128445570055807e-05, 1.8867497489374438e-05, 1.1224637121703143e-05, -8.418135566077407e-06, 3.517984582262383e-06, -3.9032505655110565e-05, -0.00011138945377214246, -1.1698029271385214e-05, -5.9510662123119765e-05]",3.126885770898466e-05,0.004533984367802776,145.0,0.002196137319243222
"[2.9484292044246324e-05, 2.128445570055807e-05, 1.8867497489374438e-05, -2.469793804943442e-06, 1.3429806414793915e-06, -3.777523009043166e-05, -9.429116661795734e-05, -1.722946504772617e-05, -4.996261034969994e-05]",3.126885770898466e-05,0.00456525322551176,146.0,0.0022005155981685283
"[3.4974431203127865e-05, 2.9484292044246324e-05, 2.128445570055807e-05, 1.1224637121703143e-05, -5.328874768012633e-06, -2.61367035784447e-05, -9.113607585711179e-05, -1.3096741282064385e-05, -4.834500079237597e-05]",3.126885770898466e-05,0.004596522083220745,147.0,0.002159085133398545
"[2.8718488610602436e-05, 3.4974431203127865e-05, 2.9484292044246324e-05, 1.8867497489374438e-05, -1.0967980242025552e-05, -1.7191088113920967e-05, -8.689085366781296e-05, -2.2531757015209245e-05, -5.281124010650344e-05]",3.126885770898466e-05,0.00462779094092973,148.0,0.0021391788285493626
"[2.447017307505767e-05, 2.8718488610602436e-05, 3.4974431203127865e-05, 2.128445570055807e-05, -8.418135566077407e-06, -1.0139025092490154e-05, -8.691365692008022e-05, -2.5899580041541935e-05, -4.525580766728471e-05]",3.126885770898466e-05,0.004659059798638714,149.0,0.0021499316359727583
"[2.758089609494052e-05, 2.447017307505767e-05, 2.8718488610602436e-05, 2.9484292044246324e-05, -2.469793804943442e-06, 2.0542435657150035e-06, -8.617587533707216e-05, -2.9933596185353072e-05, -4.62067614659829e-05]",3.126885770898466e-05,0.004690328656347699,150.0,0.0021205122390876635
"[2.3117266682614125e-05, 2.758089609494052e-05, 2.447017307505767e-05, 3.4974431203127865e-05, 1.1224637121703143e-05, 4.700634712920086e-06, -8.568280987080998e-05, -3.908592020229913e-05, -3.785576371804538e-05]",3.126885770898466e-05,0.004721597514056684,151.0,0.0021003944056850205
"[1.96031774752905e-05, 2.3117266682614125e-05, 2.758089609494052e-05, 2.8718488610602436e-05, 1.8867497489374438e-05, 3.1795064276746528e-06, -8.405824879830612e-05, -5.266919922688184e-05, -3.3047794643662894e-05]",3.126885770898466e-05,0.004752866371765668,152.0,0.0020917633285260665
"[1.5367388949974882e-05, 1.96031774752905e-05, 2.3117266682614125e-05, 2.447017307505767e-05, 2.128445570055807e-05, 3.517984582262383e-06, -7.159570687241563e-05, -5.7382752369810584e-05, -3.440812784843385e-05]",3.126885770898466e-05,0.004784135229474653,153.0,0.002066339900827671
"[7.953941561524928e-06, 1.5367388949974882e-05, 1.96031774752905e-05, 2.758089609494052e-05, 2.9484292044246324e-05, 1.3429806414793915e-06, -7.550402245037726e-05, -6.261482786823716e-05, -3.9035744221421395e-05]",3.126885770898466e-05,0.004815404087183638,154.0,0.0020478401463624786
"[1.9727628529919496e-06, 7.953941561524928e-06, 1.5367388949974882e-05, 2.3117266682614125e-05, 3.4974431203127865e-05, -5.328874768012633e-06, -7.623257549154847e-05, -6.604803616781186e-05, -4.6124386486810696e-05]",3.126885770898466e-05,0.004846672944892622,155.0,0.0020669862183746814
"[-2.6949409994031263e-06, 1.9727628529919496e-06, 7.953941561524928e-06, 1.96031774752905e-05, 2.8718488610602436e-05, -1.0967980242025552e-05, -7.792801496441052e-05, -6.458357568272847e-05, -4.921084328919309e-05]",3.126885770898466e-05,0.004877941802601607,156.0,0.0021005565789288996
"[-9.167398060510964e-06, -2.6949409994031263e-06, 1.9727628529919496e-06, 1.5367388949974882e-05, 2.447017307505767e-05, -8.418135566077407e-06, -8.251968269571094e-05, -6.686994262525693e-05, -5.0956770400336046e-05]",3.126885770898466e-05,0.004909210660310592,157.0,0.0019333292116038743
"[-1.738894549353911e-05, -9.167398060510964e-06, -2.6949409994031263e-06, 7.953941561524928e-06, 2.758089609494052e-05, -2.469793804943442e-06, -7.860478557411469e-05, -7.392260199450431e-05, -5.3300710607357375e-05]",3.126885770898466e-05,0.004940479518019576,158.0,0.0019632636944849667
"[-1.2601640514889937e-05, -1.738894549353911e-05, -9.167398060510964e-06, 1.9727628529919496e-06, 2.3117266682614125e-05, 1.1224637121703143e-05, -6.668790175797547e-05, -7.95409702034965e-05, -6.251273725909872e-05]",3.126885770898466e-05,0.004971748375728561,159.0,0.0018077083227124166
"[-1.0036664126929711e-05, -1.2601640514889937e-05, -1.738894549353911e-05, -2.6949409994031263e-06, 1.96031774752905e-05, 1.8867497489374438e-05, -5.254028267809345e-05, -8.492589010211345e-05, -6.488011558192003e-05]",3.126885770898466e-05,0.0050030172334375456,160.0,0.0020123979333761806
"[1.0983986083117993e-05, -1.0036664126929711e-05, -1.2601640514889937e-05, -9.167398060510964e-06, 1.5367388949974882e-05, 2.128445570055807e-05, -3.9032505655110565e-05, -8.606834316667999e-05, -6.60771191891864e-05]",3.126885770898466e-05,0.00503428609114653,161.0,0.0021290425358335197
"[2.2845874413643105e-05, 1.0983986083117993e-05, -1.0036664126929711e-05, -1.738894549353911e-05, 7.953941561524928e-06, 2.9484292044246324e-05, -3.777523009043166e-05, -9.23698871833744e-05, -5.3590122055883765e-05]",3.126885770898466e-05,0.005065554948855515,162.0,0.002204240386000401
"[3.150923456134224e-05, 2.2845874413643105e-05, 1.0983986083117993e-05, -1.2601640514889937e-05, 1.9727628529919496e-06, 3.4974431203127865e-05, -2.61367035784447e-05, -0.00010118160479289988, -4.749348688235757e-05]",3.126885770898466e-05,0.0050968238065644995,163.0,0.002295665066211927
"[-0.000191445990163192, -0.00018978029778952643, -0.00018454372093520852, -0.0001733492511797322, -0.00016012953657266717, -0.00011929821801303279, -7.836841491421016e-05, -0.0001645952908546855, -0.0001441818275577944]",0.0,0.0,0.0,0.0
"[-0.00019145433365665417, -0.000191445990163192, -0.00018978029778952643, -0.00017758645001526854, -0.0001601552187216556, -0.0001336039799414605, -8.911991310493925e-05, -0.00015950621873616586, -0.00015270839118240647]",0.0,0.0,0.0,0.0
"[-0.0001967740598878296, -0.00019145433365665417, -0.000191445990163192, -0.00018454372093520852, -0.00015165422841076964, -0.0001424708512219705, -8.632277695909571e-05, -0.00015235973549070078, -0.0001534524593843265]",0.0,0.0,0.0,0.0
"[-0.00019861301622186447, -0.0001967740598878296, -0.00019145433365665417, -0.00018978029778952643, -0.0001515030283592536, -0.00013725257236205243, -8.645125030264412e-05, -0.00014773712808427097, -0.0001536920250181813]",0.0,0.0,0.0,0.0
"[-0.00019658325362232874, -0.00019861301622186447, -0.0001967740598878296, -0.000191445990163192, -0.0001733492511797322, -0.00015139838258672236, -9.481342027731455e-05, -0.0001481675621039529, -0.00015554745323220374]",0.0,0.0,0.0,0.0
"[-0.00019703681912929373, -0.00019658325362232874, -0.00019861301622186447, -0.00019145433365665417, -0.00017758645001526854, -0.00016424892596575771, -9.47892859589776e-05, -0.0001393495398337831, -0.00016774156992987804]",0.0,0.0,0.0,0.0
"[-0.00019279535562133061, -0.00019703681912929373, -0.00019658325362232874, -0.0001967740598878296, -0.00018454372093520852, -0.0001660295017819166, -9.210167053963401e-05, -0.00013591060684152123, -0.0001718437076957638]",0.0,0.0,0.0,0.0
"[-0.00018407294813770972, -0.00019279535562133061, -0.00019703681912929373, -0.00019861301622186447, -0.00018978029778952643, -0.00016379036649129004, -8.134726037938443e-05, -0.0001277362426478988, -0.00017099287376184336]",0.0,0.0,0.0,0.0
"[-0.0001787239442550656, -0.00018407294813770972, -0.00019279535562133061, -0.00019658325362232874, -0.000191445990163192, -0.00016012953657266717, -8.503812903021843e-05, -0.000128195230348278, -0.000171298077757689]",0.0,0.0,0.0,0.0
"[-0.00018156521995902144, -0.0001787239442550656, -0.00018407294813770972, -0.00019703681912929373, -0.00019145433365665417, -0.0001601552187216556, -9.240231847205126e-05, -0.00011653855519447241, -0.00016902068104386654]",0.0,0.0,0.0,0.0
"[-0.00017850193965150444, -0.00018156521995902144, -0.0001787239442550656, -0.00019279535562133061, -0.0001967740598878296, -0.00015165422841076964, -8.506031159546077e-05, -0.00010154373099246442, -0.0001750206389188027]",0.0,0.0,0.0,0.0
"[-0.00017582362711893694, -0.00017850193965150444, -0.00018156521995902144, -0.00018407294813770972, -0.00019861301622186447, -0.0001515030283592536, -9.72417470406415e-05, -9.367756480758063e-05, -0.00018292632867545413]",0.0,0.0,0.0,0.0
"[-0.00018084340270237343, -0.00017582362711893694, -0.00017850193965150444, -0.0001787239442550656, -0.00019658325362232874, -0.0001733492511797322, -0.00010494561463587535, -8.647124437979875e-05, -0.00018470111533684015]",0.0,0.0,0.0,0.0
"[-0.00018222387945498317, -0.00018084340270237343, -0.00017582362711893694, -0.00018156521995902144, -0.00019703681912929373, -0.00017758645001526854, -0.00011162638448173373, -8.34593058522352e-05, -0.00018399541343296224]",0.0,0.0,0.0,0.0
"[-0.0001867879670958054, -0.00018222387945498317, -0.00018084340270237343, -0.00017850193965150444, -0.00019279535562133061, -0.00018454372093520852, -0.0001129566160286874, -7.817198136428921e-05, -0.00017654459136928096]",0.0,0.0,0.0,0.0
"[-0.00019060800865046868, -0.0001867879670958054, -0.00018222387945498317, -0.00017582362711893694, -0.00018407294813770972, -0.00018978029778952643, -0.00011574420100298591, -7.89164663733953e-05, -0.00017734265734777117]",0.0,0.0,0.0,0.0
"[-0.00019127126496277627, -0.00019060800865046868, -0.0001867879670958054, -0.00018084340270237343, -0.0001787239442550656, -0.000191445990163192, -0.00011929821801303279, -7.624634734734323e-05, -0.00017636635923117322]",0.0,0.0,0.0,0.0
"[-0.00018175617217818662, -0.00019127126496277627, -0.00019060800865046868, -0.00018222387945498317, -0.00018156521995902144, -0.00019145433365665417, -0.0001336039799414605, -7.232824121614755e-05, -0.00017316763005231943]",0.0,0.0,0.0,0.0
"[-0.00017200704501726624, -0.00018175617217818662, -0.00019127126496277627, -0.0001867879670958054, -0.00017850193965150444, -0.0001967740598878296, -0.0001424708512219705, -6.98813444476929e-05, -0.00016819705403831454]",0.0,0.0,0.0,0.0
"[-0.0001539805584166866, -0.00017200704501726624, -0.00018175617217818662, -0.00019060800865046868, -0.00017582362711893694, -0.00019861301622186447, -0.00013725257236205243, -7.25231178673836e-05, -0.00016745672698355565]",0.0,0.0,0.0,0.0
"[-0.0001522161482217895, -0.0001539805584166866, -0.00017200704501726624, -0.00019127126496277627, -0.00018084340270237343, -0.00019658325362232874, -0.00015139838258672236, -8.103860323589981e-05, -0.00017626944938171514]",0.0,0.0,0.0,0.0
"[-0.0001538803250780313, -0.0001522161482217895, -0.0001539805584166866, -0.00018175617217818662, -0.00018222387945498317, -0.00019703681912929373, -0.00016424892596575771, -8.064942889745181e-05, -0.00018099775642361354]",0.0,0.0,0.0,0.0
"[-0.00016026042072822636, -0.0001538803250780313, -0.0001522161482217895, -0.00017200704501726624, -0.0001867879670958054, -0.00019279535562133061, -0.0001660295017819166, -7.808971508377148e-05, -0.0001779400768282549]",0.0,0.0,0.0,0.0
"[-0.000147402920662353, -0.00016026042072822636, -0.0001538803250780313, -0.0001539805584166866, -0.00019060800865046868, -0.00018407294813770972, -0.00016379036649129004, -7.528640921227553e-05, -0.000183459385245248]",0.0,0.0,0.0,0.0
"[-0.00013699861661981176, -0.000147402920662353, -0.00016026042072822636, -0.0001522161482217895, -0.00019127126496277627, -0.0001787239442550656, -0.00016012953657266717, -7.828563491208246e-05, -0.0001853785347795769]",0.0,0.0,0.0,0.0
"[-0.00013271992705436782, -0.00013699861661981176, -0.000147402920662353, -0.0001538803250780313, -0.00018175617217818662, -0.00018156521995902144, -0.0001601552187216556, -8.441324066698746e-05, -0.00018260904370898185]",0.0,0.0,0.0,0.0
"[-0.00012762807859926042, -0.00013271992705436782, -0.00013699861661981176, -0.00016026042072822636, -0.00017200704501726624, -0.00017850193965150444, -0.00015165422841076964, -8.637757542500563e-05, -0.00018505611466354045]",0.0,0.0,0.0,0.0
"[-0.00011943236048167544, -0.00012762807859926042, -0.00013271992705436782, -0.000147402920662353, -0.0001539805584166866, -0.00017582362711893694, -0.0001515030283592536, -7.885893342286965e-05, -0.00018499495172334828]",0.0,0.0,0.0,0.0
"[-0.00011912942842870087, -0.00011943236048167544, -0.00012762807859926042, -0.00013699861661981176, -0.0001522161482217895, -0.00018084340270237343, -0.0001733492511797322, -7.946506221607302e-05, -0.00018653311270571687]",0.0,0.0,0.0,0.0
"[-0.00011335238258902254, -0.00011912942842870087, -0.00011943236048167544, -0.00013271992705436782, -0.0001538803250780313, -0.00018222387945498317, -0.00017758645001526854, -7.47031341699199e-05, -0.00018306212470373275]",0.0,0.0,0.0,0.0
"[-0.00010376193571788763, -0.00011335238258902254, -0.00011912942842870087, -0.00012762807859926042, -0.00016026042072822636, -0.0001867879670958054, -0.00018454372093520852, -7.07519939296279e-05, -0.00018004542077312006]",0.0,0.0,0.0,0.0
"[-0.00010286954041436108, -0.00010376193571788763, -0.00011335238258902254, -0.00011943236048167544, -0.000147402920662353, -0.00019060800865046868, -0.00018978029778952643, -7.15578892841595e-05, -0.00017742032371718575]",0.0,0.0,0.0,0.0
"[-9.990608132044094e-05, -0.00010286954041436108, -0.00010376193571788763, -0.00011912942842870087, -0.00013699861661981176, -0.00019127126496277627, -0.000191445990163192, -7.836841491421016e-05, -0.00017175366750033438]",0.0,0.0,0.0,0.0
"[-9.300317448314526e-05, -9.990608132044094e-05, -0.00010286954041436108, -0.00011335238258902254, -0.00013271992705436782, -0.00018175617217818662, -0.00019145433365665417, -8.911991310493925e-05, -0.00017711610883529424]",0.0,0.0,0.0,0.0
"[-8.310019790151614e-05, -9.300317448314526e-05, -9.990608132044094e-05, -0.00010376193571788763, -0.00012762807859926042, -0.00017200704501726624, -0.0001967740598878296, -8.632277695909571e-05, -0.00018319771231417194]",0.0,0.0,0.0,0.0
"[-6.65454548970096e-05, -8.310019790151614e-05, -9.300317448314526e-05, -0.00010286954041436108, -0.00011943236048167544, -0.0001539805584166866, -0.00019861301622186447, -8.645125030264412e-05, -0.00018984498219940256]",0.0,0.0,0.0,0.0
"[-6.032408517090494e-05, -6.65454548970096e-05, -8.310019790151614e-05, -9.990608132044094e-05, -0.00011912942842870087, -0.0001522161482217895, -0.00019658325362232874, -9.481342027731455e-05, -0.00020028384846760089]",0.0,0.0,0.0,0.0
"[-5.135737725540827e-05, -6.032408517090494e-05, -6.65454548970096e-05, -9.300317448314526e-05, -0.00011335238258902254, -0.0001538803250780313, -0.00019703681912929373, -9.47892859589776e-05, -0.00020683137420488896]",0.0,0.0,0.0,0.0
"[-4.325582113227274e-05, -5.135737725540827e-05, -6.032408517090494e-05, -8.310019790151614e-05, -0.00010376193571788763, -0.00016026042072822636, -0.00019279535562133061, -9.210167053963401e-05, -0.00021054320425059928]",0.0,0.0,0.0,0.0
"[-4.104973221745285e-05, -4.325582113227274e-05, -5.135737725540827e-05, -6.65454548970096e-05, -0.00010286954041436108, -0.000147402920662353, -0.00018407294813770972, -8.134726037938443e-05, -0.00021523994737653797]",0.0,0.0,0.0,0.0
"[-4.0543870675592904e-05, -4.104973221745285e-05, -4.325582113227274e-05, -6.032408517090494e-05, -9.990608132044094e-05, -0.00013699861661981176, -0.0001787239442550656, -8.503812903021843e-05, -0.00022150014262786816]",0.0,0.0,0.0,0.0
"[-4.1087736592351914e-05, -4.0543870675592904e-05, -4.104973221745285e-05, -5.135737725540827e-05, -9.300317448314526e-05, -0.00013271992705436782, -0.00018156521995902144, -9.240231847205126e-05, -0.00021901679047130345]",0.0,0.0,0.0,0.0
"[-4.821318658947978e-05, -4.1087736592351914e-05, -4.0543870675592904e-05, -4.325582113227274e-05, -8.310019790151614e-05, -0.00012762807859926042, -0.00017850193965150444, -8.506031159546077e-05, -0.0002140650270051447]",0.0,0.0,0.0,0.0
"[-4.6052431831781805e-05, -4.821318658947978e-05, -4.1087736592351914e-05, -4.104973221745285e-05, -6.65454548970096e-05, -0.00011943236048167544, -0.00017582362711893694, -9.72417470406415e-05, -0.0002142450584381566]",0.0,0.0,0.0,0.0
"[-5.04357361945475e-05, -4.6052431831781805e-05, -4.821318658947978e-05, -4.0543870675592904e-05, -6.032408517090494e-05, -0.00011912942842870087, -0.00018084340270237343, -0.00010494561463587535, -0.00022471060770351808]",0.0,0.0,0.0,0.0
"[-5.846821353631292e-05, -5.04357361945475e-05, -4.6052431831781805e-05, -4.1087736592351914e-05, -5.135737725540827e-05, -0.00011335238258902254, -0.00018222387945498317, -0.00011162638448173373, -0.00022675659514281816]",0.0,0.0,0.0,0.0
"[-5.72262906958304e-05, -5.846821353631292e-05, -5.04357361945475e-05, -4.821318658947978e-05, -4.325582113227274e-05, -0.00010376193571788763, -0.0001867879670958054, -0.0001129566160286874, -0.00022894213397137554]",0.0,0.0,0.0,0.0
"[-6.5769855371535e-05, -5.72262906958304e-05, -5.846821353631292e-05, -4.6052431831781805e-05, -4.104973221745285e-05, -0.00010286954041436108, -0.00019060800865046868, -0.00011574420100298591, -0.00022676534338404375]",0.0,0.0,0.0,0.0
"[-7.019996154939926e-05, -6.5769855371535e-05, -5.72262906958304e-05, -5.04357361945475e-05, -4.0543870675592904e-05, -9.990608132044094e-05, -0.00019127126496277627, -0.00011929821801303279, -0.00021521090771736928]",0.0,0.0,0.0,0.0
"[-7.214462731936345e-05, -7.019996154939926e-05, -6.5769855371535e-05, -5.846821353631292e-05, -4.1087736592351914e-05, -9.300317448314526e-05, -0.00018175617217818662, -0.0001336039799414605, -0.00020799618921961202]",0.0,0.0,0.0,0.0
"[-6.937641180195185e-05, -7.214462731936345e-05, -7.019996154939926e-05, -5.72262906958304e-05, -4.821318658947978e-05, -8.310019790151614e-05, -0.00017200704501726624, -0.0001424708512219705, -0.000195491411834852]",0.0,0.0,0.0,0.0
"[-6.523048690919753e-05, -6.937641180195185e-05, -7.214462731936345e-05, -6.5769855371535e-05, -4.6052431831781805e-05, -6.65454548970096e-05, -0.0001539805584166866, -0.00013725257236205243, -0.0001973555363291451]",0.0,0.0,0.0,0.0
"[-5.837596638378936e-05, -6.523048690919753e-05, -6.937641180195185e-05, -7.019996154939926e-05, -5.04357361945475e-05, -6.032408517090494e-05, -0.0001522161482217895, -0.00015139838258672236, -0.0001947602827952739]",0.0,0.0,0.0,0.0
"[-5.474844782869819e-05, -5.837596638378936e-05, -6.523048690919753e-05, -7.214462731936345e-05, -5.846821353631292e-05, -5.135737725540827e-05, -0.0001538803250780313, -0.00016424892596575771, -0.00019810495617550252]",0.0,0.0,0.0,0.0
"[-4.832219070388155e-05, -5.474844782869819e-05, -5.837596638378936e-05, -6.937641180195185e-05, -5.72262906958304e-05, -4.325582113227274e-05, -0.00016026042072822636, -0.0001660295017819166, -0.00019494660511520947]",0.0,0.0,0.0,0.0
"[-4.9890189707790294e-05, -4.832219070388155e-05, -5.474844782869819e-05, -6.523048690919753e-05, -6.5769855371535e-05, -4.104973221745285e-05, -0.000147402920662353, -0.00016379036649129004, -0.00019602025084065186]",0.0,0.0,0.0,0.0
"[-5.347005071718889e-05, -4.9890189707790294e-05, -4.832219070388155e-05, -5.837596638378936e-05, -7.019996154939926e-05, -4.0543870675592904e-05, -0.00013699861661981176, -0.00016012953657266717, -0.00019581106587857213]",0.0,0.0,0.0,0.0
"[-4.995430195245166e-05, -5.347005071718889e-05, -4.9890189707790294e-05, -5.474844782869819e-05, -7.214462731936345e-05, -4.1087736592351914e-05, -0.00013271992705436782, -0.0001601552187216556, -0.00019557427686098358]",0.0,0.0,0.0,0.0
"[-6.201823334581914e-05, -4.995430195245166e-05, -5.347005071718889e-05, -4.832219070388155e-05, -6.937641180195185e-05, -4.821318658947978e-05, -0.00012762807859926042, -0.00015165422841076964, -0.00019841424147118902]",0.0,0.0,0.0,0.0
"[-5.599572278579891e-05, -6.201823334581914e-05, -4.995430195245166e-05, -4.9890189707790294e-05, -6.523048690919753e-05, -4.6052431831781805e-05, -0.00011943236048167544, -0.0001515030283592536, -0.00019149028876223745]",0.0,0.0,0.0,0.0
"[-5.1873018336047635e-05, -5.599572278579891e-05, -6.201823334581914e-05, -5.347005071718889e-05, -5.837596638378936e-05, -5.04357361945475e-05, -0.00011912942842870087, -0.0001733492511797322, -0.00018829671328648295]",0.0,0.0,0.0,0.0
"[-4.1068653399594244e-05, -5.1873018336047635e-05, -5.599572278579891e-05, -4.995430195245166e-05, -5.474844782869819e-05, -5.846821353631292e-05, -0.00011335238258902254, -0.00017758645001526854, -0.00018369183577975377]",0.0,0.0,0.0,0.0
"[-3.5628580547211546e-05, -4.1068653399594244e-05, -5.1873018336047635e-05, -6.201823334581914e-05, -4.832219070388155e-05, -5.72262906958304e-05, -0.00010376193571788763, -0.00018454372093520852, -0.0001845925099972639]",0.0,0.0,0.0,0.0
"[-3.359147149505774e-05, -3.5628580547211546e-05, -4.1068653399594244e-05, -5.599572278579891e-05, -4.9890189707790294e-05, -6.5769855371535e-05, -0.00010286954041436108, -0.00018978029778952643, -0.00018210664993887715]",0.0,0.0,0.0,0.0
"[-2.4462161290341553e-05, -3.359147149505774e-05, -3.5628580547211546e-05, -5.1873018336047635e-05, -5.347005071718889e-05, -7.019996154939926e-05, -9.990608132044094e-05, -0.000191445990163192, -0.0001645952908546855]",0.0,0.0,0.0,0.0
"[-2.6322874106983667e-05, -2.4462161290341553e-05, -3.359147149505774e-05, -4.1068653399594244e-05, -4.995430195245166e-05, -7.214462731936345e-05, -9.300317448314526e-05, -0.00019145433365665417, -0.00015950621873616586]",0.0,0.0,0.0,0.0
"[-2.782556542634056e-05, -2.6322874106983667e-05, -2.4462161290341553e-05, -3.5628580547211546e-05, -6.201823334581914e-05, -6.937641180195185e-05, -8.310019790151614e-05, -0.0001967740598878296, -0.00015235973549070078]",0.0,0.0,0.0,0.0
"[-2.5793403028071594e-05, -2.782556542634056e-05, -2.6322874106983667e-05, -3.359147149505774e-05, -5.599572278579891e-05, -6.523048690919753e-05, -6.65454548970096e-05, -0.00019861301622186447, -0.00014773712808427097]",0.0,0.0,0.0,0.0
"[-3.0415368335357968e-05, -2.5793403028071594e-05, -2.782556542634056e-05, -2.4462161290341553e-05, -5.1873018336047635e-05, -5.837596638378936e-05, -6.032408517090494e-05, -0.00019658325362232874, -0.0001481675621039529]",0.0,0.0,0.0,0.0
"[-4.274216398246108e-05, -3.0415368335357968e-05, -2.5793403028071594e-05, -2.6322874106983667e-05, -4.1068653399594244e-05, -5.474844782869819e-05, -5.135737725540827e-05, -0.00019703681912929373, -0.0001393495398337831]",0.0,0.0,0.0,0.0
"[-4.98037615163466e-05, -4.274216398246108e-05, -3.0415368335357968e-05, -2.782556542634056e-05, -3.5628580547211546e-05, -4.832219070388155e-05, -4.325582113227274e-05, -0.00019279535562133061, -0.00013591060684152123]",0.0,0.0,0.0,0.0
"[-6.707075596863866e-05, -4.98037615163466e-05, -4.274216398246108e-05, -2.5793403028071594e-05, -3.359147149505774e-05, -4.9890189707790294e-05, -4.104973221745285e-05, -0.00018407294813770972, -0.0001277362426478988]",0.0,0.0,0.0,0.0
"[-8.876927238170616e-05, -6.707075596863866e-05, -4.98037615163466e-05, -3.0415368335357968e-05, -2.4462161290341553e-05, -5.347005071718889e-05, -4.0543870675592904e-05, -0.0001787239442550656, -0.000128195230348278]",0.0,0.0,0.0,0.0
"[-0.00010781550582004359, -8.876927238170616e-05, -6.707075596863866e-05, -4.274216398246108e-05, -2.6322874106983667e-05, -4.995430195245166e-05, -4.1087736592351914e-05, -0.00018156521995902144, -0.00011653855519447241]",0.0,0.0,0.0,0.0
"[-0.0001148295752683299, -0.00010781550582004359, -8.876927238170616e-05, -4.98037615163466e-05, -2.782556542634056e-05, -6.201823334581914e-05, -4.821318658947978e-05, -0.00017850193965150444, -0.00010154373099246442]",0.0,0.0,0.0,0.0
"[-0.00012857728160613243, -0.0001148295752683299, -0.00010781550582004359, -6.707075596863866e-05, -2.5793403028071594e-05, -5.599572278579891e-05, -4.6052431831781805e-05, -0.00017582362711893694, -9.367756480758063e-05]",0.0,0.0,0.0,0.0
"[-0.00013483953206591578, -0.00012857728160613243, -0.0001148295752683299, -8.876927238170616e-05, -3.0415368335357968e-05, -5.1873018336047635e-05, -5.04357361945475e-05, -0.00018084340270237343, -8.647124437979875e-05]",0.0,0.0,0.0,0.0
"[-0.00013796468775253355, -0.00013483953206591578, -0.00012857728160613243, -0.00010781550582004359, -4.274216398246108e-05, -4.1068653399594244e-05, -5.846821353631292e-05, -0.00018222387945498317, -8.34593058522352e-05]",0.0,0.0,0.0,0.0
"[-0.0001449919403206752, -0.00013796468775253355, -0.00013483953206591578, -0.0001148295752683299, -4.98037615163466e-05, -3.5628580547211546e-05, -5.72262906958304e-05, -0.0001867879670958054, -7.817198136428921e-05]",0.0,0.0,0.0,0.0
"[-0.000142522670885287, -0.0001449919403206752, -0.00013796468775253355, -0.00012857728160613243, -6.707075596863866e-05, -3.359147149505774e-05, -6.5769855371535e-05, -0.00019060800865046868, -7.89164663733953e-05]",0.0,0.0,0.0,0.0
"[-0.0001344899995332228, -0.000142522670885287, -0.0001449919403206752, -0.00013483953206591578, -8.876927238170616e-05, -2.4462161290341553e-05, -7.019996154939926e-05, -0.00019127126496277627, -7.624634734734323e-05]",0.0,0.0,0.0,0.0
"[-0.00012442387654411547, -0.0001344899995332228, -0.000142522670885287, -0.00013796468775253355, -0.00010781550582004359, -2.6322874106983667e-05, -7.214462731936345e-05, -0.00018175617217818662, -7.232824121614755e-05]",0.0,0.0,0.0,0.0
"[-0.00011855837135390982, -0.00012442387654411547, -0.0001344899995332228, -0.0001449919403206752, -0.0001148295752683299, -2.782556542634056e-05, -6.937641180195185e-05, -0.00017200704501726624, -6.98813444476929e-05]",0.0,0.0,0.0,0.0
"[-0.00011702484507047843, -0.00011855837135390982, -0.00012442387654411547, -0.000142522670885287, -0.00012857728160613243, -2.5793403028071594e-05, -6.523048690919753e-05, -0.0001539805584166866, -7.25231178673836e-05]",0.0,0.0,0.0,0.0
"[-0.00010849854622274424, -0.00011702484507047843, -0.00011855837135390982, -0.0001344899995332228, -0.00013483953206591578, -3.0415368335357968e-05, -5.837596638378936e-05, -0.0001522161482217895, -8.103860323589981e-05]",0.0,0.0,0.0,0.0
"[-0.00010670737093652079, -0.00010849854622274424, -0.00011702484507047843, -0.00012442387654411547, -0.00013796468775253355, -4.274216398246108e-05, -5.474844782869819e-05, -0.0001538803250780313, -8.064942889745181e-05]",0.0,0.0,0.0,0.0
"[-0.00010785430810000627, -0.00010670737093652079, -0.00010849854622274424, -0.00011855837135390982, -0.0001449919403206752, -4.98037615163466e-05, -4.832219070388155e-05, -0.00016026042072822636, -7.808971508377148e-05]",0.0,0.0,0.0,0.0
"[-0.00011350731610818783, -0.00010785430810000627, -0.00010670737093652079, -0.00011702484507047843, -0.000142522670885287, -6.707075596863866e-05, -4.9890189707790294e-05, -0.000147402920662353, -7.528640921227553e-05]",0.0,0.0,0.0,0.0
"[-0.00011711731741693773, -0.00011350731610818783, -0.00010785430810000627, -0.00010849854622274424, -0.0001344899995332228, -8.876927238170616e-05, -5.347005071718889e-05, -0.00013699861661981176, -7.828563491208246e-05]",0.0,0.0,0.0,0.0
"[-0.00011988722997625359, -0.00011711731741693773, -0.00011350731610818783, -0.00010670737093652079, -0.00012442387654411547, -0.00010781550582004359, -4.995430195245166e-05, -0.00013271992705436782, -8.441324066698746e-05]",0.0,0.0,0.0,0.0
"[-0.00011936402618953106, -0.00011988722997625359, -0.00011711731741693773, -0.00010785430810000627, -0.00011855837135390982, -0.0001148295752683299, -6.201823334581914e-05, -0.00012762807859926042, -8.637757542500563e-05]",0.0,0.0,0.0,0.0
"[-0.00011620528558373086, -0.00011936402618953106, -0.00011988722997625359, -0.00011350731610818783, -0.00011702484507047843, -0.00012857728160613243, -5.599572278579891e-05, -0.00011943236048167544, -7.885893342286965e-05]",0.0,0.0,0.0,0.0
"[-0.00011773514559921913, -0.00011620528558373086, -0.00011936402618953106, -0.00011711731741693773, -0.00010849854622274424, -0.00013483953206591578, -5.1873018336047635e-05, -0.00011912942842870087, -7.946506221607302e-05]",0.0,0.0,0.0,0.0
"[-0.0001245145098910186, -0.00011773514559921913, -0.00011620528558373086, -0.00011988722997625359, -0.00010670737093652079, -0.00013796468775253355, -4.1068653399594244e-05, -0.00011335238258902254, -7.47031341699199e-05]",0.0,0.0,0.0,0.0
"[-0.00012696882502450884, -0.0001245145098910186, -0.00011773514559921913, -0.00011936402618953106, -0.00010785430810000627, -0.0001449919403206752, -3.5628580547211546e-05, -0.00010376193571788763, -7.07519939296279e-05]",-0.011338501177619335,-0.0,0.0,0.004046246865600415
"[-0.00012833573067907682, -0.00012696882502450884, -0.0001245145098910186, -0.00011620528558373086, -0.00011350731610818783, -0.000142522670885287, -3.359147149505774e-05, -0.00010286954041436108, -7.15578892841595e-05]",-0.011338501177619335,-0.011338501177619335,1.0,0.004599915463565739
"[-0.00012805184242991032, -0.00012833573067907682, -0.00012696882502450884, -0.00011773514559921913, -0.00011711731741693773, -0.0001344899995332228, -2.4462161290341553e-05, -9.990608132044094e-05, -7.836841491421016e-05]",-0.011338501177619335,-0.02267700235523867,2.0,0.005476142622328857
"[-0.00013329518184019442, -0.00012805184242991032, -0.00012833573067907682, -0.0001245145098910186, -0.00011988722997625359, -0.00012442387654411547, -2.6322874106983667e-05, -9.300317448314526e-05, -8.911991310493925e-05]",-0.011338501177619335,-0.034015503532858,3.0,0.004471473088901039
"[-0.0001426257452149572, -0.00013329518184019442, -0.00012805184242991032, -0.00012696882502450884, -0.00011936402618953106, -0.00011855837135390982, -2.782556542634056e-05, -8.310019790151614e-05, -8.632277695909571e-05]",-0.011338501177619335,-0.04535400471047734,4.0,0.005803216777959371
"[-0.00013908098862148568, -0.0001426257452149572, -0.00013329518184019442, -0.00012833573067907682, -0.00011620528558373086, -0.00011702484507047843, -2.5793403028071594e-05, -6.65454548970096e-05, -8.645125030264412e-05]",-0.011338501177619335,-0.05669250588809668,5.0,0.006798452397947142
"[-0.00014741349447547396, -0.00013908098862148568, -0.0001426257452149572, -0.00012805184242991032, -0.00011773514559921913, -0.00010849854622274424, -3.0415368335357968e-05, -6.032408517090494e-05, -9.481342027731455e-05]",-0.011338501177619335,-0.068031007065716,6.0,0.007898625148428625
"[-0.00015692185270324539, -0.00014741349447547396, -0.00013908098862148568, -0.00013329518184019442, -0.0001245145098910186, -0.00010670737093652079, -4.274216398246108e-05, -5.135737725540827e-05, -9.47892859589776e-05]",-0.011338501177619335,-0.07936950824333534,7.0,0.009616703490038472
"[-0.00016623967419032972, -0.00015692185270324539, -0.00014741349447547396, -0.0001426257452149572, -0.00012696882502450884, -0.00010785430810000627, -4.98037615163466e-05, -4.325582113227274e-05, -9.210167053963401e-05]",-0.011338501177619335,-0.09070800942095468,8.0,0.011870903680531281
"[-0.00017673894864343777, -0.00016623967419032972, -0.00015692185270324539, -0.00013908098862148568, -0.00012833573067907682, -0.00011350731610818783, -6.707075596863866e-05, -4.104973221745285e-05, -8.134726037938443e-05]",-0.011338501177619335,-0.10204651059857402,9.0,0.008196202500609182
"[-0.00018774507659007249, -0.00017673894864343777, -0.00016623967419032972, -0.00014741349447547396, -0.00012805184242991032, -0.00011711731741693773, -8.876927238170616e-05, -4.0543870675592904e-05, -8.503812903021843e-05]",-0.011338501177619335,-0.11338501177619335,10.0,0.007419210455428327
"[-0.00018156608322178464, -0.00018774507659007249, -0.00017673894864343777, -0.00015692185270324539, -0.00013329518184019442, -0.00011988722997625359, -0.00010781550582004359, -4.1087736592351914e-05, -9.240231847205126e-05]",-0.011338501177619335,-0.12472351295381269,11.0,0.007433031912129821
"[-0.0001754820135149573, -0.00018156608322178464, -0.00018774507659007249, -0.00016623967419032972, -0.0001426257452149572, -0.00011936402618953106, -0.0001148295752683299, -4.821318658947978e-05, -8.506031159546077e-05]",-0.011338501177619335,-0.136062014131432,12.0,0.007310140092381779
"[-0.00017259398107372112, -0.0001754820135149573, -0.00018156608322178464, -0.00017673894864343777, -0.00013908098862148568, -0.00011620528558373086, -0.00012857728160613243, -4.6052431831781805e-05, -9.72417470406415e-05]",-0.011338501177619335,-0.14740051530905135,13.0,0.007725451141684997
"[-0.00017067998375482098, -0.00017259398107372112, -0.0001754820135149573, -0.00018774507659007249, -0.00014741349447547396, -0.00011773514559921913, -0.00013483953206591578, -5.04357361945475e-05, -0.00010494561463587535]",-0.011338501177619335,-0.1587390164866707,14.0,0.010701260491030146
"[-0.00017163179974420898, -0.00017067998375482098, -0.00017259398107372112, -0.00018156608322178464, -0.00015692185270324539, -0.0001245145098910186, -0.00013796468775253355, -5.846821353631292e-05, -0.00011162638448173373]",-0.011338501177619335,-0.17007751766429002,15.0,0.011202873058634873
"[-0.00018247310161717754, -0.00017163179974420898, -0.00017067998375482098, -0.0001754820135149573, -0.00016623967419032972, -0.00012696882502450884, -0.0001449919403206752, -5.72262906958304e-05, -0.0001129566160286874]",-0.011338501177619335,-0.18141601884190936,16.0,0.021374891207258603
"[-0.0001885363094730895, -0.00018247310161717754, -0.00017163179974420898, -0.00017259398107372112, -0.00017673894864343777, -0.00012833573067907682, -0.000142522670885287, -6.5769855371535e-05, -0.00011574420100298591]",-0.011338501177619335,-0.1927545200195287,17.0,0.029368559494792095
"[-0.00020973725269861416, -0.0001885363094730895, -0.00018247310161717754, -0.00017067998375482098, -0.00018774507659007249, -0.00012805184242991032, -0.0001344899995332228, -7.019996154939926e-05, -0.00011929821801303279]",-0.011338501177619335,-0.20409302119714803,18.0,0.0369947064875429
"[-0.00022662985578568494, -0.00020973725269861416, -0.0001885363094730895, -0.00017163179974420898, -0.00018156608322178464, -0.00013329518184019442, -0.00012442387654411547, -7.214462731936345e-05, -0.0001336039799414605]",-0.011338501177619335,-0.21543152237476737,19.0,0.029295406702480258
"[-0.00023935433516031126, -0.00022662985578568494, -0.00020973725269861416, -0.00018247310161717754, -0.0001754820135149573, -0.0001426257452149572, -0.00011855837135390982, -6.937641180195185e-05, -0.0001424708512219705]",-0.011338501177619335,-0.2267700235523867,20.0,0.023652368239604423
"[-0.00023917270865781798, -0.00023935433516031126, -0.00022662985578568494, -0.0001885363094730895, -0.00017259398107372112, -0.00013908098862148568, -0.00011702484507047843, -6.523048690919753e-05, -0.00013725257236205243]",-0.011338501177619335,-0.23810852473000604,21.0,0.022710380645815778
"[-0.00023389481036687441, -0.00023917270865781798, -0.00023935433516031126, -0.00020973725269861416, -0.00017067998375482098, -0.00014741349447547396, -0.00010849854622274424, -5.837596638378936e-05, -0.00015139838258672236]",-0.011338501177619335,-0.24944702590762538,22.0,0.023007401301774158
"[-0.00023043571914219151, -0.00023389481036687441, -0.00023917270865781798, -0.00022662985578568494, -0.00017163179974420898, -0.00015692185270324539, -0.00010670737093652079, -5.474844782869819e-05, -0.00016424892596575771]",-0.011338501177619335,-0.2607855270852447,23.0,0.012108188532159104
"[-0.00022923567173620293, -0.00023043571914219151, -0.00023389481036687441, -0.00023935433516031126, -0.00018247310161717754, -0.00016623967419032972, -0.00010785430810000627, -4.832219070388155e-05, -0.0001660295017819166]",-0.011338501177619335,-0.272124028262864,24.0,0.00920966527912112
"[-0.0002124920478480811, -0.00022923567173620293, -0.00023043571914219151, -0.00023917270865781798, -0.0001885363094730895, -0.00017673894864343777, -0.00011350731610818783, -4.9890189707790294e-05, -0.00016379036649129004]",-0.011338501177619335,-0.2834625294404834,25.0,0.007477755255602201
"[-0.0001971085854345627, -0.0002124920478480811, -0.00022923567173620293, -0.00023389481036687441, -0.00020973725269861416, -0.00018774507659007249, -0.00011711731741693773, -5.347005071718889e-05, -0.00016012953657266717]",-0.011338501177619335,-0.2948010306181027,26.0,0.007188751073194903
"[-0.00018362819224492405, -0.0001971085854345627, -0.0002124920478480811, -0.00023043571914219151, -0.00022662985578568494, -0.00018156608322178464, -0.00011988722997625359, -4.995430195245166e-05, -0.0001601552187216556]",-0.011338501177619335,-0.30613953179572206,27.0,0.006772376200856932
"[-0.00017570353686157802, -0.00018362819224492405, -0.0001971085854345627, -0.00022923567173620293, -0.00023935433516031126, -0.0001754820135149573, -0.00011936402618953106, -6.201823334581914e-05, -0.00015165422841076964]",-0.011338501177619335,-0.3174780329733414,28.0,0.0060190371627695995
"[-0.00016995544534602046, -0.00017570353686157802, -0.00018362819224492405, -0.0002124920478480811, -0.00023917270865781798, -0.00017259398107372112, -0.00011620528558373086, -5.599572278579891e-05, -0.0001515030283592536]",-0.011338501177619335,-0.32881653415096074,29.0,0.005218281757171665
"[-0.00016338780149002658, -0.00016995544534602046, -0.00017570353686157802, -0.0001971085854345627, -0.00023389481036687441, -0.00017067998375482098, -0.00011773514559921913, -5.1873018336047635e-05, -0.0001733492511797322]",-0.011338501177619335,-0.34015503532858005,30.0,0.004991391077800928
"[-0.00015539135265990676, -0.00016338780149002658, -0.00016995544534602046, -0.00018362819224492405, -0.00023043571914219151, -0.00017163179974420898, -0.0001245145098910186, -4.1068653399594244e-05, -0.00017758645001526854]",-0.011338501177619335,-0.3514935365061994,31.0,0.0034944948328766213
"[-0.0001497607858919872, -0.00015539135265990676, -0.00016338780149002658, -0.00017570353686157802, -0.00022923567173620293, -0.00018247310161717754, -0.00012696882502450884, -3.5628580547211546e-05, -0.00018454372093520852]",-0.011338501177619335,-0.3628320376838187,32.0,0.003816560421163443
"[-0.00013411805704388371, -0.0001497607858919872, -0.00015539135265990676, -0.00016995544534602046, -0.0002124920478480811, -0.0001885363094730895, -0.00012833573067907682, -3.359147149505774e-05, -0.00018978029778952643]",-0.011338501177619335,-0.37417053886143803,33.0,0.004202879195663072
"[-0.00012876718479040884, -0.00013411805704388371, -0.0001497607858919872, -0.00016338780149002658, -0.0001971085854345627, -0.00020973725269861416, -0.00012805184242991032, -2.4462161290341553e-05, -0.000191445990163192]",-0.011338501177619335,-0.3855090400390574,34.0,0.0049048289348406346
"[-0.00012974237023577421, -0.00012876718479040884, -0.00013411805704388371, -0.00015539135265990676, -0.00018362819224492405, -0.00022662985578568494, -0.00013329518184019442, -2.6322874106983667e-05, -0.00019145433365665417]",-0.011338501177619335,-0.3968475412166767,35.0,0.004709156669692956
"[-0.00013615644854476656, -0.00012974237023577421, -0.00012876718479040884, -0.0001497607858919872, -0.00017570353686157802, -0.00023935433516031126, -0.0001426257452149572, -2.782556542634056e-05, -0.0001967740598878296]",-0.011338501177619335,-0.40818604239429607,36.0,0.0034683184747085942
"[-0.00013784809766829344, -0.00013615644854476656, -0.00012974237023577421, -0.00013411805704388371, -0.00016995544534602046, -0.00023917270865781798, -0.00013908098862148568, -2.5793403028071594e-05, -0.00019861301622186447]",-0.011338501177619335,-0.4195245435719154,37.0,0.004490581663041033
"[-0.00012725030178811712, -0.00013784809766829344, -0.00013615644854476656, -0.00012876718479040884, -0.00016338780149002658, -0.00023389481036687441, -0.00014741349447547396, -3.0415368335357968e-05, -0.00019658325362232874]",-0.011338501177619335,-0.43086304474953474,38.0,0.004901438126579549
"[-0.00013150559917558642, -0.00012725030178811712, -0.00013784809766829344, -0.00012974237023577421, -0.00015539135265990676, -0.00023043571914219151, -0.00015692185270324539, -4.274216398246108e-05, -0.00019703681912929373]",-0.011338501177619335,-0.44220154592715405,39.0,0.0066725218461696194
"[-0.00013692099968640352, -0.00013150559917558642, -0.00012725030178811712, -0.00013615644854476656, -0.0001497607858919872, -0.00022923567173620293, -0.00016623967419032972, -4.98037615163466e-05, -0.00019279535562133061]",-0.011338501177619335,-0.4535400471047734,40.0,0.007367374256985608
"[-0.00015061127204878862, -0.00013692099968640352, -0.00013150559917558642, -0.00013784809766829344, -0.00013411805704388371, -0.0002124920478480811, -0.00017673894864343777, -6.707075596863866e-05, -0.00018407294813770972]",-0.011338501177619335,-0.4648785482823927,41.0,0.007336831814553368
"[-0.00016032569160133114, -0.00015061127204878862, -0.00013692099968640352, -0.00012725030178811712, -0.00012876718479040884, -0.0001971085854345627, -0.00018774507659007249, -8.876927238170616e-05, -0.0001787239442550656]",-0.011338501177619335,-0.4762170494600121,42.0,0.008160267138180716
"[-0.0001648138899046767, -0.00016032569160133114, -0.00015061127204878862, -0.00013150559917558642, -0.00012974237023577421, -0.00018362819224492405, -0.00018156608322178464, -0.00010781550582004359, -0.00018156521995902144]",-0.011338501177619335,-0.4875555506376314,43.0,0.009295941112169248
"[-0.0001703981971897528, -0.0001648138899046767, -0.00016032569160133114, -0.00013692099968640352, -0.00013615644854476656, -0.00017570353686157802, -0.0001754820135149573, -0.0001148295752683299, -0.00017850193965150444]",-0.011338501177619335,-0.49889405181525076,44.0,0.014270392397277998
"[-0.0001771525496597849, -0.0001703981971897528, -0.0001648138899046767, -0.00015061127204878862, -0.00013784809766829344, -0.00016995544534602046, -0.00017259398107372112, -0.00012857728160613243, -0.00017582362711893694]",-0.011338501177619335,-0.5102325529928701,45.0,0.018891858951657323
"[-0.00019310948817218715, -0.0001771525496597849, -0.0001703981971897528, -0.00016032569160133114, -0.00012725030178811712, -0.00016338780149002658, -0.00017067998375482098, -0.00013483953206591578, -0.00018084340270237343]",-0.011338501177619335,-0.5215710541704894,46.0,0.03938077732007244
"[-0.00020766043121244726, -0.00019310948817218715, -0.0001771525496597849, -0.0001648138899046767, -0.00013150559917558642, -0.00015539135265990676, -0.00017163179974420898, -0.00013796468775253355, -0.00018222387945498317]",-0.011338501177619335,-0.5329095553481088,47.0,0.04154035161728363
"[-0.00023249750823756474, -0.00020766043121244726, -0.00019310948817218715, -0.0001703981971897528, -0.00013692099968640352, -0.0001497607858919872, -0.00018247310161717754, -0.0001449919403206752, -0.0001867879670958054]",-0.011338501177619335,-0.544248056525728,48.0,0.04807776242694765
"[-0.0002441178082195646, -0.00023249750823756474, -0.00020766043121244726, -0.0001771525496597849, -0.00015061127204878862, -0.00013411805704388371, -0.0001885363094730895, -0.000142522670885287, -0.00019060800865046868]",-0.011338501177619335,-0.5555865577033474,49.0,0.0407507865274443
"[-0.00025252457965396, -0.0002441178082195646, -0.00023249750823756474, -0.00019310948817218715, -0.00016032569160133114, -0.00012876718479040884, -0.00020973725269861416, -0.0001344899995332228, -0.00019127126496277627]",-0.011338501177619335,-0.5669250588809668,50.0,0.04062825786094617
"[-0.0002526040805722591, -0.00025252457965396, -0.0002441178082195646, -0.00020766043121244726, -0.0001648138899046767, -0.00012974237023577421, -0.00022662985578568494, -0.00012442387654411547, -0.00018175617217818662]",-0.011338501177619335,-0.578263560058586,51.0,0.0418736466924389
"[-0.00025250529759006434, -0.0002526040805722591, -0.00025252457965396, -0.00023249750823756474, -0.0001703981971897528, -0.00013615644854476656, -0.00023935433516031126, -0.00011855837135390982, -0.00017200704501726624]",-0.011338501177619335,-0.5896020612362054,52.0,0.04509451581217383
"[-0.00025320513640341997, -0.00025250529759006434, -0.0002526040805722591, -0.0002441178082195646, -0.0001771525496597849, -0.00013784809766829344, -0.00023917270865781798, -0.00011702484507047843, -0.0001539805584166866]",-0.011338501177619335,-0.6009405624138248,53.0,0.07553846520891243
"[-0.00025515855718023225, -0.00025320513640341997, -0.00025250529759006434, -0.00025252457965396, -0.00019310948817218715, -0.00012725030178811712, -0.00023389481036687441, -0.00010849854622274424, -0.0001522161482217895]",-0.011338501177619335,-0.6122790635914441,54.0,0.09446530432567386
"[-0.00026763251074122537, -0.00025515855718023225, -0.00025320513640341997, -0.0002526040805722591, -0.00020766043121244726, -0.00013150559917558642, -0.00023043571914219151, -0.00010670737093652079, -0.0001538803250780313]",-0.011338501177619335,-0.6236175647690634,55.0,0.10050815828708624
"[-0.00027791303310841447, -0.00026763251074122537, -0.00025515855718023225, -0.00025250529759006434, -0.00023249750823756474, -0.00013692099968640352, -0.00022923567173620293, -0.00010785430810000627, -0.00016026042072822636]",-0.011338501177619335,-0.6349560659466827,56.0,0.1885799255248185
"[-0.00028371046299427254, -0.00027791303310841447, -0.00026763251074122537, -0.00025320513640341997, -0.0002441178082195646, -0.00015061127204878862, -0.0002124920478480811, -0.00011350731610818783, -0.000147402920662353]",-0.011338501177619335,-0.6462945671243021,57.0,0.23936906774356143
"[-0.0003002785695642134, -0.00028371046299427254, -0.00027791303310841447, -0.00025515855718023225, -0.00025252457965396, -0.00016032569160133114, -0.0001971085854345627, -0.00011711731741693773, -0.00013699861661981176]",-0.011338501177619335,-0.6576330683019215,58.0,0.2650126666706776
"[-0.00031264622425730384, -0.0003002785695642134, -0.00028371046299427254, -0.00026763251074122537, -0.0002526040805722591, -0.0001648138899046767, -0.00018362819224492405, -0.00011988722997625359, -0.00013271992705436782]",-0.011338501177619335,-0.6689715694795407,59.0,0.33293832415974484
"[-0.00032020606715234284, -0.00031264622425730384, -0.0003002785695642134, -0.00027791303310841447, -0.00025250529759006434, -0.0001703981971897528, -0.00017570353686157802, -0.00011936402618953106, -0.00012762807859926042]",-0.011338501177619335,-0.6803100706571601,60.0,0.32062074818971403
"[-0.00032897999093337867, -0.00032020606715234284, -0.00031264622425730384, -0.00028371046299427254, -0.00025320513640341997, -0.0001771525496597849, -0.00016995544534602046, -0.00011620528558373086, -0.00011943236048167544]",-0.011338501177619335,-0.6916485718347795,61.0,0.3655414708706716
"[-0.0003317378257470639, -0.00032897999093337867, -0.00032020606715234284, -0.0003002785695642134, -0.00025515855718023225, -0.00019310948817218715, -0.00016338780149002658, -0.00011773514559921913, -0.00011912942842870087]",-0.011338501177619335,-0.7029870730123988,62.0,0.5563812104677903
"[-0.000336283277070782, -0.0003317378257470639, -0.00032897999093337867, -0.00031264622425730384, -0.00026763251074122537, -0.00020766043121244726, -0.00015539135265990676, -0.0001245145098910186, -0.00011335238258902254]",-0.011338501177619335,-0.7143255741900181,63.0,0.5833565996649902
"[-0.00035107335760898407, -0.000336283277070782, -0.0003317378257470639, -0.00032020606715234284, -0.00027791303310841447, -0.00023249750823756474, -0.0001497607858919872, -0.00012696882502450884, -0.00010376193571788763]",-0.011338501177619335,-0.7256640753676374,64.0,0.6915795103305189
"[-0.00035900458798738345, -0.00035107335760898407, -0.000336283277070782, -0.00032897999093337867, -0.00028371046299427254, -0.0002441178082195646, -0.00013411805704388371, -0.00012833573067907682, -0.00010286954041436108]",-0.011338501177619335,-0.7370025765452568,65.0,0.7943773144100533
"[-0.00036962265161625515, -0.00035900458798738345, -0.00035107335760898407, -0.0003317378257470639, -0.0003002785695642134, -0.00025252457965396, -0.00012876718479040884, -0.00012805184242991032, -9.990608132044094e-05]",-0.011338501177619335,-0.7483410777228761,66.0,0.8049151457380871
"[-0.00038215249507361315, -0.00036962265161625515, -0.00035900458798738345, -0.000336283277070782, -0.00031264622425730384, -0.0002526040805722591, -0.00012974237023577421, -0.00013329518184019442, -9.300317448314526e-05]",-0.011338501177619335,-0.7596795789004954,67.0,0.8452541538728366
"[-0.00038821786322929984, -0.00038215249507361315, -0.00036962265161625515, -0.00035107335760898407, -0.00032020606715234284, -0.00025250529759006434, -0.00013615644854476656, -0.0001426257452149572, -8.310019790151614e-05]",-0.011338501177619335,-0.7710180800781148,68.0,0.9144124719508229
"[-0.0003947982633624944, -0.00038821786322929984, -0.00038215249507361315, -0.00035900458798738345, -0.00032897999093337867, -0.00025320513640341997, -0.00013784809766829344, -0.00013908098862148568, -6.65454548970096e-05]",-0.011338501177619335,-0.7823565812557342,69.0,0.9285793227615788
"[-0.0004070367058938383, -0.0003947982633624944, -0.00038821786322929984, -0.00036962265161625515, -0.0003317378257470639, -0.00025515855718023225, -0.00012725030178811712, -0.00014741349447547396, -6.032408517090494e-05]",-0.011338501177619335,-0.7936950824333534,70.0,0.9583319000665933
"[-0.0004147746539645865, -0.0004070367058938383, -0.0003947982633624944, -0.00038215249507361315, -0.000336283277070782, -0.00026763251074122537, -0.00013150559917558642, -0.00015692185270324539, -5.135737725540827e-05]",-0.011338501177619335,-0.8050335836109728,71.0,0.9751552951754386
"[-0.0004256132387481724, -0.0004147746539645865, -0.0004070367058938383, -0.00038821786322929984, -0.00035107335760898407, -0.00027791303310841447, -0.00013692099968640352, -0.00016623967419032972, -4.325582113227274e-05]",-0.011338501177619335,-0.8163720847885921,72.0,0.9873287043680053
"[-0.0004370913382452947, -0.0004256132387481724, -0.0004147746539645865, -0.0003947982633624944, -0.00035900458798738345, -0.00028371046299427254, -0.00015061127204878862, -0.00017673894864343777, -4.104973221745285e-05]",-0.011338501177619335,-0.8277105859662115,73.0,0.9939806319175265
"[-0.00045052545178495283, -0.0004370913382452947, -0.0004256132387481724, -0.0004070367058938383, -0.00036962265161625515, -0.0003002785695642134, -0.00016032569160133114, -0.00018774507659007249, -4.0543870675592904e-05]",-0.011338501177619335,-0.8390490871438308,74.0,0.9951975383419743
"[-0.0004655018981590491, -0.00045052545178495283, -0.0004370913382452947, -0.0004147746539645865, -0.00038215249507361315, -0.00031264622425730384, -0.0001648138899046767, -0.00018156608322178464, -4.1087736592351914e-05]",-0.011338501177619335,-0.8503875883214501,75.0,0.9976435681896052
"[-0.0004742977046355302, -0.0004655018981590491, -0.00045052545178495283, -0.0004256132387481724, -0.00038821786322929984, -0.00032020606715234284, -0.0001703981971897528, -0.0001754820135149573, -4.821318658947978e-05]",-0.011338501177619335,-0.8617260894990695,76.0,0.9969555347671665
"[-0.0004862767836488059, -0.0004742977046355302, -0.0004655018981590491, -0.0004370913382452947, -0.0003947982633624944, -0.00032897999093337867, -0.0001771525496597849, -0.00017259398107372112, -4.6052431831781805e-05]",-0.011338501177619335,-0.8730645906766888,77.0,0.9976833414595145
"[-0.000488220631790387, -0.0004862767836488059, -0.0004742977046355302, -0.00045052545178495283, -0.0004070367058938383, -0.0003317378257470639, -0.00019310948817218715, -0.00017067998375482098, -5.04357361945475e-05]",-0.011338501177619335,-0.8844030918543081,78.0,0.9971223301535658
"[-0.0004921696410191484, -0.000488220631790387, -0.0004862767836488059, -0.0004655018981590491, -0.0004147746539645865, -0.000336283277070782, -0.00020766043121244726, -0.00017163179974420898, -5.846821353631292e-05]",-0.011338501177619335,-0.8957415930319275,79.0,0.9978424969342827
"[-0.0004914948431931492, -0.0004921696410191484, -0.000488220631790387, -0.0004742977046355302, -0.0004256132387481724, -0.00035107335760898407, -0.00023249750823756474, -0.00018247310161717754, -5.72262906958304e-05]",-0.011338501177619335,-0.9070800942095468,80.0,0.999417239841334
"[-0.0004944864742967209, -0.0004914948431931492, -0.0004921696410191484, -0.0004862767836488059, -0.0004370913382452947, -0.00035900458798738345, -0.0002441178082195646, -0.0001885363094730895, -6.5769855371535e-05]",-0.011338501177619335,-0.9184185953871661,81.0,0.9992910367836458
"[-0.0005101137506027375, -0.0004944864742967209, -0.0004914948431931492, -0.000488220631790387, -0.00045052545178495283, -0.00036962265161625515, -0.00025252457965396, -0.00020973725269861416, -7.019996154939926e-05]",-0.011338501177619335,-0.9297570965647854,82.0,0.999057941041203
"[-0.000514571944201297, -0.0005101137506027375, -0.0004944864742967209, -0.0004921696410191484, -0.0004655018981590491, -0.00038215249507361315, -0.0002526040805722591, -0.00022662985578568494, -7.214462731936345e-05]",-0.011338501177619335,-0.9410955977424048,83.0,0.9995082841738557
"[-0.0005135267800583528, -0.000514571944201297, -0.0005101137506027375, -0.0004914948431931492, -0.0004742977046355302, -0.00038821786322929984, -0.00025250529759006434, -0.00023935433516031126, -6.937641180195185e-05]",-0.011338501177619335,-0.9524340989200242,84.0,0.9995467625571937
"[-0.0005199103428967501, -0.0005135267800583528, -0.000514571944201297, -0.0004944864742967209, -0.0004862767836488059, -0.0003947982633624944, -0.00025320513640341997, -0.00023917270865781798, -6.523048690919753e-05]",-0.011338501177619335,-0.9637726000976434,85.0,0.999844844122801
"[-0.0005235408496646172, -0.0005199103428967501, -0.0005135267800583528, -0.0005101137506027375, -0.000488220631790387, -0.0004070367058938383, -0.00025515855718023225, -0.00023389481036687441, -5.837596638378936e-05]",-0.011338501177619335,-0.9751111012752628,86.0,0.9998320922725793
"[-0.000536180517132015, -0.0005235408496646172, -0.0005199103428967501, -0.000514571944201297, -0.0004921696410191484, -0.0004147746539645865, -0.00026763251074122537, -0.00023043571914219151, -5.474844782869819e-05]",-0.011338501177619335,-0.9864496024528822,87.0,0.9998470179986944
"[-0.0005408029719532075, -0.000536180517132015, -0.0005235408496646172, -0.0005135267800583528, -0.0004914948431931492, -0.0004256132387481724, -0.00027791303310841447, -0.00022923567173620293, -4.832219070388155e-05]",-0.011338501177619335,-0.9977881036305015,88.0,0.999881279163897
"[-0.0005438266578200901, -0.0005408029719532075, -0.000536180517132015, -0.0005199103428967501, -0.0004944864742967209, -0.0004370913382452947, -0.00028371046299427254, -0.0002124920478480811, -4.9890189707790294e-05]",-0.011338501177619335,-1.0091266048081209,89.0,0.9999258614797522
"[-0.000547659456756449, -0.0005438266578200901, -0.0005408029719532075, -0.0005235408496646172, -0.0005101137506027375, -0.00045052545178495283, -0.0003002785695642134, -0.0001971085854345627, -5.347005071718889e-05]",-0.011338501177619335,-1.0204651059857401,90.0,0.9999205354457844
"[-0.0005539967575488748, -0.000547659456756449, -0.0005438266578200901, -0.000536180517132015, -0.000514571944201297, -0.0004655018981590491, -0.00031264622425730384, -0.00018362819224492405, -4.995430195245166e-05]",-0.011338501177619335,-1.0318036071633594,91.0,0.999935664863058
"[-0.0005560343729863889, -0.0005539967575488748, -0.000547659456756449, -0.0005408029719532075, -0.0005135267800583528, -0.0004742977046355302, -0.00032020606715234284, -0.00017570353686157802, -6.201823334581914e-05]",-0.011338501177619335,-1.0431421083409789,92.0,0.9999765115994012
"[-0.0005589117054059457, -0.0005560343729863889, -0.0005539967575488748, -0.0005438266578200901, -0.0005199103428967501, -0.0004862767836488059, -0.00032897999093337867, -0.00016995544534602046, -5.599572278579891e-05]",-0.011338501177619335,-1.0544806095185981,93.0,0.9999890625424301
"[-0.0005696468874270603, -0.0005589117054059457, -0.0005560343729863889, -0.000547659456756449, -0.0005235408496646172, -0.000488220631790387, -0.0003317378257470639, -0.00016338780149002658, -5.1873018336047635e-05]",-0.011338501177619335,-1.0658191106962176,94.0,0.9999942245431671
"[-0.0005815384917543008, -0.0005696468874270603, -0.0005589117054059457, -0.0005539967575488748, -0.000536180517132015, -0.0004921696410191484, -0.000336283277070782, -0.00015539135265990676, -4.1068653399594244e-05]",-0.011338501177619335,-1.0771576118738369,95.0,0.9999975042122011
"[-0.0005926747623460856, -0.0005815384917543008, -0.0005696468874270603, -0.0005560343729863889, -0.0005408029719532075, -0.0004914948431931492, -0.00035107335760898407, -0.0001497607858919872, -3.5628580547211546e-05]",-0.011338501177619335,-1.088496113051456,96.0,0.9999991771410207
"[-0.0006053073647871042, -0.0005926747623460856, -0.0005815384917543008, -0.0005589117054059457, -0.0005438266578200901, -0.0004944864742967209, -0.00035900458798738345, -0.00013411805704388371, -3.359147149505774e-05]",-0.011338501177619335,-1.0998346142290756,97.0,0.9999995686028449
"[-0.0006208005697618717, -0.0006053073647871042, -0.0005926747623460856, -0.0005696468874270603, -0.000547659456756449, -0.0005101137506027375, -0.00036962265161625515, -0.00012876718479040884, -2.4462161290341553e-05]",-0.011338501177619335,-1.1111731154066948,98.0,0.9999992332938611
"[-0.0006329251553938072, -0.0006208005697618717, -0.0006053073647871042, -0.0005815384917543008, -0.0005539967575488748, -0.000514571944201297, -0.00038215249507361315, -0.00012974237023577421, -2.6322874106983667e-05]",-0.011338501177619335,-1.122511616584314,99.0,0.9999991370305521
"[-0.0006328748502070997, -0.0006329251553938072, -0.0006208005697618717, -0.0005926747623460856, -0.0005560343729863889, -0.0005135267800583528, -0.00038821786322929984, -0.00013615644854476656, -2.782556542634056e-05]",-0.011338501177619335,-1.1338501177619336,100.0,0.999999131604222
"[-0.0006317309991913414, -0.0006328748502070997, -0.0006329251553938072, -0.0006053073647871042, -0.0005589117054059457, -0.0005199103428967501, -0.0003947982633624944, -0.00013784809766829344, -2.5793403028071594e-05]",-0.011338501177619335,-1.1451886189395528,101.0,0.9999985529388492
"[-0.0006312721680571779, -0.0006317309991913414, -0.0006328748502070997, -0.0006208005697618717, -0.0005696468874270603, -0.0005235408496646172, -0.0004070367058938383, -0.00012725030178811712, -3.0415368335357968e-05]",-0.011338501177619335,-1.156527120117172,102.0,0.9999988146077119
"[-0.0006265534436430524, -0.0006312721680571779, -0.0006317309991913414, -0.0006329251553938072, -0.0005815384917543008, -0.000536180517132015, -0.0004147746539645865, -0.00013150559917558642, -4.274216398246108e-05]",-0.011338501177619335,-1.1678656212947915,103.0,0.9999992788324835
"[-0.0006262617994082396, -0.0006265534436430524, -0.0006312721680571779, -0.0006328748502070997, -0.0005926747623460856, -0.0005408029719532075, -0.0004256132387481724, -0.00013692099968640352, -4.98037615163466e-05]",-0.011338501177619335,-1.1792041224724108,104.0,0.9999993203267369
"[-0.0006306464433377172, -0.0006262617994082396, -0.0006265534436430524, -0.0006317309991913414, -0.0006053073647871042, -0.0005438266578200901, -0.0004370913382452947, -0.00015061127204878862, -6.707075596863866e-05]",-0.011338501177619335,-1.1905426236500303,105.0,0.9999989000989173
"[-0.0006329436667692065, -0.0006306464433377172, -0.0006262617994082396, -0.0006312721680571779, -0.0006208005697618717, -0.000547659456756449, -0.00045052545178495283, -0.00016032569160133114, -8.876927238170616e-05]",-0.011338501177619335,-1.2018811248276495,106.0,0.9999995633851325
"[-0.000629717906803478, -0.0006329436667692065, -0.0006306464433377172, -0.0006265534436430524, -0.0006329251553938072, -0.0005539967575488748, -0.0004655018981590491, -0.0001648138899046767, -0.00010781550582004359]",-0.011338501177619335,-1.2132196260052688,107.0,0.9999992856074094
"[-0.0006363726405806191, -0.000629717906803478, -0.0006329436667692065, -0.0006262617994082396, -0.0006328748502070997, -0.0005560343729863889, -0.0004742977046355302, -0.0001703981971897528, -0.0001148295752683299]",-0.011338501177619335,-1.2245581271828883,108.0,0.9999998270880562
"[-0.0006349985811443833, -0.0006363726405806191, -0.000629717906803478, -0.0006306464433377172, -0.0006317309991913414, -0.0005589117054059457, -0.0004862767836488059, -0.0001771525496597849, -0.00012857728160613243]",-0.011338501177619335,-1.2358966283605075,109.0,0.9999999378917421
"[-0.0006466284375045862, -0.0006349985811443833, -0.0006363726405806191, -0.0006329436667692065, -0.0006312721680571779, -0.0005696468874270603, -0.000488220631790387, -0.00019310948817218715, -0.00013483953206591578]",-0.011338501177619335,-1.2472351295381268,110.0,0.9999999774303457
"[-0.0006601332105035387, -0.0006466284375045862, -0.0006349985811443833, -0.000629717906803478, -0.0006265534436430524, -0.0005815384917543008, -0.0004921696410191484, -0.00020766043121244726, -0.00013796468775253355]",-0.011338501177619335,-1.2585736307157462,111.0,0.9999999865629852
"[-0.0006741394325256416, -0.0006601332105035387, -0.0006466284375045862, -0.0006363726405806191, -0.0006262617994082396, -0.0005926747623460856, -0.0004914948431931492, -0.00023249750823756474, -0.0001449919403206752]",-0.011338501177619335,-1.2699121318933655,112.0,0.9999999883814908
"[-0.0006842368427186232, -0.0006741394325256416, -0.0006601332105035387, -0.0006349985811443833, -0.0006306464433377172, -0.0006053073647871042, -0.0004944864742967209, -0.0002441178082195646, -0.000142522670885287]",-0.011338501177619335,-1.2812506330709847,113.0,0.9999999976900336
"[-0.0006897281819451455, -0.0006842368427186232, -0.0006741394325256416, -0.0006466284375045862, -0.0006329436667692065, -0.0006208005697618717, -0.0005101137506027375, -0.00025252457965396, -0.0001344899995332228]",-0.011338501177619335,-1.2925891342486042,114.0,0.9999999982005608
"[-0.000704702304547164, -0.0006897281819451455, -0.0006842368427186232, -0.0006601332105035387, -0.000629717906803478, -0.0006329251553938072, -0.000514571944201297, -0.0002526040805722591, -0.00012442387654411547]",-0.011338501177619335,-1.3039276354262235,115.0,0.9999999950807248
"[-0.0007129425543763426, -0.000704702304547164, -0.0006897281819451455, -0.0006741394325256416, -0.0006363726405806191, -0.0006328748502070997, -0.0005135267800583528, -0.00025250529759006434, -0.00011855837135390982]",-0.011338501177619335,-1.315266136603843,116.0,0.9999999962869317
"[-0.0007087973572752545, -0.0007129425543763426, -0.000704702304547164, -0.0006842368427186232, -0.0006349985811443833, -0.0006317309991913414, -0.0005199103428967501, -0.00025320513640341997, -0.00011702484507047843]",-0.011338501177619335,-1.3266046377814622,117.0,0.999999998951327
"[-0.0007093355089273789, -0.0007087973572752545, -0.0007129425543763426, -0.0006897281819451455, -0.0006466284375045862, -0.0006312721680571779, -0.0005235408496646172, -0.00025515855718023225, -0.00010849854622274424]",-0.011338501177619335,-1.3379431389590815,118.0,0.9999999994013034
"[-0.0007192981334094383, -0.0007093355089273789, -0.0007087973572752545, -0.000704702304547164, -0.0006601332105035387, -0.0006265534436430524, -0.000536180517132015, -0.00026763251074122537, -0.00010670737093652079]",-0.011338501177619335,-1.349281640136701,119.0,0.9999999997913651
"[-0.000727789267160032, -0.0007192981334094383, -0.0007093355089273789, -0.0007129425543763426, -0.0006741394325256416, -0.0006262617994082396, -0.0005408029719532075, -0.00027791303310841447, -0.00010785430810000627]",-0.011338501177619335,-1.3606201413143202,120.0,0.999999999974317
"[-0.0007391108054752645, -0.000727789267160032, -0.0007192981334094383, -0.0007087973572752545, -0.0006842368427186232, -0.0006306464433377172, -0.0005438266578200901, -0.00028371046299427254, -0.00011350731610818783]",-0.011338501177619335,-1.3719586424919394,121.0,0.9999999999913988
"[-0.0007591009408522679, -0.0007391108054752645, -0.000727789267160032, -0.0007093355089273789, -0.0006897281819451455, -0.0006329436667692065, -0.000547659456756449, -0.0003002785695642134, -0.00011711731741693773]",-0.011338501177619335,-1.383297143669559,122.0,0.9999999999565464
"[-0.0007825230653929131, -0.0007591009408522679, -0.0007391108054752645, -0.0007192981334094383, -0.000704702304547164, -0.000629717906803478, -0.0005539967575488748, -0.00031264622425730384, -0.00011988722997625359]",-0.011338501177619335,-1.3946356448471782,123.0,0.9999999999990209
"[-0.0008105468555122063, -0.0007825230653929131, -0.0007591009408522679, -0.000727789267160032, -0.0007129425543763426, -0.0006363726405806191, -0.0005560343729863889, -0.00032020606715234284, -0.00011936402618953106]",-0.011338501177619335,-1.4059741460247976,124.0,0.9999999999996494
"[-0.0008219332220791586, -0.0008105468555122063, -0.0007825230653929131, -0.0007391108054752645, -0.0007087973572752545, -0.0006349985811443833, -0.0005589117054059457, -0.00032897999093337867, -0.00011620528558373086]",-0.011338501177619335,-1.417312647202417,125.0,0.9999999999977616
"[-0.0008255315584469266, -0.0008219332220791586, -0.0008105468555122063, -0.0007591009408522679, -0.0007093355089273789, -0.0006466284375045862, -0.0005696468874270603, -0.0003317378257470639, -0.00011773514559921913]",-0.011338501177619335,-1.4286511483800362,126.0,0.9999999999967234
"[-0.0008397931687388598, -0.0008255315584469266, -0.0008219332220791586, -0.0007825230653929131, -0.0007192981334094383, -0.0006601332105035387, -0.0005815384917543008, -0.000336283277070782, -0.0001245145098910186]",-0.011338501177619335,-1.4399896495576556,127.0,0.999999999999067
"[-0.0008569899382917741, -0.0008397931687388598, -0.0008255315584469266, -0.0008105468555122063, -0.000727789267160032, -0.0006741394325256416, -0.0005926747623460856, -0.00035107335760898407, -0.00012696882502450884]",-0.011338501177619335,-1.4513281507352749,128.0,0.9999999999992688
"[-0.0008697984670362276, -0.0008569899382917741, -0.0008397931687388598, -0.0008219332220791586, -0.0007391108054752645, -0.0006842368427186232, -0.0006053073647871042, -0.00035900458798738345, -0.00012833573067907682]",-0.011338501177619335,-1.4626666519128941,129.0,0.9999999999995722
"[-0.0008820025185551192, -0.0008697984670362276, -0.0008569899382917741, -0.0008255315584469266, -0.0007591009408522679, -0.0006897281819451455, -0.0006208005697618717, -0.00036962265161625515, -0.00012805184242991032]",-0.011338501177619335,-1.4740051530905136,130.0,0.999999999998022
"[-0.0008914953229153806, -0.0008820025185551192, -0.0008697984670362276, -0.0008397931687388598, -0.0007825230653929131, -0.000704702304547164, -0.0006329251553938072, -0.00038215249507361315, -0.00013329518184019442]",-0.011338501177619335,-1.4853436542681329,131.0,0.9999999999996212
"[-0.0009097124231268552, -0.0008914953229153806, -0.0008820025185551192, -0.0008569899382917741, -0.0008105468555122063, -0.0007129425543763426, -0.0006328748502070997, -0.00038821786322929984, -0.0001426257452149572]",-0.011338501177619335,-1.4966821554457521,132.0,0.9999999999998047
"[-0.0009180698715338899, -0.0009097124231268552, -0.0008914953229153806, -0.0008697984670362276, -0.0008219332220791586, -0.0007087973572752545, -0.0006317309991913414, -0.0003947982633624944, -0.00013908098862148568]",-0.011338501177619335,-1.5080206566233716,133.0,0.9999999999997686
"[-0.0009190028501933428, -0.0009180698715338899, -0.0009097124231268552, -0.0008820025185551192, -0.0008255315584469266, -0.0007093355089273789, -0.0006312721680571779, -0.0004070367058938383, -0.00014741349447547396]",-0.011338501177619335,-1.5193591578009908,134.0,0.9999999999980349
"[-0.0009218399403696243, -0.0009190028501933428, -0.0009180698715338899, -0.0008914953229153806, -0.0008397931687388598, -0.0007192981334094383, -0.0006265534436430524, -0.0004147746539645865, -0.00015692185270324539]",-0.011338501177619335,-1.5306976589786103,135.0,0.9999999999994789
"[-0.0009374745741285929, -0.0009218399403696243, -0.0009190028501933428, -0.0009097124231268552, -0.0008569899382917741, -0.000727789267160032, -0.0006262617994082396, -0.0004256132387481724, -0.00016623967419032972]",-0.011338501177619335,-1.5420361601562296,136.0,0.9999999999989952
"[-0.0009459172537438151, -0.0009374745741285929, -0.0009218399403696243, -0.0009180698715338899, -0.0008697984670362276, -0.0007391108054752645, -0.0006306464433377172, -0.0004370913382452947, -0.00017673894864343777]",-0.011338501177619335,-1.5533746613338488,137.0,0.9999999999998416
"[-0.0009576743550842031, -0.0009459172537438151, -0.0009374745741285929, -0.0009190028501933428, -0.0008820025185551192, -0.0007591009408522679, -0.0006329436667692065, -0.00045052545178495283, -0.00018774507659007249]",-0.011338501177619335,-1.5647131625114683,138.0,0.9999999999998311
"[-0.0009530696777697845, -0.0009576743550842031, -0.0009459172537438151, -0.0009218399403696243, -0.0008914953229153806, -0.0007825230653929131, -0.000629717906803478, -0.0004655018981590491, -0.00018156608322178464]",-0.011338501177619335,-1.5760516636890876,139.0,0.9999999999995137
"[-0.0009513394063373775, -0.0009530696777697845, -0.0009576743550842031, -0.0009374745741285929, -0.0009097124231268552, -0.0008105468555122063, -0.0006363726405806191, -0.0004742977046355302, -0.0001754820135149573]",-0.011338501177619335,-1.5873901648667068,140.0,0.9999999999996514
"[-0.0009617947969627203, -0.0009513394063373775, -0.0009530696777697845, -0.0009459172537438151, -0.0009180698715338899, -0.0008219332220791586, -0.0006349985811443833, -0.0004862767836488059, -0.00017259398107372112]",-0.011338501177619335,-1.5987286660443263,141.0,0.9999999999996205
"[-0.000969627303842612, -0.0009617947969627203, -0.0009513394063373775, -0.0009576743550842031, -0.0009190028501933428, -0.0008255315584469266, -0.0006466284375045862, -0.000488220631790387, -0.00017067998375482098]",-0.011338501177619335,-1.6100671672219455,142.0,0.9999999999994454
"[-0.0009787677180602128, -0.000969627303842612, -0.0009617947969627203, -0.0009530696777697845, -0.0009218399403696243, -0.0008397931687388598, -0.0006601332105035387, -0.0004921696410191484, -0.00017163179974420898]",-0.011338501177619335,-1.621405668399565,143.0,0.999999999999282
"[-0.000990608588371367, -0.0009787677180602128, -0.000969627303842612, -0.0009513394063373775, -0.0009374745741285929, -0.0008569899382917741, -0.0006741394325256416, -0.0004914948431931492, -0.00018247310161717754]",-0.011338501177619335,-1.6327441695771843,144.0,0.9999999999797294
"[-0.0010014166707970706, -0.000990608588371367, -0.0009787677180602128, -0.0009617947969627203, -0.0009459172537438151, -0.0008697984670362276, -0.0006842368427186232, -0.0004944864742967209, -0.0001885363094730895]",-0.011338501177619335,-1.6440826707548035,145.0,0.9999999999353248
"[-0.0010221218398932081, -0.0010014166707970706, -0.000990608588371367, -0.000969627303842612, -0.0009576743550842031, -0.0008820025185551192, -0.0006897281819451455, -0.0005101137506027375, -0.00020973725269861416]",-0.011338501177619335,-1.655421171932423,146.0,0.9999999999780868
"[-0.0010455621972631066, -0.0010221218398932081, -0.0010014166707970706, -0.0009787677180602128, -0.0009530696777697845, -0.0008914953229153806, -0.000704702304547164, -0.000514571944201297, -0.00022662985578568494]",-0.011338501177619335,-1.6667596731100423,147.0,0.9999999999973195
"[-0.0010658928295478264, -0.0010455621972631066, -0.0010221218398932081, -0.000990608588371367, -0.0009513394063373775, -0.0009097124231268552, -0.0007129425543763426, -0.0005135267800583528, -0.00023935433516031126]",-0.011338501177619335,-1.6780981742876615,148.0,0.9999999999992408
"[-0.001079264559430976, -0.0010658928295478264, -0.0010455621972631066, -0.0010014166707970706, -0.0009617947969627203, -0.0009180698715338899, -0.0007087973572752545, -0.0005199103428967501, -0.00023917270865781798]",-0.011338501177619335,-1.689436675465281,149.0,0.9999999999992797
"[-0.0010886398120861617, -0.001079264559430976, -0.0010658928295478264, -0.0010221218398932081, -0.000969627303842612, -0.0009190028501933428, -0.0007093355089273789, -0.0005235408496646172, -0.00023389481036687441]",-0.011338501177619335,-1.7007751766429002,150.0,0.9999999999973036
"[-0.0010981719056145475, -0.0010886398120861617, -0.001079264559430976, -0.0010455621972631066, -0.0009787677180602128, -0.0009218399403696243, -0.0007192981334094383, -0.000536180517132015, -0.00023043571914219151]",-0.011338501177619335,-1.7121136778205195,151.0,0.9999999999998147
"[-0.0011126660808507965, -0.0010981719056145475, -0.0010886398120861617, -0.0010658928295478264, -0.000990608588371367, -0.0009374745741285929, -0.000727789267160032, -0.0005408029719532075, -0.00022923567173620293]",-0.011338501177619335,-1.723452178998139,152.0,0.9999999999997132
"[-0.0011071625843945853, -0.0011126660808507965, -0.0010981719056145475, -0.001079264559430976, -0.0010014166707970706, -0.0009459172537438151, -0.0007391108054752645, -0.0005438266578200901, -0.0002124920478480811]",-0.011338501177619335,-1.7347906801757582,153.0,0.9999999999998191
"[-0.0011051136071101597, -0.0011071625843945853, -0.0011126660808507965, -0.0010886398120861617, -0.0010221218398932081, -0.0009576743550842031, -0.0007591009408522679, -0.000547659456756449, -0.0001971085854345627]",-0.011338501177619335,-1.7461291813533777,154.0,0.9999999999997913
"[-0.001097045469383467, -0.0011051136071101597, -0.0011071625843945853, -0.0010981719056145475, -0.0010455621972631066, -0.0009530696777697845, -0.0007825230653929131, -0.0005539967575488748, -0.00018362819224492405]",-0.011338501177619335,-1.757467682530997,155.0,0.9999999999996309
"[-0.0010920713221155875, -0.001097045469383467, -0.0011051136071101597, -0.0011126660808507965, -0.0010658928295478264, -0.0009513394063373775, -0.0008105468555122063, -0.0005560343729863889, -0.00017570353686157802]",-0.011338501177619335,-1.7688061837086162,156.0,0.9999999999994229
"[-0.0010933643901721584, -0.0010920713221155875, -0.001097045469383467, -0.0011071625843945853, -0.001079264559430976, -0.0009617947969627203, -0.0008219332220791586, -0.0005589117054059457, -0.00016995544534602046]",-0.011338501177619335,-1.7801446848862357,157.0,0.9999999999984256
"[-0.0010979607300150623, -0.0010933643901721584, -0.0010920713221155875, -0.0011051136071101597, -0.0010886398120861617, -0.000969627303842612, -0.0008255315584469266, -0.0005696468874270603, -0.00016338780149002658]",-0.011338501177619335,-1.791483186063855,158.0,0.9999999999871451
"[-0.0011086731427186129, -0.0010979607300150623, -0.0010933643901721584, -0.001097045469383467, -0.0010981719056145475, -0.0009787677180602128, -0.0008397931687388598, -0.0005815384917543008, -0.00015539135265990676]",-0.011338501177619335,-1.8028216872414742,159.0,0.9999999999986485
"[-0.0011274659065543496, -0.0011086731427186129, -0.0010979607300150623, -0.0010920713221155875, -0.0011126660808507965, -0.000990608588371367, -0.0008569899382917741, -0.0005926747623460856, -0.0001497607858919872]",-0.011338501177619335,-1.8141601884190937,160.0,0.9999999999854586
"[-0.0011380550309775673, -0.0011274659065543496, -0.0011086731427186129, -0.0010933643901721584, -0.0011071625843945853, -0.0010014166707970706, -0.0008697984670362276, -0.0006053073647871042, -0.00013411805704388371]",-0.011338501177619335,-1.825498689596713,161.0,0.9999999999920273
"[-0.0011564148042760949, -0.0011380550309775673, -0.0011274659065543496, -0.0010979607300150623, -0.0011051136071101597, -0.0010221218398932081, -0.0008820025185551192, -0.0006208005697618717, -0.00012876718479040884]",-0.011338501177619335,-1.8368371907743322,162.0,0.9999999999713608
"[-0.0011717381626280977, -0.0011564148042760949, -0.0011380550309775673, -0.0011086731427186129, -0.001097045469383467, -0.0010455621972631066, -0.0008914953229153806, -0.0006329251553938072, -0.00012974237023577421]",-0.011338501177619335,-1.8481756919519516,163.0,0.9999999999220711
"[-0.0011922696006570449, -0.0011717381626280977, -0.0011564148042760949, -0.0011274659065543496, -0.0010920713221155875, -0.0010658928295478264, -0.0009097124231268552, -0.0006328748502070997, -0.00013615644854476656]",-0.011338501177619335,-1.859514193129571,164.0,0.9999999999981405
"[-0.0012155652745986722, -0.0011922696006570449, -0.0011717381626280977, -0.0011380550309775673, -0.0010933643901721584, -0.001079264559430976, -0.0009180698715338899, -0.0006317309991913414, -0.00013784809766829344]",-0.011338501177619335,-1.8708526943071904,165.0,0.9999999999982708
"[-0.0012252409894303337, -0.0012155652745986722, -0.0011922696006570449, -0.0011564148042760949, -0.0010979607300150623, -0.0010886398120861617, -0.0009190028501933428, -0.0006312721680571779, -0.00012725030178811712]",-0.011338501177619335,-1.8821911954848096,166.0,0.9999999999941087
"[-0.0012346763850183792, -0.0012252409894303337, -0.0012155652745986722, -0.0011717381626280977, -0.0011086731427186129, -0.0010981719056145475, -0.0009218399403696243, -0.0006265534436430524, -0.00013150559917558642]",-0.011338501177619335,-1.8935296966624289,167.0,0.9999999999591309
"[-0.001247393596769596, -0.0012346763850183792, -0.0012252409894303337, -0.0011922696006570449, -0.0011274659065543496, -0.0011126660808507965, -0.0009374745741285929, -0.0006262617994082396, -0.00013692099968640352]",-0.011338501177619335,-1.9048681978400483,168.0,0.9999999996080462
"[-0.0012694870261229353, -0.001247393596769596, -0.0012346763850183792, -0.0012155652745986722, -0.0011380550309775673, -0.0011071625843945853, -0.0009459172537438151, -0.0006306464433377172, -0.00015061127204878862]",-0.011338501177619335,-1.9162066990176676,169.0,0.9999999999599116
"[-0.0012977915183578512, -0.0012694870261229353, -0.001247393596769596, -0.0012252409894303337, -0.0011564148042760949, -0.0011051136071101597, -0.0009576743550842031, -0.0006329436667692065, -0.00016032569160133114]",-0.011338501177619335,-1.9275452001952869,170.0,0.9999999999722797
"[-0.0013198996441405432, -0.0012977915183578512, -0.0012694870261229353, -0.0012346763850183792, -0.0011717381626280977, -0.001097045469383467, -0.0009530696777697845, -0.000629717906803478, -0.0001648138899046767]",-0.011338501177619335,-1.9388837013729063,171.0,0.9999999999921501
"[-0.0013412158881905886, -0.0013198996441405432, -0.0012977915183578512, -0.001247393596769596, -0.0011922696006570449, -0.0010920713221155875, -0.0009513394063373775, -0.0006363726405806191, -0.0001703981971897528]",-0.011338501177619335,-1.9502222025505256,172.0,0.9999999998617306
"[-0.0013572978849606676, -0.0013412158881905886, -0.0013198996441405432, -0.0012694870261229353, -0.0012155652745986722, -0.0010933643901721584, -0.0009617947969627203, -0.0006349985811443833, -0.0001771525496597849]",-0.011338501177619335,-1.961560703728145,173.0,0.9999999959870435
"[-0.0013781917384190284, -0.0013572978849606676, -0.0013412158881905886, -0.0012977915183578512, -0.0012252409894303337, -0.0010979607300150623, -0.000969627303842612, -0.0006466284375045862, -0.00019310948817218715]",-0.011338501177619335,-1.9728992049057643,174.0,0.999999999978328
"[-0.001408592005310305, -0.0013781917384190284, -0.0013572978849606676, -0.0013198996441405432, -0.0012346763850183792, -0.0011086731427186129, -0.0009787677180602128, -0.0006601332105035387, -0.00020766043121244726]",-0.011338501177619335,-1.9842377060833836,175.0,0.9999999999971377
"[-0.0014250447558688218, -0.001408592005310305, -0.0013781917384190284, -0.0013412158881905886, -0.001247393596769596, -0.0011274659065543496, -0.000990608588371367, -0.0006741394325256416, -0.00023249750823756474]",-0.011338501177619335,-1.995576207261003,176.0,0.9999999999987882
"[-0.0014322179750614861, -0.0014250447558688218, -0.001408592005310305, -0.0013572978849606676, -0.0012694870261229353, -0.0011380550309775673, -0.0010014166707970706, -0.0006842368427186232, -0.0002441178082195646]",-0.011338501177619335,-2.006914708438622,177.0,0.9999999999993853
"[-0.0014345149369834956, -0.0014322179750614861, -0.0014250447558688218, -0.0013781917384190284, -0.0012977915183578512, -0.0011564148042760949, -0.0010221218398932081, -0.0006897281819451455, -0.00025252457965396]",-0.011338501177619335,-2.0182532096162418,178.0,0.9999999999997882
"[-0.0014354687809816056, -0.0014345149369834956, -0.0014322179750614861, -0.001408592005310305, -0.0013198996441405432, -0.0011717381626280977, -0.0010455621972631066, -0.000704702304547164, -0.0002526040805722591]",-0.011338501177619335,-2.029591710793861,179.0,0.9999999999997715
"[-0.0014290113914612462, -0.0014354687809816056, -0.0014345149369834956, -0.0014250447558688218, -0.0013412158881905886, -0.0011922696006570449, -0.0010658928295478264, -0.0007129425543763426, -0.00025250529759006434]",-0.011338501177619335,-2.0409302119714803,180.0,0.9999999999998016
"[-0.001425035734889737, -0.0014290113914612462, -0.0014354687809816056, -0.0014322179750614861, -0.0013572978849606676, -0.0012155652745986722, -0.001079264559430976, -0.0007087973572752545, -0.00025320513640341997]",-0.011338501177619335,-2.0522687131490995,181.0,0.9999999999997741
"[-0.0014185117252704937, -0.001425035734889737, -0.0014290113914612462, -0.0014345149369834956, -0.0013781917384190284, -0.0012252409894303337, -0.0010886398120861617, -0.0007093355089273789, -0.00025515855718023225]",-0.011338501177619335,-2.063607214326719,182.0,0.9999999999992395
"[-0.0014131153160562532, -0.0014185117252704937, -0.001425035734889737, -0.0014354687809816056, -0.001408592005310305, -0.0012346763850183792, -0.0010981719056145475, -0.0007192981334094383, -0.00026763251074122537]",-0.011338501177619335,-2.0749457155043385,183.0,0.9999999999997476
"[-0.0014166241761173408, -0.0014131153160562532, -0.0014185117252704937, -0.0014290113914612462, -0.0014250447558688218, -0.001247393596769596, -0.0011126660808507965, -0.000727789267160032, -0.00027791303310841447]",-0.011338501177619335,-2.0862842166819577,184.0,0.9999999999997926
"[-0.0014118135416276297, -0.0014166241761173408, -0.0014131153160562532, -0.001425035734889737, -0.0014322179750614861, -0.0012694870261229353, -0.0011071625843945853, -0.0007391108054752645, -0.00028371046299427254]",-0.011338501177619335,-2.097622717859577,185.0,0.99999999999981
"[-0.0014023668271357455, -0.0014118135416276297, -0.0014166241761173408, -0.0014185117252704937, -0.0014345149369834956, -0.0012977915183578512, -0.0011051136071101597, -0.0007591009408522679, -0.0003002785695642134]",-0.011338501177619335,-2.1089612190371962,186.0,0.9999999999997996
"[-0.0013905078597857363, -0.0014023668271357455, -0.0014118135416276297, -0.0014131153160562532, -0.0014354687809816056, -0.0013198996441405432, -0.001097045469383467, -0.0007825230653929131, -0.00031264622425730384]",-0.011338501177619335,-2.1202997202148155,187.0,0.9999999999997029
"[-0.0013784392295373901, -0.0013905078597857363, -0.0014023668271357455, -0.0014166241761173408, -0.0014290113914612462, -0.0013412158881905886, -0.0010920713221155875, -0.0008105468555122063, -0.00032020606715234284]",-0.011338501177619335,-2.131638221392435,188.0,0.9999999999997203
"[-0.0013725651627377697, -0.0013784392295373901, -0.0013905078597857363, -0.0014118135416276297, -0.001425035734889737, -0.0013572978849606676, -0.0010933643901721584, -0.0008219332220791586, -0.00032897999093337867]",-0.011338501177619335,-2.1429767225700544,189.0,0.9999999999996231
"[-0.001366154938263328, -0.0013725651627377697, -0.0013784392295373901, -0.0014023668271357455, -0.0014185117252704937, -0.0013781917384190284, -0.0010979607300150623, -0.0008255315584469266, -0.0003317378257470639]",-0.011338501177619335,-2.1543152237476737,190.0,0.9999999999997484
"[-0.0013627497013961212, -0.001366154938263328, -0.0013725651627377697, -0.0013905078597857363, -0.0014131153160562532, -0.001408592005310305, -0.0011086731427186129, -0.0008397931687388598, -0.000336283277070782]",-0.011338501177619335,-2.165653724925293,191.0,0.9999999999997565
"[-0.00013919603974176211, -0.00013782952180287647, -0.00012730180190097023, -0.00010955632649048464, -0.00010565537220674351, -8.519599186980561e-05, -0.00015742403539451664, -0.0001668751688302187, -0.00014157835356692867]",0.0,0.0,0.0,0.0
"[-0.00013702583942010714, -0.00013919603974176211, -0.00013782952180287647, -0.00011864127721311645, -0.00010384471922157726, -6.937899150695259e-05, -0.00015409296323415887, -0.0001641883449719738, -0.0001344741948439803]",0.0,0.0,0.0,0.0
"[-0.00013746703826647243, -0.00013702583942010714, -0.00013919603974176211, -0.00012730180190097023, -0.00010859507989094867, -6.218002399694909e-05, -0.00016332925765281947, -0.00016290144333507047, -0.00013601727011933483]",0.0,0.0,0.0,0.0
"[-0.00013814960866934182, -0.00013746703826647243, -0.00013702583942010714, -0.00013782952180287647, -0.00010659509057352263, -6.513724113035479e-05, -0.000155847674418337, -0.00015895649378211578, -0.00013761623855104013]",0.0,0.0,0.0,0.0
"[-0.00014255428203597444, -0.00013814960866934182, -0.00013746703826647243, -0.00013919603974176211, -0.00010955632649048464, -7.251962085875215e-05, -0.00015195382156063249, -0.00015730427511280925, -0.00013306993418116155]",0.0,0.0,0.0,0.0
"[-0.00014245500564089657, -0.00014255428203597444, -0.00013814960866934182, -0.00013702583942010714, -0.00011864127721311645, -8.353865215860098e-05, -0.00016216196902594482, -0.00015572720815182437, -0.00011781159453535798]",0.0,0.0,0.0,0.0
"[-0.00014540688121616308, -0.00014245500564089657, -0.00014255428203597444, -0.00013746703826647243, -0.00012730180190097023, -9.550047224221452e-05, -0.0001683299648845684, -0.00015733760710746777, -0.00011090516205596366]",0.0,0.0,0.0,0.0
"[-0.00014561467104030993, -0.00014540688121616308, -0.00014245500564089657, -0.00013814960866934182, -0.00013782952180287647, -0.00010483675566511182, -0.00016945353178139216, -0.0001637090971547768, -0.00010513131510528847]",0.0,0.0,0.0,0.0
"[-0.0001424826444391402, -0.00014561467104030993, -0.00014540688121616308, -0.00014255428203597444, -0.00013919603974176211, -0.00010565537220674351, -0.00016706917361425925, -0.000170150893529812, -0.00010590656459864842]",0.0,0.0,0.0,0.0
"[-0.00013597731578032337, -0.0001424826444391402, -0.00014561467104030993, -0.00014245500564089657, -0.00013702583942010714, -0.00010384471922157726, -0.000158019176637418, -0.00017419163744944222, -0.00010292307517807063]",0.0,0.0,0.0,0.0
"[-0.00012554634450172408, -0.00013597731578032337, -0.0001424826444391402, -0.00014540688121616308, -0.00013746703826647243, -0.00010859507989094867, -0.00014869498454130105, -0.00017917409344865473, -0.00010211141098308239]",0.0,0.0,0.0,0.0
"[-0.00011362820415353116, -0.00012554634450172408, -0.00013597731578032337, -0.00014561467104030993, -0.00013814960866934182, -0.00010659509057352263, -0.0001301537558455093, -0.00018049756448722064, -0.00010328243915370233]",0.0,0.0,0.0,0.0
"[-0.00010305066911945851, -0.00011362820415353116, -0.00012554634450172408, -0.0001424826444391402, -0.00014255428203597444, -0.00010955632649048464, -0.00011417546764794211, -0.00017963348543178584, -0.00010818054368493042]",0.0,0.0,0.0,0.0
"[-9.96225110848523e-05, -0.00010305066911945851, -0.00011362820415353116, -0.00013597731578032337, -0.00014245500564089657, -0.00011864127721311645, -0.0001106282629897697, -0.00018603474729151956, -0.00010990722523056043]",0.0,0.0,0.0,0.0
"[-9.311401093499311e-05, -9.96225110848523e-05, -0.00010305066911945851, -0.00012554634450172408, -0.00014540688121616308, -0.00012730180190097023, -0.00010856517268274557, -0.0001929854743584297, -0.0001053437981927876]",0.0,0.0,0.0,0.0
"[-9.036395982549293e-05, -9.311401093499311e-05, -9.96225110848523e-05, -0.00011362820415353116, -0.00014561467104030993, -0.00013782952180287647, -9.795392360857667e-05, -0.00019268756318866222, -0.000105150410408225]",0.0,0.0,0.0,0.0
"[-8.231673555050546e-05, -9.036395982549293e-05, -9.311401093499311e-05, -0.00010305066911945851, -0.0001424826444391402, -0.00013919603974176211, -8.519599186980561e-05, -0.00019535903909519687, -0.00010355662283051149]",0.0,0.0,0.0,0.0
"[-7.642633501438066e-05, -8.231673555050546e-05, -9.036395982549293e-05, -9.96225110848523e-05, -0.00013597731578032337, -0.00013702583942010714, -6.937899150695259e-05, -0.0001933529825040739, -0.00010014977147372057]",0.0,0.0,0.0,0.0
"[-7.335869776504928e-05, -7.642633501438066e-05, -8.231673555050546e-05, -9.311401093499311e-05, -0.00012554634450172408, -0.00013746703826647243, -6.218002399694909e-05, -0.0001927238628315846, -9.919976248296736e-05]",0.0,0.0,0.0,0.0
"[-7.973663429798382e-05, -7.335869776504928e-05, -7.642633501438066e-05, -9.036395982549293e-05, -0.00011362820415353116, -0.00013814960866934182, -6.513724113035479e-05, -0.00018694237144039287, -0.00010314951167855886]",0.0,0.0,0.0,0.0
"[-7.788218984098772e-05, -7.973663429798382e-05, -7.335869776504928e-05, -8.231673555050546e-05, -0.00010305066911945851, -0.00014255428203597444, -7.251962085875215e-05, -0.0001895630218183766, -0.00011387184565595642]",0.0,0.0,0.0,0.0
"[-7.933994721825665e-05, -7.788218984098772e-05, -7.973663429798382e-05, -7.642633501438066e-05, -9.96225110848523e-05, -0.00014245500564089657, -8.353865215860098e-05, -0.00018904672957990504, -0.00011783487945974095]",0.0,0.0,0.0,0.0
"[-8.366312810111982e-05, -7.933994721825665e-05, -7.788218984098772e-05, -7.335869776504928e-05, -9.311401093499311e-05, -0.00014540688121616308, -9.550047224221452e-05, -0.00018951554099395945, -0.00012045760127457973]",0.0,0.0,0.0,0.0
"[-7.892096282356386e-05, -8.366312810111982e-05, -7.933994721825665e-05, -7.973663429798382e-05, -9.036395982549293e-05, -0.00014561467104030993, -0.00010483675566511182, -0.00018450749445943194, -0.00012376967668092147]",0.0,0.0,0.0,0.0
"[-7.630302821426036e-05, -7.892096282356386e-05, -8.366312810111982e-05, -7.788218984098772e-05, -8.231673555050546e-05, -0.0001424826444391402, -0.00010565537220674351, -0.00017809915521381416, -0.00011649887053445166]",0.0,0.0,0.0,0.0
"[-7.893237351820443e-05, -7.630302821426036e-05, -7.892096282356386e-05, -7.933994721825665e-05, -7.642633501438066e-05, -0.00013597731578032337, -0.00010384471922157726, -0.00016500274100562196, -0.00011512926739007287]",0.0,0.0,0.0,0.0
"[-6.958830642735132e-05, -7.893237351820443e-05, -7.630302821426036e-05, -8.366312810111982e-05, -7.335869776504928e-05, -0.00012554634450172408, -0.00010859507989094867, -0.0001645873344999718, -0.00011262215444016757]",0.0,0.0,0.0,0.0
"[-6.32273142485258e-05, -6.958830642735132e-05, -7.893237351820443e-05, -7.892096282356386e-05, -7.973663429798382e-05, -0.00011362820415353116, -0.00010659509057352263, -0.0001661233218239276, -0.00011009461817679904]",0.0,0.0,0.0,0.0
"[-4.504566847625681e-05, -6.32273142485258e-05, -6.958830642735132e-05, -7.630302821426036e-05, -7.788218984098772e-05, -0.00010305066911945851, -0.00010955632649048464, -0.00015737382730642347, -0.0001085552359987051]",0.0,0.0,0.0,0.0
"[-3.483638647602066e-05, -4.504566847625681e-05, -6.32273142485258e-05, -7.893237351820443e-05, -7.933994721825665e-05, -9.96225110848523e-05, -0.00011864127721311645, -0.00015511041241084384, -0.00011078128608037426]",0.0,0.0,0.0,0.0
"[-2.402323301982974e-05, -3.483638647602066e-05, -4.504566847625681e-05, -6.958830642735132e-05, -8.366312810111982e-05, -9.311401093499311e-05, -0.00012730180190097023, -0.00015793414411293286, -0.00011584683771407209]",0.0,0.0,0.0,0.0
"[-1.5814806338715133e-05, -2.402323301982974e-05, -3.483638647602066e-05, -6.32273142485258e-05, -7.892096282356386e-05, -9.036395982549293e-05, -0.00013782952180287647, -0.00015957889138891148, -0.00011738714057313392]",0.0,0.0,0.0,0.0
"[-7.308171798839191e-06, -1.5814806338715133e-05, -2.402323301982974e-05, -4.504566847625681e-05, -7.630302821426036e-05, -8.231673555050546e-05, -0.00013919603974176211, -0.00015742403539451664, -0.00011905066895042045]",0.014759121021131971,0.0,0.0,0.0019921581493397237
"[-2.9703651816221086e-06, -7.308171798839191e-06, -1.5814806338715133e-05, -3.483638647602066e-05, -7.893237351820443e-05, -7.642633501438066e-05, -0.00013702583942010714, -0.00015409296323415887, -0.00012258286366922746]",0.014759121021131971,0.014759121021131971,1.0,0.002008060294575575
"[1.6934762328383917e-06, -2.9703651816221086e-06, -7.308171798839191e-06, -2.402323301982974e-05, -6.958830642735132e-05, -7.335869776504928e-05, -0.00013746703826647243, -0.00016332925765281947, -0.00011958214781966008]",0.014759121021131971,0.029518242042263942,2.0,0.002038569627019479
"[8.593752689469157e-06, 1.6934762328383917e-06, -2.9703651816221086e-06, -1.5814806338715133e-05, -6.32273142485258e-05, -7.973663429798382e-05, -0.00013814960866934182, -0.000155847674418337, -0.00012317142970762375]",0.014759121021131971,0.044277363063395914,3.0,0.002046446720737182
"[1.032506732861263e-05, 8.593752689469157e-06, 1.6934762328383917e-06, -7.308171798839191e-06, -4.504566847625681e-05, -7.788218984098772e-05, -0.00014255428203597444, -0.00015195382156063249, -0.00012202803786370252]",0.014759121021131971,0.059036484084527885,4.0,0.002042927739151014
"[1.1972309796755066e-05, 1.032506732861263e-05, 8.593752689469157e-06, -2.9703651816221086e-06, -3.483638647602066e-05, -7.933994721825665e-05, -0.00014245500564089657, -0.00016216196902594482, -0.00012411683931489]",0.014759121021131971,0.07379560510565986,5.0,0.002031906286120184
"[6.219827611440952e-06, 1.1972309796755066e-05, 1.032506732861263e-05, 1.6934762328383917e-06, -2.402323301982974e-05, -8.366312810111982e-05, -0.00014540688121616308, -0.0001683299648845684, -0.00011826666866562151]",0.014759121021131971,0.08855472612679183,6.0,0.00199914620083511
"[-1.7119470528953397e-06, 6.219827611440952e-06, 1.1972309796755066e-05, 8.593752689469157e-06, -1.5814806338715133e-05, -7.892096282356386e-05, -0.00014561467104030993, -0.00016945353178139216, -0.00011324842048102657]",0.014759121021131971,0.1033138471479238,7.0,0.002004535266605765
"[9.090036289575404e-07, -1.7119470528953397e-06, 6.219827611440952e-06, 1.032506732861263e-05, -7.308171798839191e-06, -7.630302821426036e-05, -0.0001424826444391402, -0.00016706917361425925, -0.00011453913175372087]",0.014759121021131971,0.11807296816905577,8.0,0.002033526804057884
"[7.734343178138231e-06, 9.090036289575404e-07, -1.7119470528953397e-06, 1.1972309796755066e-05, -2.9703651816221086e-06, -7.893237351820443e-05, -0.00013597731578032337, -0.000158019176637418, -0.00011419388290565205]",0.014759121021131971,0.13283208919018774,9.0,0.002026804869038544
"[5.313834680369341e-06, 7.734343178138231e-06, 9.090036289575404e-07, 6.219827611440952e-06, 1.6934762328383917e-06, -6.958830642735132e-05, -0.00012554634450172408, -0.00014869498454130105, -0.0001229687609267289]",0.014759121021131971,0.1475912102113197,10.0,0.0020434175427711636
"[8.55962255135615e-06, 5.313834680369341e-06, 7.734343178138231e-06, -1.7119470528953397e-06, 8.593752689469157e-06, -6.32273142485258e-05, -0.00011362820415353116, -0.0001301537558455093, -0.0001361956314678437]",0.014759121021131971,0.16235033123245168,11.0,0.0020809143125460647
"[1.244634470352025e-05, 8.55962255135615e-06, 5.313834680369341e-06, 9.090036289575404e-07, 1.032506732861263e-05, -4.504566847625681e-05, -0.00010305066911945851, -0.00011417546764794211, -0.00013384588361336748]",0.014759121021131971,0.17710945225358365,12.0,0.0021373740132463693
"[2.0769572269339633e-05, 1.244634470352025e-05, 8.55962255135615e-06, 7.734343178138231e-06, 1.1972309796755066e-05, -3.483638647602066e-05, -9.96225110848523e-05, -0.0001106282629897697, -0.00013228765954639932]",0.014759121021131971,0.19186857327471563,13.0,0.002277346339061646
"[2.6240549900434527e-05, 2.0769572269339633e-05, 1.244634470352025e-05, 5.313834680369341e-06, 6.219827611440952e-06, -2.402323301982974e-05, -9.311401093499311e-05, -0.00010856517268274557, -0.00013161914078248712]",0.014759121021131971,0.2066276942958476,14.0,0.0023881959032237754
"[4.085474665474229e-05, 2.6240549900434527e-05, 2.0769572269339633e-05, 8.55962255135615e-06, -1.7119470528953397e-06, -1.5814806338715133e-05, -9.036395982549293e-05, -9.795392360857667e-05, -0.00013184939725078242]",0.014759121021131971,0.22138681531697957,15.0,0.0022742270316834907
"[4.708213819088672e-05, 4.085474665474229e-05, 2.6240549900434527e-05, 1.244634470352025e-05, 9.090036289575404e-07, -7.308171798839191e-06, -8.231673555050546e-05, -8.519599186980561e-05, -0.00012989023966150626]",0.014759121021131971,0.23614593633811154,16.0,0.0022903516797309975
"[3.989081004593821e-05, 4.708213819088672e-05, 4.085474665474229e-05, 2.0769572269339633e-05, 7.734343178138231e-06, -2.9703651816221086e-06, -7.642633501438066e-05, -6.937899150695259e-05, -0.00012728341564481247]",0.014759121021131971,0.2509050573592435,17.0,0.002371719105364856
"[4.01184161717097e-05, 3.989081004593821e-05, 4.708213819088672e-05, 2.6240549900434527e-05, 5.313834680369341e-06, 1.6934762328383917e-06, -7.335869776504928e-05, -6.218002399694909e-05, -0.0001440447708928569]",0.014759121021131971,0.2656641783803755,18.0,0.0023373322615486613
"[4.604000264981749e-05, 4.01184161717097e-05, 3.989081004593821e-05, 4.085474665474229e-05, 8.55962255135615e-06, 8.593752689469157e-06, -7.973663429798382e-05, -6.513724113035479e-05, -0.00014271483897571093]",0.014759121021131971,0.28042329940150745,19.0,0.0024530767402634883
"[4.4091756725369685e-05, 4.604000264981749e-05, 4.01184161717097e-05, 4.708213819088672e-05, 1.244634470352025e-05, 1.032506732861263e-05, -7.788218984098772e-05, -7.251962085875215e-05, -0.00014903384396341068]",0.014759121021131971,0.2951824204226394,20.0,0.0024759315011839314
"[5.108915355721437e-05, 4.4091756725369685e-05, 4.604000264981749e-05, 3.989081004593821e-05, 2.0769572269339633e-05, 1.1972309796755066e-05, -7.933994721825665e-05, -8.353865215860098e-05, -0.0001572074785531929]",0.014759121021131971,0.3099415414437714,21.0,0.0025493098091135227
"[5.275499007616918e-05, 5.108915355721437e-05, 4.4091756725369685e-05, 4.01184161717097e-05, 2.6240549900434527e-05, 6.219827611440952e-06, -8.366312810111982e-05, -9.550047224221452e-05, -0.00016532853255907007]",0.014759121021131971,0.32470066246490337,22.0,0.002824620689139991
"[5.661851787505476e-05, 5.275499007616918e-05, 5.108915355721437e-05, 4.604000264981749e-05, 4.085474665474229e-05, -1.7119470528953397e-06, -7.892096282356386e-05, -0.00010483675566511182, -0.00015194754727410514]",0.014759121021131971,0.33945978348603534,23.0,0.0030232380907763167
"[6.857809871874194e-05, 5.661851787505476e-05, 5.275499007616918e-05, 4.4091756725369685e-05, 4.708213819088672e-05, 9.090036289575404e-07, -7.630302821426036e-05, -0.00010565537220674351, -0.0001405786870041885]",0.014759121021131971,0.3542189045071673,24.0,0.002916686937434406
"[7.632601287567051e-05, 6.857809871874194e-05, 5.661851787505476e-05, 5.108915355721437e-05, 3.989081004593821e-05, 7.734343178138231e-06, -7.893237351820443e-05, -0.00010384471922157726, -0.00013793773708383383]",0.014759121021131971,0.3689780255282993,25.0,0.0027942296421615232
"[7.459392278916802e-05, 7.632601287567051e-05, 6.857809871874194e-05, 5.275499007616918e-05, 4.01184161717097e-05, 5.313834680369341e-06, -6.958830642735132e-05, -0.00010859507989094867, -0.00013802034223093344]",0.014759121021131971,0.38373714654943125,26.0,0.0028435645237979506
"[7.041117213104917e-05, 7.459392278916802e-05, 7.632601287567051e-05, 5.661851787505476e-05, 4.604000264981749e-05, 8.55962255135615e-06, -6.32273142485258e-05, -0.00010659509057352263, -0.00014287934541026755]",0.014759121021131971,0.3984962675705632,27.0,0.003170201088648263
"[7.105126567852892e-05, 7.041117213104917e-05, 7.459392278916802e-05, 6.857809871874194e-05, 4.4091756725369685e-05, 1.244634470352025e-05, -4.504566847625681e-05, -0.00010955632649048464, -0.00014403747177785148]",0.014759121021131971,0.4132553885916952,28.0,0.0038001353664751203
"[8.074323069965596e-05, 7.105126567852892e-05, 7.041117213104917e-05, 7.632601287567051e-05, 5.108915355721437e-05, 2.0769572269339633e-05, -3.483638647602066e-05, -0.00011864127721311645, -0.00015763611231345872]",0.014759121021131971,0.42801450961282717,29.0,0.004223376939291423
"[9.605630212878539e-05, 8.074323069965596e-05, 7.105126567852892e-05, 7.459392278916802e-05, 5.275499007616918e-05, 2.6240549900434527e-05, -2.402323301982974e-05, -0.00012730180190097023, -0.00016300596532450154]",0.014759121021131971,0.44277363063395914,30.0,0.00499576478017103
"[0.00010566780492889626, 9.605630212878539e-05, 8.074323069965596e-05, 7.041117213104917e-05, 5.661851787505476e-05, 4.085474665474229e-05, -1.5814806338715133e-05, -0.00013782952180287647, -0.00016993767281766337]",0.014759121021131971,0.4575327516550911,31.0,0.00579565386960855
"[0.00011754290613725267, 0.00010566780492889626, 9.605630212878539e-05, 7.105126567852892e-05, 6.857809871874194e-05, 4.708213819088672e-05, -7.308171798839191e-06, -0.00013919603974176211, -0.0001668751688302187]",0.014759121021131971,0.4722918726762231,32.0,0.006952990997855728
"[0.00012809980774263456, 0.00011754290613725267, 0.00010566780492889626, 8.074323069965596e-05, 7.632601287567051e-05, 3.989081004593821e-05, -2.9703651816221086e-06, -0.00013702583942010714, -0.0001641883449719738]",0.014759121021131971,0.48705099369735505,33.0,0.007540064198944453
"[0.0001394936174360971, 0.00012809980774263456, 0.00011754290613725267, 9.605630212878539e-05, 7.459392278916802e-05, 4.01184161717097e-05, 1.6934762328383917e-06, -0.00013746703826647243, -0.00016290144333507047]",0.014759121021131971,0.501810114718487,34.0,0.008299980614475181
"[0.00014602456041378883, 0.0001394936174360971, 0.00012809980774263456, 0.00010566780492889626, 7.041117213104917e-05, 4.604000264981749e-05, 8.593752689469157e-06, -0.00013814960866934182, -0.00015895649378211578]",0.014759121021131971,0.516569235739619,35.0,0.009124193761205704
"[0.00015187221323046017, 0.00014602456041378883, 0.0001394936174360971, 0.00011754290613725267, 7.105126567852892e-05, 4.4091756725369685e-05, 1.032506732861263e-05, -0.00014255428203597444, -0.00015730427511280925]",0.014759121021131971,0.531328356760751,36.0,0.007910416275483853
"[0.00015736732934992285, 0.00015187221323046017, 0.00014602456041378883, 0.00012809980774263456, 8.074323069965596e-05, 5.108915355721437e-05, 1.1972309796755066e-05, -0.00014245500564089657, -0.00015572720815182437]",0.014759121021131971,0.5460874777818829,37.0,0.008764070694460752
"[0.00015337443539262396, 0.00015736732934992285, 0.00015187221323046017, 0.0001394936174360971, 9.605630212878539e-05, 5.275499007616918e-05, 6.219827611440952e-06, -0.00014540688121616308, -0.00015733760710746777]",0.014759121021131971,0.5608465988030149,38.0,0.012478019031446326
"[0.00015622778201395575, 0.00015337443539262396, 0.00015736732934992285, 0.00014602456041378883, 0.00010566780492889626, 5.661851787505476e-05, -1.7119470528953397e-06, -0.00014561467104030993, -0.0001637090971547768]",0.014759121021131971,0.5756057198241469,39.0,0.02077565416075921
"[0.0001705796442903047, 0.00015622778201395575, 0.00015337443539262396, 0.00015187221323046017, 0.00011754290613725267, 6.857809871874194e-05, 9.090036289575404e-07, -0.0001424826444391402, -0.000170150893529812]",0.014759121021131971,0.5903648408452788,40.0,0.025452596584387543
"[0.00019230362388114437, 0.0001705796442903047, 0.00015622778201395575, 0.00015736732934992285, 0.00012809980774263456, 7.632601287567051e-05, 7.734343178138231e-06, -0.00013597731578032337, -0.00017419163744944222]",0.014759121021131971,0.6051239618664108,41.0,0.04654750849628932
"[0.00020476362913825563, 0.00019230362388114437, 0.0001705796442903047, 0.00015337443539262396, 0.0001394936174360971, 7.459392278916802e-05, 5.313834680369341e-06, -0.00012554634450172408, -0.00017917409344865473]",0.014759121021131971,0.6198830828875428,42.0,0.04656599366751802
"[0.00022634845001945507, 0.00020476362913825563, 0.00019230362388114437, 0.00015622778201395575, 0.00014602456041378883, 7.041117213104917e-05, 8.55962255135615e-06, -0.00011362820415353116, -0.00018049756448722064]",0.014759121021131971,0.6346422039086748,43.0,0.057444254643968955
"[0.0002328446947249026, 0.00022634845001945507, 0.00020476362913825563, 0.0001705796442903047, 0.00015187221323046017, 7.105126567852892e-05, 1.244634470352025e-05, -0.00010305066911945851, -0.00017963348543178584]",0.014759121021131971,0.6494013249298067,44.0,0.1327737536447884
"[0.00024059568073092779, 0.0002328446947249026, 0.00022634845001945507, 0.00019230362388114437, 0.00015736732934992285, 8.074323069965596e-05, 2.0769572269339633e-05, -9.96225110848523e-05, -0.00018603474729151956]",0.014759121021131971,0.6641604459509387,45.0,0.18662817450933866
"[0.0002652178567004459, 0.00024059568073092779, 0.0002328446947249026, 0.00020476362913825563, 0.00015337443539262396, 9.605630212878539e-05, 2.6240549900434527e-05, -9.311401093499311e-05, -0.0001929854743584297]",0.014759121021131971,0.6789195669720707,46.0,0.2843430188376872
"[0.00028175444625451956, 0.0002652178567004459, 0.00024059568073092779, 0.00022634845001945507, 0.00015622778201395575, 0.00010566780492889626, 4.085474665474229e-05, -9.036395982549293e-05, -0.00019268756318866222]",0.014759121021131971,0.6936786879932026,47.0,0.25913698420555425
"[0.0002984708371387118, 0.00028175444625451956, 0.0002652178567004459, 0.0002328446947249026, 0.0001705796442903047, 0.00011754290613725267, 4.708213819088672e-05, -8.231673555050546e-05, -0.00019535903909519687]",0.014759121021131971,0.7084378090143346,48.0,0.20350065470386897
"[0.00030152178404490047, 0.0002984708371387118, 0.00028175444625451956, 0.00024059568073092779, 0.00019230362388114437, 0.00012809980774263456, 3.989081004593821e-05, -7.642633501438066e-05, -0.0001933529825040739]",0.014759121021131971,0.7231969300354666,49.0,0.22912003095339678
"[0.0002963571758548658, 0.00030152178404490047, 0.0002984708371387118, 0.0002652178567004459, 0.00020476362913825563, 0.0001394936174360971, 4.01184161717097e-05, -7.335869776504928e-05, -0.0001927238628315846]",0.014759121021131971,0.7379560510565986,50.0,0.38611512823999156
"[0.00029746123659933014, 0.0002963571758548658, 0.00030152178404490047, 0.00028175444625451956, 0.00022634845001945507, 0.00014602456041378883, 4.604000264981749e-05, -7.973663429798382e-05, -0.00018694237144039287]",0.014759121021131971,0.7527151720777305,51.0,0.5381987735640525
"[0.00031269106883268676, 0.00029746123659933014, 0.0002963571758548658, 0.0002984708371387118, 0.0002328446947249026, 0.00015187221323046017, 4.4091756725369685e-05, -7.788218984098772e-05, -0.0001895630218183766]",0.014759121021131971,0.7674742930988625,52.0,0.5680502078707961
"[0.00032948008634644486, 0.00031269106883268676, 0.00029746123659933014, 0.00030152178404490047, 0.00024059568073092779, 0.00015736732934992285, 5.108915355721437e-05, -7.933994721825665e-05, -0.00018904672957990504]",0.014759121021131971,0.7822334141199945,53.0,0.579683776619416
"[0.0003371163135279911, 0.00032948008634644486, 0.00031269106883268676, 0.0002963571758548658, 0.0002652178567004459, 0.00015337443539262396, 5.275499007616918e-05, -8.366312810111982e-05, -0.00018951554099395945]",0.014759121021131971,0.7969925351411264,54.0,0.5292969902370431
"[0.00034049567696314224, 0.0003371163135279911, 0.00032948008634644486, 0.00029746123659933014, 0.00028175444625451956, 0.00015622778201395575, 5.661851787505476e-05, -7.892096282356386e-05, -0.00018450749445943194]",0.014759121021131971,0.8117516561622584,55.0,0.5175854196852946
"[0.00033807654741117784, 0.00034049567696314224, 0.0003371163135279911, 0.00031269106883268676, 0.0002984708371387118, 0.0001705796442903047, 6.857809871874194e-05, -7.630302821426036e-05, -0.00017809915521381416]",0.014759121021131971,0.8265107771833904,56.0,0.5288099334539431
"[0.00033641508737610647, 0.00033807654741117784, 0.00034049567696314224, 0.00032948008634644486, 0.00030152178404490047, 0.00019230362388114437, 7.632601287567051e-05, -7.893237351820443e-05, -0.00016500274100562196]",0.014759121021131971,0.8412698982045224,57.0,0.6679824817008468
"[0.00033663083138534943, 0.00033641508737610647, 0.00033807654741117784, 0.0003371163135279911, 0.0002963571758548658, 0.00020476362913825563, 7.459392278916802e-05, -6.958830642735132e-05, -0.0001645873344999718]",0.014759121021131971,0.8560290192256543,58.0,0.7329082435665234
"[0.0003469875820437284, 0.00033663083138534943, 0.00033641508737610647, 0.00034049567696314224, 0.00029746123659933014, 0.00022634845001945507, 7.041117213104917e-05, -6.32273142485258e-05, -0.0001661233218239276]",0.014759121021131971,0.8707881402467863,59.0,0.8116884100968245
"[0.00035568418149953826, 0.0003469875820437284, 0.00033663083138534943, 0.00033807654741117784, 0.00031269106883268676, 0.0002328446947249026, 7.105126567852892e-05, -4.504566847625681e-05, -0.00015737382730642347]",0.014759121021131971,0.8855472612679183,60.0,0.8890476290899397
"[0.0003661942752713356, 0.00035568418149953826, 0.0003469875820437284, 0.00033641508737610647, 0.00032948008634644486, 0.00024059568073092779, 8.074323069965596e-05, -3.483638647602066e-05, -0.00015511041241084384]",0.014759121021131971,0.9003063822890502,61.0,0.9083209409360853
"[0.0003797643259268203, 0.0003661942752713356, 0.00035568418149953826, 0.00033663083138534943, 0.0003371163135279911, 0.0002652178567004459, 9.605630212878539e-05, -2.402323301982974e-05, -0.00015793414411293286]",0.014759121021131971,0.9150655033101822,62.0,0.918415194269486
"[0.00038776478105536716, 0.0003797643259268203, 0.0003661942752713356, 0.0003469875820437284, 0.00034049567696314224, 0.00028175444625451956, 0.00010566780492889626, -1.5814806338715133e-05, -0.00015957889138891148]",0.014759121021131971,0.9298246243313142,63.0,0.9397210232376054
"[0.0003925244573361039, 0.00038776478105536716, 0.0003797643259268203, 0.00035568418149953826, 0.00033807654741117784, 0.0002984708371387118, 0.00011754290613725267, -7.308171798839191e-06, -0.00015742403539451664]",0.014759121021131971,0.9445837453524462,64.0,0.9767856002068541
"[0.00039917814257051527, 0.0003925244573361039, 0.00038776478105536716, 0.0003661942752713356, 0.00033641508737610647, 0.00030152178404490047, 0.00012809980774263456, -2.9703651816221086e-06, -0.00015409296323415887]",0.014759121021131971,0.9593428663735781,65.0,0.9935584107121458
"[0.0004164276891306419, 0.00039917814257051527, 0.0003925244573361039, 0.0003797643259268203, 0.00033663083138534943, 0.0002963571758548658, 0.0001394936174360971, 1.6934762328383917e-06, -0.00016332925765281947]",0.014759121021131971,0.9741019873947101,66.0,0.9957795382200175
"[0.0004407796849874472, 0.0004164276891306419, 0.00039917814257051527, 0.00038776478105536716, 0.0003469875820437284, 0.00029746123659933014, 0.00014602456041378883, 8.593752689469157e-06, -0.000155847674418337]",0.014759121021131971,0.9888611084158421,67.0,0.9979711480596589
"[0.0004543740723575977, 0.0004407796849874472, 0.0004164276891306419, 0.0003925244573361039, 0.00035568418149953826, 0.00031269106883268676, 0.00015187221323046017, 1.032506732861263e-05, -0.00015195382156063249]",0.014759121021131971,1.003620229436974,68.0,0.9995609158191481
"[0.0004684432511154249, 0.0004543740723575977, 0.0004407796849874472, 0.00039917814257051527, 0.0003661942752713356, 0.00032948008634644486, 0.00015736732934992285, 1.1972309796755066e-05, -0.00016216196902594482]",0.014759121021131971,1.018379350458106,69.0,0.9998564662346722
"[0.0004922027009710975, 0.0004684432511154249, 0.0004543740723575977, 0.0004164276891306419, 0.0003797643259268203, 0.0003371163135279911, 0.00015337443539262396, 6.219827611440952e-06, -0.0001683299648845684]",0.014759121021131971,1.033138471479238,70.0,0.9999734246957304
"[0.0005135115504380981, 0.0004922027009710975, 0.0004684432511154249, 0.0004407796849874472, 0.00038776478105536716, 0.00034049567696314224, 0.00015622778201395575, -1.7119470528953397e-06, -0.00016945353178139216]",0.014759121021131971,1.04789759250037,71.0,0.9999936416715292
"[0.0005399888406963547, 0.0005135115504380981, 0.0004922027009710975, 0.0004543740723575977, 0.0003925244573361039, 0.00033807654741117784, 0.0001705796442903047, 9.090036289575404e-07, -0.00016706917361425925]",0.014759121021131971,1.062656713521502,72.0,0.9999983277952866
"[0.000564601642213249, 0.0005399888406963547, 0.0005135115504380981, 0.0004684432511154249, 0.00039917814257051527, 0.00033641508737610647, 0.00019230362388114437, 7.734343178138231e-06, -0.000158019176637418]",0.014759121021131971,1.077415834542634,73.0,0.9999996076781302
"[0.0005870957247703539, 0.000564601642213249, 0.0005399888406963547, 0.0004922027009710975, 0.0004164276891306419, 0.00033663083138534943, 0.00020476362913825563, 5.313834680369341e-06, -0.00014869498454130105]",0.014759121021131971,1.0921749555637659,74.0,0.9999999063868792
"[0.0006095888194055853, 0.0005870957247703539, 0.000564601642213249, 0.0005135115504380981, 0.0004407796849874472, 0.0003469875820437284, 0.00022634845001945507, 8.55962255135615e-06, -0.0001301537558455093]",0.014759121021131971,1.1069340765848978,75.0,0.99999996658075
"[0.0006312439953404855, 0.0006095888194055853, 0.0005870957247703539, 0.0005399888406963547, 0.0004543740723575977, 0.00035568418149953826, 0.0002328446947249026, 1.244634470352025e-05, -0.00011417546764794211]",0.014759121021131971,1.1216931976060298,76.0,0.9999999816782875
"[0.000648324973004353, 0.0006312439953404855, 0.0006095888194055853, 0.000564601642213249, 0.0004684432511154249, 0.0003661942752713356, 0.00024059568073092779, 2.0769572269339633e-05, -0.0001106282629897697]",0.014759121021131971,1.1364523186271618,77.0,0.9999999907498857
"[0.0006599160218807585, 0.000648324973004353, 0.0006312439953404855, 0.0005870957247703539, 0.0004922027009710975, 0.0003797643259268203, 0.0002652178567004459, 2.6240549900434527e-05, -0.00010856517268274557]",0.014759121021131971,1.1512114396482938,78.0,0.9999999957848508
"[0.0006702092129332414, 0.0006599160218807585, 0.000648324973004353, 0.0006095888194055853, 0.0005135115504380981, 0.00038776478105536716, 0.00028175444625451956, 4.085474665474229e-05, -9.795392360857667e-05]",0.014759121021131971,1.1659705606694257,79.0,0.9999999951964061
"[0.000680762955618291, 0.0006702092129332414, 0.0006599160218807585, 0.0006312439953404855, 0.0005399888406963547, 0.0003925244573361039, 0.0002984708371387118, 4.708213819088672e-05, -8.519599186980561e-05]",0.014759121021131971,1.1807296816905577,80.0,0.9999999981461887
"[0.0006834979012794435, 0.000680762955618291, 0.0006702092129332414, 0.000648324973004353, 0.000564601642213249, 0.00039917814257051527, 0.00030152178404490047, 3.989081004593821e-05, -6.937899150695259e-05]",0.014759121021131971,1.1954888027116897,81.0,0.9999999985686273
"[0.0006925946445365255, 0.0006834979012794435, 0.000680762955618291, 0.0006599160218807585, 0.0005870957247703539, 0.0004164276891306419, 0.0002963571758548658, 4.01184161717097e-05, -6.218002399694909e-05]",0.014759121021131971,1.2102479237328216,82.0,0.9999999992935971
"[0.0006981247678875768, 0.0006925946445365255, 0.0006834979012794435, 0.0006702092129332414, 0.0006095888194055853, 0.0004407796849874472, 0.00029746123659933014, 4.604000264981749e-05, -6.513724113035479e-05]",0.014759121021131971,1.2250070447539536,83.0,0.9999999956478138
"[0.0007060974210303536, 0.0006981247678875768, 0.0006925946445365255, 0.000680762955618291, 0.0006312439953404855, 0.0004543740723575977, 0.00031269106883268676, 4.4091756725369685e-05, -7.251962085875215e-05]",0.014759121021131971,1.2397661657750856,84.0,0.9999999836247176
"[0.0006938718692084589, 0.0007060974210303536, 0.0006981247678875768, 0.0006834979012794435, 0.000648324973004353, 0.0004684432511154249, 0.00032948008634644486, 5.108915355721437e-05, -8.353865215860098e-05]",0.014759121021131971,1.2545252867962176,85.0,0.9999998984409902
"[0.0006778360977983174, 0.0006938718692084589, 0.0007060974210303536, 0.0006925946445365255, 0.0006599160218807585, 0.0004922027009710975, 0.0003371163135279911, 5.275499007616918e-05, -9.550047224221452e-05]",0.014759121021131971,1.2692844078173495,86.0,0.999999792798613
"[0.0006556440104881509, 0.0006778360977983174, 0.0006938718692084589, 0.0006981247678875768, 0.0006702092129332414, 0.0005135115504380981, 0.00034049567696314224, 5.661851787505476e-05, -0.00010483675566511182]",0.014759121021131971,1.2840435288384815,87.0,0.9999999137176265
"[0.0006406387209403735, 0.0006556440104881509, 0.0006778360977983174, 0.0007060974210303536, 0.000680762955618291, 0.0005399888406963547, 0.00033807654741117784, 6.857809871874194e-05, -0.00010565537220674351]",0.014759121021131971,1.2988026498596135,88.0,0.9999999231311644
"[0.000642904734636383, 0.0006406387209403735, 0.0006556440104881509, 0.0006938718692084589, 0.0006834979012794435, 0.000564601642213249, 0.00033641508737610647, 7.632601287567051e-05, -0.00010384471922157726]",0.014759121021131971,1.3135617708807454,89.0,0.9999999616067774
"[0.0006448637188879547, 0.000642904734636383, 0.0006406387209403735, 0.0006778360977983174, 0.0006925946445365255, 0.0005870957247703539, 0.00033663083138534943, 7.459392278916802e-05, -0.00010859507989094867]",0.014759121021131971,1.3283208919018774,90.0,0.999999994984264
"[0.00065175587313775, 0.0006448637188879547, 0.000642904734636383, 0.0006556440104881509, 0.0006981247678875768, 0.0006095888194055853, 0.0003469875820437284, 7.041117213104917e-05, -0.00010659509057352263]",0.014759121021131971,1.3430800129230094,91.0,0.9999999978971809
"[0.0006717673790551545, 0.00065175587313775, 0.0006448637188879547, 0.0006406387209403735, 0.0007060974210303536, 0.0006312439953404855, 0.00035568418149953826, 7.105126567852892e-05, -0.00010955632649048464]",0.014759121021131971,1.3578391339441414,92.0,0.9999999990735471
"[0.0006866331048614781, 0.0006717673790551545, 0.00065175587313775, 0.000642904734636383, 0.0006938718692084589, 0.000648324973004353, 0.0003661942752713356, 8.074323069965596e-05, -0.00011864127721311645]",0.014759121021131971,1.3725982549652733,93.0,0.9999999997473099
"[0.0006991031964729888, 0.0006866331048614781, 0.0006717673790551545, 0.0006448637188879547, 0.0006778360977983174, 0.0006599160218807585, 0.0003797643259268203, 9.605630212878539e-05, -0.00012730180190097023]",0.014759121021131971,1.3873573759864053,94.0,0.9999999996099855
"[0.000714462485933759, 0.0006991031964729888, 0.0006866331048614781, 0.00065175587313775, 0.0006556440104881509, 0.0006702092129332414, 0.00038776478105536716, 0.00010566780492889626, -0.00013782952180287647]",0.014759121021131971,1.4021164970075373,95.0,0.9999999999725536
"[0.0007170141921942293, 0.000714462485933759, 0.0006991031964729888, 0.0006717673790551545, 0.0006406387209403735, 0.000680762955618291, 0.0003925244573361039, 0.00011754290613725267, -0.00013919603974176211]",0.014759121021131971,1.4168756180286692,96.0,0.9999999999757008
"[0.0007387676441943528, 0.0007170141921942293, 0.000714462485933759, 0.0006866331048614781, 0.000642904734636383, 0.0006834979012794435, 0.00039917814257051527, 0.00012809980774263456, -0.00013702583942010714]",0.014759121021131971,1.4316347390498012,97.0,0.9999999999984366
"[0.0007676249436531994, 0.0007387676441943528, 0.0007170141921942293, 0.0006991031964729888, 0.0006448637188879547, 0.0006925946445365255, 0.0004164276891306419, 0.0001394936174360971, -0.00013746703826647243]",0.014759121021131971,1.4463938600709332,98.0,0.999999999998448
"[0.0007855224956704974, 0.0007676249436531994, 0.0007387676441943528, 0.000714462485933759, 0.00065175587313775, 0.0006981247678875768, 0.0004407796849874472, 0.00014602456041378883, -0.00013814960866934182]",0.014759121021131971,1.4611529810920652,99.0,0.999999999999312
"[0.0007868148310740832, 0.0007855224956704974, 0.0007676249436531994, 0.0007170141921942293, 0.0006717673790551545, 0.0007060974210303536, 0.0004543740723575977, 0.00015187221323046017, -0.00014255428203597444]",0.014759121021131971,1.4759121021131971,100.0,0.999999999999341
"[0.0008003821208711198, 0.0007868148310740832, 0.0007855224956704974, 0.0007387676441943528, 0.0006866331048614781, 0.0006938718692084589, 0.0004684432511154249, 0.00015736732934992285, -0.00014245500564089657]",0.014759121021131971,1.490671223134329,101.0,0.999999999992524
"[0.0008141353703275436, 0.0008003821208711198, 0.0007868148310740832, 0.0007676249436531994, 0.0006991031964729888, 0.0006778360977983174, 0.0004922027009710975, 0.00015337443539262396, -0.00014540688121616308]",0.014759121021131971,1.505430344155461,102.0,0.9999999999940314
"[0.0008348342478351115, 0.0008141353703275436, 0.0008003821208711198, 0.0007855224956704974, 0.000714462485933759, 0.0006556440104881509, 0.0005135115504380981, 0.00015622778201395575, -0.00014561467104030993]",0.014759121021131971,1.520189465176593,103.0,0.9999999999569512
"[0.0008533507790955934, 0.0008348342478351115, 0.0008141353703275436, 0.0007868148310740832, 0.0007170141921942293, 0.0006406387209403735, 0.0005399888406963547, 0.0001705796442903047, -0.0001424826444391402]",0.014759121021131971,1.534948586197725,104.0,0.9999999999919449
"[0.000876595982523063, 0.0008533507790955934, 0.0008348342478351115, 0.0008003821208711198, 0.0007387676441943528, 0.000642904734636383, 0.000564601642213249, 0.00019230362388114437, -0.00013597731578032337]",0.014759121021131971,1.549707707218857,105.0,0.9999999999878355
"[0.0008946456905048574, 0.000876595982523063, 0.0008533507790955934, 0.0008141353703275436, 0.0007676249436531994, 0.0006448637188879547, 0.0005870957247703539, 0.00020476362913825563, -0.00012554634450172408]",0.014759121021131971,1.564466828239989,106.0,0.9999999999994541
"[0.0009131650450665137, 0.0008946456905048574, 0.000876595982523063, 0.0008348342478351115, 0.0007855224956704974, 0.00065175587313775, 0.0006095888194055853, 0.00022634845001945507, -0.00011362820415353116]",0.014759121021131971,1.579225949261121,107.0,0.9999999999997202
"[0.000920442381258027, 0.0009131650450665137, 0.0008946456905048574, 0.0008533507790955934, 0.0007868148310740832, 0.0006717673790551545, 0.0006312439953404855, 0.0002328446947249026, -0.00010305066911945851]",0.014759121021131971,1.593985070282253,108.0,0.9999999999996131
"[0.000924170947981343, 0.000920442381258027, 0.0009131650450665137, 0.000876595982523063, 0.0008003821208711198, 0.0006866331048614781, 0.000648324973004353, 0.00024059568073092779, -9.96225110848523e-05]",0.014759121021131971,1.6087441913033849,109.0,0.9999999999996285
"[0.0009298616211052014, 0.000924170947981343, 0.000920442381258027, 0.0008946456905048574, 0.0008141353703275436, 0.0006991031964729888, 0.0006599160218807585, 0.0002652178567004459, -9.311401093499311e-05]",0.014759121021131971,1.6235033123245168,110.0,0.9999999999992545
"[0.0009333502988185881, 0.0009298616211052014, 0.000924170947981343, 0.0009131650450665137, 0.0008348342478351115, 0.000714462485933759, 0.0006702092129332414, 0.00028175444625451956, -9.036395982549293e-05]",0.014759121021131971,1.6382624333456488,111.0,0.999999999991622
"[0.0009410128306050555, 0.0009333502988185881, 0.0009298616211052014, 0.000920442381258027, 0.0008533507790955934, 0.0007170141921942293, 0.000680762955618291, 0.0002984708371387118, -8.231673555050546e-05]",0.014759121021131971,1.6530215543667808,112.0,0.9999999999989675
"[0.0009577779350021236, 0.0009410128306050555, 0.0009333502988185881, 0.000924170947981343, 0.000876595982523063, 0.0007387676441943528, 0.0006834979012794435, 0.00030152178404490047, -7.642633501438066e-05]",0.014759121021131971,1.6677806753879127,113.0,0.9999999999862761
"[0.0009664249761520644, 0.0009577779350021236, 0.0009410128306050555, 0.0009298616211052014, 0.0008946456905048574, 0.0007676249436531994, 0.0006925946445365255, 0.0002963571758548658, -7.335869776504928e-05]",0.014759121021131971,1.6825397964090447,114.0,0.9999999999991473
"[0.000983382138730961, 0.0009664249761520644, 0.0009577779350021236, 0.0009333502988185881, 0.0009131650450665137, 0.0007855224956704974, 0.0006981247678875768, 0.00029746123659933014, -7.973663429798382e-05]",0.014759121021131971,1.6972989174301767,115.0,0.9999999999995601
"[0.0009895206087528567, 0.000983382138730961, 0.0009664249761520644, 0.0009410128306050555, 0.000920442381258027, 0.0007868148310740832, 0.0007060974210303536, 0.00031269106883268676, -7.788218984098772e-05]",0.014759121021131971,1.7120580384513087,116.0,0.9999999999996478
"[0.0009929394690225504, 0.0009895206087528567, 0.000983382138730961, 0.0009577779350021236, 0.000924170947981343, 0.0008003821208711198, 0.0006938718692084589, 0.00032948008634644486, -7.933994721825665e-05]",0.014759121021131971,1.7268171594724406,117.0,0.9999999999996724
"[0.0009954903857406759, 0.0009929394690225504, 0.0009895206087528567, 0.0009664249761520644, 0.0009298616211052014, 0.0008141353703275436, 0.0006778360977983174, 0.0003371163135279911, -8.366312810111982e-05]",0.014759121021131971,1.7415762804935726,118.0,0.9999999999995621
"[0.0009937276602246339, 0.0009954903857406759, 0.0009929394690225504, 0.000983382138730961, 0.0009333502988185881, 0.0008348342478351115, 0.0006556440104881509, 0.00034049567696314224, -7.892096282356386e-05]",0.014759121021131971,1.7563354015147046,119.0,0.9999999999992724
"[0.0009991422925053975, 0.0009937276602246339, 0.0009954903857406759, 0.0009895206087528567, 0.0009410128306050555, 0.0008533507790955934, 0.0006406387209403735, 0.00033807654741117784, -7.630302821426036e-05]",0.014759121021131971,1.7710945225358365,120.0,0.999999999994657
"[0.0010109577462071187, 0.0009991422925053975, 0.0009937276602246339, 0.0009929394690225504, 0.0009577779350021236, 0.000876595982523063, 0.000642904734636383, 0.00033641508737610647, -7.893237351820443e-05]",0.014759121021131971,1.7858536435569685,121.0,0.9999999999984691
"[0.0010319167369274855, 0.0010109577462071187, 0.0009991422925053975, 0.0009954903857406759, 0.0009664249761520644, 0.0008946456905048574, 0.0006448637188879547, 0.00033663083138534943, -6.958830642735132e-05]",0.014759121021131971,1.8006127645781005,122.0,0.9999999999980298
"[0.0010438063611632354, 0.0010319167369274855, 0.0010109577462071187, 0.0009937276602246339, 0.000983382138730961, 0.0009131650450665137, 0.00065175587313775, 0.0003469875820437284, -6.32273142485258e-05]",0.014759121021131971,1.8153718855992325,123.0,0.9999999999983494
"[0.0010523812412989025, 0.0010438063611632354, 0.0010319167369274855, 0.0009991422925053975, 0.0009895206087528567, 0.000920442381258027, 0.0006717673790551545, 0.00035568418149953826, -4.504566847625681e-05]",0.014759121021131971,1.8301310066203644,124.0,0.9999999999992012
"[0.0010596454641530783, 0.0010523812412989025, 0.0010438063611632354, 0.0010109577462071187, 0.0009929394690225504, 0.000924170947981343, 0.0006866331048614781, 0.0003661942752713356, -3.483638647602066e-05]",0.014759121021131971,1.8448901276414964,125.0,0.9999999999983885
"[0.0010620230602586321, 0.0010596454641530783, 0.0010523812412989025, 0.0010319167369274855, 0.0009954903857406759, 0.0009298616211052014, 0.0006991031964729888, 0.0003797643259268203, -2.402323301982974e-05]",0.014759121021131971,1.8596492486626284,126.0,0.9999999999962862
"[0.0010694482645413302, 0.0010620230602586321, 0.0010596454641530783, 0.0010438063611632354, 0.0009937276602246339, 0.0009333502988185881, 0.000714462485933759, 0.00038776478105536716, -1.5814806338715133e-05]",0.014759121021131971,1.8744083696837603,127.0,0.9999999999942009
"[0.001081948842937426, 0.0010694482645413302, 0.0010620230602586321, 0.0010523812412989025, 0.0009991422925053975, 0.0009410128306050555, 0.0007170141921942293, 0.0003925244573361039, -7.308171798839191e-06]",0.014759121021131971,1.8891674907048923,128.0,0.9999999999981091
"[0.0010978947553032024, 0.001081948842937426, 0.0010694482645413302, 0.0010596454641530783, 0.0010109577462071187, 0.0009577779350021236, 0.0007387676441943528, 0.00039917814257051527, -2.9703651816221086e-06]",0.014759121021131971,1.9039266117260243,129.0,0.9999999999996898
"[0.0011075705929331449, 0.0010978947553032024, 0.001081948842937426, 0.0010620230602586321, 0.0010319167369274855, 0.0009664249761520644, 0.0007676249436531994, 0.0004164276891306419, 1.6934762328383917e-06]",0.014759121021131971,1.9186857327471563,130.0,0.9999999999981097
"[0.0011053021563747648, 0.0011075705929331449, 0.0010978947553032024, 0.0010694482645413302, 0.0010438063611632354, 0.000983382138730961, 0.0007855224956704974, 0.0004407796849874472, 8.593752689469157e-06]",0.014759121021131971,1.9334448537682882,131.0,0.9999999999987678
"[0.0011122237283944225, 0.0011053021563747648, 0.0011075705929331449, 0.001081948842937426, 0.0010523812412989025, 0.0009895206087528567, 0.0007868148310740832, 0.0004543740723575977, 1.032506732861263e-05]",0.014759121021131971,1.9482039747894202,132.0,0.9999999999975698
"[0.0011179044765417408, 0.0011122237283944225, 0.0011053021563747648, 0.0010978947553032024, 0.0010596454641530783, 0.0009929394690225504, 0.0008003821208711198, 0.0004684432511154249, 1.1972309796755066e-05]",0.014759121021131971,1.9629630958105522,133.0,0.9999999999991259
"[0.0011258835083212155, 0.0011179044765417408, 0.0011122237283944225, 0.0011075705929331449, 0.0010620230602586321, 0.0009954903857406759, 0.0008141353703275436, 0.0004922027009710975, 6.219827611440952e-06]",0.014759121021131971,1.9777222168316841,134.0,0.999999999999625
"[0.001128152032276105, 0.0011258835083212155, 0.0011179044765417408, 0.0011053021563747648, 0.0010694482645413302, 0.0009937276602246339, 0.0008348342478351115, 0.0005135115504380981, -1.7119470528953397e-06]",0.014759121021131971,1.9924813378528161,135.0,0.999999999999744
"[0.0011256504978012034, 0.001128152032276105, 0.0011258835083212155, 0.0011122237283944225, 0.001081948842937426, 0.0009991422925053975, 0.0008533507790955934, 0.0005399888406963547, 9.090036289575404e-07]",0.014759121021131971,2.007240458873948,136.0,0.9999999999994755
"[0.0011193296634288597, 0.0011256504978012034, 0.001128152032276105, 0.0011179044765417408, 0.0010978947553032024, 0.0010109577462071187, 0.000876595982523063, 0.000564601642213249, 7.734343178138231e-06]",0.014759121021131971,2.02199957989508,137.0,0.9999999999985719
"[0.0011193466695785693, 0.0011193296634288597, 0.0011256504978012034, 0.0011258835083212155, 0.0011075705929331449, 0.0010319167369274855, 0.0008946456905048574, 0.0005870957247703539, 5.313834680369341e-06]",0.014759121021131971,2.036758700916212,138.0,0.9999999999992704
"[0.001126278631541513, 0.0011193466695785693, 0.0011193296634288597, 0.001128152032276105, 0.0011053021563747648, 0.0010438063611632354, 0.0009131650450665137, 0.0006095888194055853, 8.55962255135615e-06]",0.014759121021131971,2.051517821937344,139.0,0.9999999999993703
"[0.00112907954958569, 0.001126278631541513, 0.0011193466695785693, 0.0011256504978012034, 0.0011122237283944225, 0.0010523812412989025, 0.000920442381258027, 0.0006312439953404855, 1.244634470352025e-05]",0.014759121021131971,2.066276942958476,140.0,0.9999999999977013
"[0.0011304906868738012, 0.00112907954958569, 0.001126278631541513, 0.0011193296634288597, 0.0011179044765417408, 0.0010596454641530783, 0.000924170947981343, 0.000648324973004353, 2.0769572269339633e-05]",0.014759121021131971,2.081036063979608,141.0,0.9999999999516674
"[0.0011376336929938846, 0.0011304906868738012, 0.00112907954958569, 0.0011193466695785693, 0.0011258835083212155, 0.0010620230602586321, 0.0009298616211052014, 0.0006599160218807585, 2.6240549900434527e-05]",0.014759121021131971,2.09579518500074,142.0,0.9999999999957813
"[0.0011550752092380238, 0.0011376336929938846, 0.0011304906868738012, 0.001126278631541513, 0.001128152032276105, 0.0010694482645413302, 0.0009333502988185881, 0.0006702092129332414, 4.085474665474229e-05]",0.014759121021131971,2.110554306021872,143.0,0.9999999999980819
"[0.0011639189538086615, 0.0011550752092380238, 0.0011376336929938846, 0.00112907954958569, 0.0011256504978012034, 0.001081948842937426, 0.0009410128306050555, 0.000680762955618291, 4.708213819088672e-05]",0.014759121021131971,2.125313427043004,144.0,0.9999999999929712
"[0.0011724371617243604, 0.0011639189538086615, 0.0011550752092380238, 0.0011304906868738012, 0.0011193296634288597, 0.0010978947553032024, 0.0009577779350021236, 0.0006834979012794435, 3.989081004593821e-05]",0.014759121021131971,2.140072548064136,145.0,0.9999999999979554
"[0.0011874744907070952, 0.0011724371617243604, 0.0011639189538086615, 0.0011376336929938846, 0.0011193466695785693, 0.0011075705929331449, 0.0009664249761520644, 0.0006925946445365255, 4.01184161717097e-05]",0.014759121021131971,2.154831669085268,146.0,0.9999999999938026
"[0.0011982536949403733, 0.0011874744907070952, 0.0011724371617243604, 0.0011550752092380238, 0.001126278631541513, 0.0011053021563747648, 0.000983382138730961, 0.0006981247678875768, 4.604000264981749e-05]",0.014759121021131971,2.1695907901063998,147.0,0.9999999999994562
"[0.0012128582720938815, 0.0011982536949403733, 0.0011874744907070952, 0.0011639189538086615, 0.00112907954958569, 0.0011122237283944225, 0.0009895206087528567, 0.0007060974210303536, 4.4091756725369685e-05]",0.014759121021131971,2.1843499111275317,148.0,0.9999999999994159
"[0.001215215189540505, 0.0012128582720938815, 0.0011982536949403733, 0.0011724371617243604, 0.0011304906868738012, 0.0011179044765417408, 0.0009929394690225504, 0.0006938718692084589, 5.108915355721437e-05]",0.014759121021131971,2.1991090321486637,149.0,0.9999999999986179
"[0.0012171556872457455, 0.001215215189540505, 0.0012128582720938815, 0.0011874744907070952, 0.0011376336929938846, 0.0011258835083212155, 0.0009954903857406759, 0.0006778360977983174, 5.275499007616918e-05]",0.014759121021131971,2.2138681531697957,150.0,0.999999999996715
"[0.0012239795395715346, 0.0012171556872457455, 0.001215215189540505, 0.0011982536949403733, 0.0011550752092380238, 0.001128152032276105, 0.0009937276602246339, 0.0006556440104881509, 5.661851787505476e-05]",0.014759121021131971,2.2286272741909277,151.0,0.9999999999942104
"[0.0012347224409466322, 0.0012239795395715346, 0.0012171556872457455, 0.0012128582720938815, 0.0011639189538086615, 0.0011256504978012034, 0.0009991422925053975, 0.0006406387209403735, 6.857809871874194e-05]",0.014759121021131971,2.2433863952120596,152.0,0.9999999999940468
"[0.001248756853020945, 0.0012347224409466322, 0.0012239795395715346, 0.001215215189540505, 0.0011724371617243604, 0.0011193296634288597, 0.0010109577462071187, 0.000642904734636383, 7.632601287567051e-05]",0.014759121021131971,2.2581455162331916,153.0,0.9999999999907784
"[0.0012621006391757006, 0.001248756853020945, 0.0012347224409466322, 0.0012171556872457455, 0.0011874744907070952, 0.0011193466695785693, 0.0010319167369274855, 0.0006448637188879547, 7.459392278916802e-05]",0.014759121021131971,2.2729046372543236,154.0,0.9999999999896225
"[0.0012713317701293738, 0.0012621006391757006, 0.001248756853020945, 0.0012239795395715346, 0.0011982536949403733, 0.001126278631541513, 0.0010438063611632354, 0.00065175587313775, 7.041117213104917e-05]",0.014759121021131971,2.2876637582754555,155.0,0.9999999999987889
"[0.0012779666103572146, 0.0012713317701293738, 0.0012621006391757006, 0.0012347224409466322, 0.0012128582720938815, 0.00112907954958569, 0.0010523812412989025, 0.0006717673790551545, 7.105126567852892e-05]",0.014759121021131971,2.3024228792965875,156.0,0.9999999999990158
"[0.001276226883847369, 0.0012779666103572146, 0.0012713317701293738, 0.001248756853020945, 0.001215215189540505, 0.0011304906868738012, 0.0010596454641530783, 0.0006866331048614781, 8.074323069965596e-05]",0.014759121021131971,2.3171820003177195,157.0,0.9999999999992659
"[0.0012749533857390777, 0.001276226883847369, 0.0012779666103572146, 0.0012621006391757006, 0.0012171556872457455, 0.0011376336929938846, 0.0010620230602586321, 0.0006991031964729888, 9.605630212878539e-05]",0.014759121021131971,2.3319411213388515,158.0,0.9999999999953144
"[0.0012746994995382923, 0.0012749533857390777, 0.001276226883847369, 0.0012713317701293738, 0.0012239795395715346, 0.0011550752092380238, 0.0010694482645413302, 0.000714462485933759, 0.00010566780492889626]",0.014759121021131971,2.3467002423599834,159.0,0.999999999996403
"[0.0012819072542074115, 0.0012746994995382923, 0.0012749533857390777, 0.0012779666103572146, 0.0012347224409466322, 0.0011639189538086615, 0.001081948842937426, 0.0007170141921942293, 0.00011754290613725267]",0.014759121021131971,2.3614593633811154,160.0,0.9999999999974886
"[0.0012888262519648594, 0.0012819072542074115, 0.0012746994995382923, 0.001276226883847369, 0.001248756853020945, 0.0011724371617243604, 0.0010978947553032024, 0.0007387676441943528, 0.00012809980774263456]",0.014759121021131971,2.3762184844022474,161.0,0.9999999999956897
"[0.0012909353436120076, 0.0012888262519648594, 0.0012819072542074115, 0.0012749533857390777, 0.0012621006391757006, 0.0011874744907070952, 0.0011075705929331449, 0.0007676249436531994, 0.0001394936174360971]",0.014759121021131971,2.3909776054233793,162.0,0.9999999999962772
"[0.0012962421349650953, 0.0012909353436120076, 0.0012888262519648594, 0.0012746994995382923, 0.0012713317701293738, 0.0011982536949403733, 0.0011053021563747648, 0.0007855224956704974, 0.00014602456041378883]",0.014759121021131971,2.4057367264445113,163.0,0.9999999999976825
"[0.0013016192938670897, 0.0012962421349650953, 0.0012909353436120076, 0.0012819072542074115, 0.0012779666103572146, 0.0012128582720938815, 0.0011122237283944225, 0.0007868148310740832, 0.00015187221323046017]",0.014759121021131971,2.4204958474656433,164.0,0.9999999999993502
"[0.001305433066428111, 0.0013016192938670897, 0.0012962421349650953, 0.0012888262519648594, 0.001276226883847369, 0.001215215189540505, 0.0011179044765417408, 0.0008003821208711198, 0.00015736732934992285]",0.014759121021131971,2.4352549684867753,165.0,0.999999999998475
"[0.0013027107691442072, 0.001305433066428111, 0.0013016192938670897, 0.0012909353436120076, 0.0012749533857390777, 0.0012171556872457455, 0.0011258835083212155, 0.0008141353703275436, 0.00015337443539262396]",0.014759121021131971,2.4500140895079072,166.0,0.9999999999984711
"[0.0013010984432637689, 0.0013027107691442072, 0.001305433066428111, 0.0012962421349650953, 0.0012746994995382923, 0.0012239795395715346, 0.001128152032276105, 0.0008348342478351115, 0.00015622778201395575]",0.014759121021131971,2.464773210529039,167.0,0.9999999999920121
"[0.0012995606895758482, 0.0013010984432637689, 0.0013027107691442072, 0.0013016192938670897, 0.0012819072542074115, 0.0012347224409466322, 0.0011256504978012034, 0.0008533507790955934, 0.0001705796442903047]",0.014759121021131971,2.479532331550171,168.0,0.9999999999970942
"[0.0013051380271030429, 0.0012995606895758482, 0.0013010984432637689, 0.001305433066428111, 0.0012888262519648594, 0.001248756853020945, 0.0011193296634288597, 0.000876595982523063, 0.00019230362388114437]",0.014759121021131971,2.494291452571303,169.0,0.9999999999975282
"[0.0013024166981154734, 0.0013051380271030429, 0.0012995606895758482, 0.0013027107691442072, 0.0012909353436120076, 0.0012621006391757006, 0.0011193466695785693, 0.0008946456905048574, 0.00020476362913825563]",0.014759121021131971,2.509050573592435,170.0,0.9999999999938122
"[0.0012995059824683255, 0.0013024166981154734, 0.0013051380271030429, 0.0013010984432637689, 0.0012962421349650953, 0.0012713317701293738, 0.001126278631541513, 0.0009131650450665137, 0.00022634845001945507]",0.014759121021131971,2.523809694613567,171.0,0.9999999999977357
"[0.0012987226278604032, 0.0012995059824683255, 0.0013024166981154734, 0.0012995606895758482, 0.0013016192938670897, 0.0012779666103572146, 0.00112907954958569, 0.000920442381258027, 0.0002328446947249026]",0.014759121021131971,2.538568815634699,172.0,0.9999999999975581
"[0.0012957681418441927, 0.0012987226278604032, 0.0012995059824683255, 0.0013051380271030429, 0.001305433066428111, 0.001276226883847369, 0.0011304906868738012, 0.000924170947981343, 0.00024059568073092779]",0.014759121021131971,2.553327936655831,173.0,0.9999999999995373
"[0.0012931616954259143, 0.0012957681418441927, 0.0012987226278604032, 0.0013024166981154734, 0.0013027107691442072, 0.0012749533857390777, 0.0011376336929938846, 0.0009298616211052014, 0.0002652178567004459]",0.014759121021131971,2.568087057676963,174.0,0.999999999999155
"[0.0012816377263073745, 0.0012931616954259143, 0.0012957681418441927, 0.0012995059824683255, 0.0013010984432637689, 0.0012746994995382923, 0.0011550752092380238, 0.0009333502988185881, 0.00028175444625451956]",0.014759121021131971,2.582846178698095,175.0,0.9999999999993563
"[0.0012754824396957807, 0.0012816377263073745, 0.0012931616954259143, 0.0012987226278604032, 0.0012995606895758482, 0.0012819072542074115, 0.0011639189538086615, 0.0009410128306050555, 0.0002984708371387118]",0.014759121021131971,2.597605299719227,176.0,0.9999999999992037
"[0.0012661025607690025, 0.0012754824396957807, 0.0012816377263073745, 0.0012957681418441927, 0.0013051380271030429, 0.0012888262519648594, 0.0011724371617243604, 0.0009577779350021236, 0.00030152178404490047]",0.014759121021131971,2.612364420740359,177.0,0.9999999999966648
"[0.001257879764107242, 0.0012661025607690025, 0.0012754824396957807, 0.0012931616954259143, 0.0013024166981154734, 0.0012909353436120076, 0.0011874744907070952, 0.0009664249761520644, 0.0002963571758548658]",0.014759121021131971,2.627123541761491,178.0,0.9999999999925465
"[0.001255450389798639, 0.001257879764107242, 0.0012661025607690025, 0.0012816377263073745, 0.0012995059824683255, 0.0012962421349650953, 0.0011982536949403733, 0.000983382138730961, 0.00029746123659933014]",0.014759121021131971,2.641882662782623,179.0,0.999999999989557
"[0.0012581551416716737, 0.001255450389798639, 0.001257879764107242, 0.0012754824396957807, 0.0012987226278604032, 0.0013016192938670897, 0.0012128582720938815, 0.0009895206087528567, 0.00031269106883268676]",0.014759121021131971,2.656641783803755,180.0,0.9999999999982526
"[0.0012640614843892934, 0.0012581551416716737, 0.001255450389798639, 0.0012661025607690025, 0.0012957681418441927, 0.001305433066428111, 0.001215215189540505, 0.0009929394690225504, 0.00032948008634644486]",0.014759121021131971,2.671400904824887,181.0,0.9999999999980682
"[0.0012652247112861358, 0.0012640614843892934, 0.0012581551416716737, 0.001257879764107242, 0.0012931616954259143, 0.0013027107691442072, 0.0012171556872457455, 0.0009954903857406759, 0.0003371163135279911]",0.014759121021131971,2.6861600258460188,182.0,0.9999999999973523
"[0.0012638791420600793, 0.0012652247112861358, 0.0012640614843892934, 0.001255450389798639, 0.0012816377263073745, 0.0013010984432637689, 0.0012239795395715346, 0.0009937276602246339, 0.00034049567696314224]",0.014759121021131971,2.7009191468671507,183.0,0.9999999999942208
"[0.0012625529092778933, 0.0012638791420600793, 0.0012652247112861358, 0.0012581551416716737, 0.0012754824396957807, 0.0012995606895758482, 0.0012347224409466322, 0.0009991422925053975, 0.00033807654741117784]",0.014759121021131971,2.7156782678882827,184.0,0.9999999999969995
"[0.0012623840142677826, 0.0012625529092778933, 0.0012638791420600793, 0.0012640614843892934, 0.0012661025607690025, 0.0013051380271030429, 0.001248756853020945, 0.0010109577462071187, 0.00033641508737610647]",0.014759121021131971,2.7304373889094147,185.0,0.9999999999976154
"[0.0012611263845001325, 0.0012623840142677826, 0.0012625529092778933, 0.0012652247112861358, 0.001257879764107242, 0.0013024166981154734, 0.0012621006391757006, 0.0010319167369274855, 0.00033663083138534943]",0.014759121021131971,2.7451965099305466,186.0,0.9999999999991269
"[0.0012602711901119974, 0.0012611263845001325, 0.0012623840142677826, 0.0012638791420600793, 0.001255450389798639, 0.0012995059824683255, 0.0012713317701293738, 0.0010438063611632354, 0.0003469875820437284]",0.014759121021131971,2.7599556309516786,187.0,0.9999999999993031
"[0.0012560787828128162, 0.0012602711901119974, 0.0012611263845001325, 0.0012625529092778933, 0.0012581551416716737, 0.0012987226278604032, 0.0012779666103572146, 0.0010523812412989025, 0.00035568418149953826]",0.014759121021131971,2.7747147519728106,188.0,0.9999999999987179
"[0.0012506456803229652, 0.0012560787828128162, 0.0012602711901119974, 0.0012623840142677826, 0.0012640614843892934, 0.0012957681418441927, 0.001276226883847369, 0.0010596454641530783, 0.0003661942752713356]",0.014759121021131971,2.7894738729939426,189.0,0.9999999999962169
"[0.0012495531891942532, 0.0012506456803229652, 0.0012560787828128162, 0.0012611263845001325, 0.0012652247112861358, 0.0012931616954259143, 0.0012749533857390777, 0.0010620230602586321, 0.0003797643259268203]",0.014759121021131971,2.8042329940150745,190.0,0.9999999999962484
"[0.0012540386799533203, 0.0012495531891942532, 0.0012506456803229652, 0.0012602711901119974, 0.0012638791420600793, 0.0012816377263073745, 0.0012746994995382923, 0.0010694482645413302, 0.00038776478105536716]",0.014759121021131971,2.8189921150362065,191.0,0.9999999999674762
"[0.001259506911638487, 0.0012540386799533203, 0.0012495531891942532, 0.0012560787828128162, 0.0012625529092778933, 0.0012754824396957807, 0.0012819072542074115, 0.001081948842937426, 0.0003925244573361039]",0.014759121021131971,2.8337512360573385,192.0,0.999999999950174
"[0.0012710460560851843, 0.001259506911638487, 0.0012540386799533203, 0.0012506456803229652, 0.0012623840142677826, 0.0012661025607690025, 0.0012888262519648594, 0.0010978947553032024, 0.00039917814257051527]",0.014759121021131971,2.8485103570784704,193.0,0.9999999975419442
"[0.0012815993980277132, 0.0012710460560851843, 0.001259506911638487, 0.0012495531891942532, 0.0012611263845001325, 0.001257879764107242, 0.0012909353436120076, 0.0011075705929331449, 0.0004164276891306419]",0.014759121021131971,2.8632694780996024,194.0,0.9999999969253313
"[0.0013025512524881117, 0.0012815993980277132, 0.0012710460560851843, 0.0012540386799533203, 0.0012602711901119974, 0.001255450389798639, 0.0012962421349650953, 0.0011053021563747648, 0.0004407796849874472]",0.014759121021131971,2.8780285991207344,195.0,0.9999999997682522
"[0.0013259813170785927, 0.0013025512524881117, 0.0012815993980277132, 0.001259506911638487, 0.0012560787828128162, 0.0012581551416716737, 0.0013016192938670897, 0.0011122237283944225, 0.0004543740723575977]",0.014759121021131971,2.8927877201418664,196.0,0.9999999970298415
"[0.0013439501702219676, 0.0013259813170785927, 0.0013025512524881117, 0.0012710460560851843, 0.0012506456803229652, 0.0012640614843892934, 0.001305433066428111, 0.0011179044765417408, 0.0004684432511154249]",0.014759121021131971,2.9075468411629983,197.0,0.9999999998813159
"[0.001368425276763218, 0.0013439501702219676, 0.0013259813170785927, 0.0012815993980277132, 0.0012495531891942532, 0.0012652247112861358, 0.0013027107691442072, 0.0011258835083212155, 0.0004922027009710975]",0.014759121021131971,2.9223059621841303,198.0,0.9999999999885357
"[0.0013840175680168469, 0.001368425276763218, 0.0013439501702219676, 0.0013025512524881117, 0.0012540386799533203, 0.0012638791420600793, 0.0013010984432637689, 0.001128152032276105, 0.0005135115504380981]",0.014759121021131971,2.9370650832052623,199.0,0.9999999983085227
"[0.0013932355780419251, 0.0013840175680168469, 0.001368425276763218, 0.0013259813170785927, 0.001259506911638487, 0.0012625529092778933, 0.0012995606895758482, 0.0011256504978012034, 0.0005399888406963547]",0.014759121021131971,2.9518242042263942,200.0,0.9999996902633125
"[0.0014162452095403575, 0.0013932355780419251, 0.0013840175680168469, 0.0013439501702219676, 0.0012710460560851843, 0.0012623840142677826, 0.0013051380271030429, 0.0011193296634288597, 0.000564601642213249]",0.014759121021131971,2.966583325247526,201.0,0.9999999973619217
"[0.001447325545002167, 0.0014162452095403575, 0.0013932355780419251, 0.001368425276763218, 0.0012815993980277132, 0.0012611263845001325, 0.0013024166981154734, 0.0011193466695785693, 0.0005870957247703539]",0.014759121021131971,2.981342446268658,202.0,0.9999999997263838
"[0.0014697978152699996, 0.001447325545002167, 0.0014162452095403575, 0.0013840175680168469, 0.0013025512524881117, 0.0012602711901119974, 0.0012995059824683255, 0.001126278631541513, 0.0006095888194055853]",0.014759121021131971,2.99610156728979,203.0,0.9999999999005535
"[0.0014836660838248319, 0.0014697978152699996, 0.001447325545002167, 0.0013932355780419251, 0.0013259813170785927, 0.0012560787828128162, 0.0012987226278604032, 0.00112907954958569, 0.0006312439953404855]",0.014759121021131971,3.010860688310922,204.0,0.9999999999388558
"[0.0014919311480151077, 0.0014836660838248319, 0.0014697978152699996, 0.0014162452095403575, 0.0013439501702219676, 0.0012506456803229652, 0.0012957681418441927, 0.0011304906868738012, 0.000648324973004353]",0.014759121021131971,3.025619809332054,205.0,0.9999999999123107
"[0.0014979891089036826, 0.0014919311480151077, 0.0014836660838248319, 0.001447325545002167, 0.001368425276763218, 0.0012495531891942532, 0.0012931616954259143, 0.0011376336929938846, 0.0006599160218807585]",0.014759121021131971,3.040378930353186,206.0,0.9999999998385017
"[0.0015026243821015832, 0.0014979891089036826, 0.0014919311480151077, 0.0014697978152699996, 0.0013840175680168469, 0.0012540386799533203, 0.0012816377263073745, 0.0011550752092380238, 0.0006702092129332414]",0.014759121021131971,3.055138051374318,207.0,0.9999999999937201
"[0.0015114795687734331, 0.0015026243821015832, 0.0014979891089036826, 0.0014836660838248319, 0.0013932355780419251, 0.001259506911638487, 0.0012754824396957807, 0.0011639189538086615, 0.000680762955618291]",0.014759121021131971,3.06989717239545,208.0,0.999999999998716
"[0.0015116789106154394, 0.0015114795687734331, 0.0015026243821015832, 0.0014919311480151077, 0.0014162452095403575, 0.0012710460560851843, 0.0012661025607690025, 0.0011724371617243604, 0.0006834979012794435]",0.014759121021131971,3.084656293416582,209.0,0.9999999999993882
"[0.0015031795113093465, 0.0015116789106154394, 0.0015114795687734331, 0.0014979891089036826, 0.001447325545002167, 0.0012815993980277132, 0.001257879764107242, 0.0011874744907070952, 0.0006925946445365255]",0.014759121021131971,3.099415414437714,210.0,0.9999999999991921
"[0.0014924578613632325, 0.0015031795113093465, 0.0015116789106154394, 0.0015026243821015832, 0.0014697978152699996, 0.0013025512524881117, 0.001255450389798639, 0.0011982536949403733, 0.0006981247678875768]",0.014759121021131971,3.114174535458846,211.0,0.9999999999979815
"[0.0014824839191871246, 0.0014924578613632325, 0.0015031795113093465, 0.0015114795687734331, 0.0014836660838248319, 0.0013259813170785927, 0.0012581551416716737, 0.0012128582720938815, 0.0007060974210303536]",0.014759121021131971,3.128933656479978,212.0,0.999999999994465
"[0.0014776805234461244, 0.0014824839191871246, 0.0014924578613632325, 0.0015116789106154394, 0.0014919311480151077, 0.0013439501702219676, 0.0012640614843892934, 0.001215215189540505, 0.0006938718692084589]",0.014759121021131971,3.14369277750111,213.0,0.9999999999959771
"[0.0014749466836249119, 0.0014776805234461244, 0.0014824839191871246, 0.0015031795113093465, 0.0014979891089036826, 0.001368425276763218, 0.0012652247112861358, 0.0012171556872457455, 0.0006778360977983174]",0.014759121021131971,3.158451898522242,214.0,0.9999999999986452
"[0.0014749761555858149, 0.0014749466836249119, 0.0014776805234461244, 0.0014924578613632325, 0.0015026243821015832, 0.0013840175680168469, 0.0012638791420600793, 0.0012239795395715346, 0.0006556440104881509]",0.014759121021131971,3.173211019543374,215.0,0.9999999999978442
"[0.0014671753306325943, 0.0014749761555858149, 0.0014749466836249119, 0.0014824839191871246, 0.0015114795687734331, 0.0013932355780419251, 0.0012625529092778933, 0.0012347224409466322, 0.0006406387209403735]",0.014759121021131971,3.187970140564506,216.0,0.9999999999817192
"[0.001461701933813756, 0.0014671753306325943, 0.0014749761555858149, 0.0014776805234461244, 0.0015116789106154394, 0.0014162452095403575, 0.0012623840142677826, 0.001248756853020945, 0.000642904734636383]",0.014759121021131971,3.2027292615856378,217.0,0.999999999992468
"[0.001467891399896648, 0.001461701933813756, 0.0014671753306325943, 0.0014749466836249119, 0.0015031795113093465, 0.001447325545002167, 0.0012611263845001325, 0.0012621006391757006, 0.0006448637188879547]",0.014759121021131971,3.2174883826067697,218.0,0.999999999998994
"[0.0014679829987202806, 0.001467891399896648, 0.001461701933813756, 0.0014749761555858149, 0.0014924578613632325, 0.0014697978152699996, 0.0012602711901119974, 0.0012713317701293738, 0.00065175587313775]",0.014759121021131971,3.2322475036279017,219.0,0.9999999999991118
"[0.0014577791417014208, 0.0014679829987202806, 0.001467891399896648, 0.0014671753306325943, 0.0014824839191871246, 0.0014836660838248319, 0.0012560787828128162, 0.0012779666103572146, 0.0006717673790551545]",0.014759121021131971,3.2470066246490337,220.0,0.9999999999984376
"[0.0014446898782009905, 0.0014577791417014208, 0.0014679829987202806, 0.001461701933813756, 0.0014776805234461244, 0.0014919311480151077, 0.0012506456803229652, 0.001276226883847369, 0.0006866331048614781]",0.014759121021131971,3.2617657456701656,221.0,0.9999999999988023
"[0.0014335870383194824, 0.0014446898782009905, 0.0014577791417014208, 0.001467891399896648, 0.0014749466836249119, 0.0014979891089036826, 0.0012495531891942532, 0.0012749533857390777, 0.0006991031964729888]",0.014759121021131971,3.2765248666912976,222.0,0.9999999999992438
"[0.0014230345806939687, 0.0014335870383194824, 0.0014446898782009905, 0.0014679829987202806, 0.0014749761555858149, 0.0015026243821015832, 0.0012540386799533203, 0.0012746994995382923, 0.000714462485933759]",0.014759121021131971,3.2912839877124296,223.0,0.9999999999992488
"[0.0014095273770520576, 0.0014230345806939687, 0.0014335870383194824, 0.0014577791417014208, 0.0014671753306325943, 0.0015114795687734331, 0.001259506911638487, 0.0012819072542074115, 0.0007170141921942293]",0.014759121021131971,3.3060431087335616,224.0,0.999999999999542
"[0.0013966671334815599, 0.0014095273770520576, 0.0014230345806939687, 0.0014446898782009905, 0.001461701933813756, 0.0015116789106154394, 0.0012710460560851843, 0.0012888262519648594, 0.0007387676441943528]",0.014759121021131971,3.3208022297546935,225.0,0.9999999999995174
"[0.001381732281570944, 0.0013966671334815599, 0.0014095273770520576, 0.0014335870383194824, 0.001467891399896648, 0.0015031795113093465, 0.0012815993980277132, 0.0012909353436120076, 0.0007676249436531994]",0.014759121021131971,3.3355613507758255,226.0,0.9999999999996345
"[0.0013666518433298525, 0.001381732281570944, 0.0013966671334815599, 0.0014230345806939687, 0.0014679829987202806, 0.0014924578613632325, 0.0013025512524881117, 0.0012962421349650953, 0.0007855224956704974]",0.014759121021131971,3.3503204717969575,227.0,0.9999999999993824
"[0.0013514908495757445, 0.0013666518433298525, 0.001381732281570944, 0.0014095273770520576, 0.0014577791417014208, 0.0014824839191871246, 0.0013259813170785927, 0.0013016192938670897, 0.0007868148310740832]",0.014759121021131971,3.3650795928180894,228.0,0.9999999999986972
"[0.0013408709486041916, 0.0013514908495757445, 0.0013666518433298525, 0.0013966671334815599, 0.0014446898782009905, 0.0014776805234461244, 0.0013439501702219676, 0.001305433066428111, 0.0008003821208711198]",0.014759121021131971,3.3798387138392214,229.0,0.9999999999922123
"[0.001333073773693102, 0.0013408709486041916, 0.0013514908495757445, 0.001381732281570944, 0.0014335870383194824, 0.0014749466836249119, 0.001368425276763218, 0.0013027107691442072, 0.0008141353703275436]",0.014759121021131971,3.3945978348603534,230.0,0.999999999978636
"[0.001328071632180209, 0.001333073773693102, 0.0013408709486041916, 0.0013666518433298525, 0.0014230345806939687, 0.0014749761555858149, 0.0013840175680168469, 0.0013010984432637689, 0.0008348342478351115]",0.014759121021131971,3.4093569558814854,231.0,0.9999999999812471
"[0.001322272817556927, 0.001328071632180209, 0.001333073773693102, 0.0013514908495757445, 0.0014095273770520576, 0.0014671753306325943, 0.0013932355780419251, 0.0012995606895758482, 0.0008533507790955934]",0.014759121021131971,3.4241160769026173,232.0,0.9999999999916146
"[0.0013155119366624393, 0.001322272817556927, 0.001328071632180209, 0.0013408709486041916, 0.0013966671334815599, 0.001461701933813756, 0.0014162452095403575, 0.0013051380271030429, 0.000876595982523063]",0.014759121021131971,3.4388751979237493,233.0,0.9999999999844212
"[0.0013071910373586434, 0.0013155119366624393, 0.001322272817556927, 0.001333073773693102, 0.001381732281570944, 0.001467891399896648, 0.001447325545002167, 0.0013024166981154734, 0.0008946456905048574]",0.014759121021131971,3.4536343189448813,234.0,0.999999999995948
"[0.001300939035079899, 0.0013071910373586434, 0.0013155119366624393, 0.001328071632180209, 0.0013666518433298525, 0.0014679829987202806, 0.0014697978152699996, 0.0012995059824683255, 0.0009131650450665137]",0.014759121021131971,3.4683934399660132,235.0,0.9999999999967303
"[0.0012942976235371883, 0.001300939035079899, 0.0013071910373586434, 0.001322272817556927, 0.0013514908495757445, 0.0014577791417014208, 0.0014836660838248319, 0.0012987226278604032, 0.000920442381258027]",0.014759121021131971,3.483152560987145,236.0,0.999999999999273
"[0.0012867604583976441, 0.0012942976235371883, 0.001300939035079899, 0.0013155119366624393, 0.0013408709486041916, 0.0014446898782009905, 0.0014919311480151077, 0.0012957681418441927, 0.000924170947981343]",0.014759121021131971,3.497911682008277,237.0,0.9999999999990495
"[0.0012717009792323228, 0.0012867604583976441, 0.0012942976235371883, 0.0013071910373586434, 0.001333073773693102, 0.0014335870383194824, 0.0014979891089036826, 0.0012931616954259143, 0.0009298616211052014]",0.014759121021131971,3.512670803029409,238.0,0.9999999999968775
"[0.001260054736798021, 0.0012717009792323228, 0.0012867604583976441, 0.001300939035079899, 0.001328071632180209, 0.0014230345806939687, 0.0015026243821015832, 0.0012816377263073745, 0.0009333502988185881]",0.014759121021131971,3.527429924050541,239.0,0.9999999999946472
"[0.001254233035707894, 0.001260054736798021, 0.0012717009792323228, 0.0012942976235371883, 0.001322272817556927, 0.0014095273770520576, 0.0015114795687734331, 0.0012754824396957807, 0.0009410128306050555]",0.014759121021131971,3.542189045071673,240.0,0.9999999999765893
"[0.0012525358819299383, 0.001254233035707894, 0.001260054736798021, 0.0012867604583976441, 0.0013155119366624393, 0.0013966671334815599, 0.0015116789106154394, 0.0012661025607690025, 0.0009577779350021236]",0.014759121021131971,3.556948166092805,241.0,0.9999999999101659
"[0.0012537865030652236, 0.0012525358819299383, 0.001254233035707894, 0.0012717009792323228, 0.0013071910373586434, 0.001381732281570944, 0.0015031795113093465, 0.001257879764107242, 0.0009664249761520644]",0.014759121021131971,3.571707287113937,242.0,0.9999999997524415
"[0.0012595661590256058, 0.0012537865030652236, 0.0012525358819299383, 0.001260054736798021, 0.001300939035079899, 0.0013666518433298525, 0.0014924578613632325, 0.001255450389798639, 0.000983382138730961]",0.014759121021131971,3.586466408135069,243.0,0.999999991864411
"[0.001270898287375922, 0.0012595661590256058, 0.0012537865030652236, 0.001254233035707894, 0.0012942976235371883, 0.0013514908495757445, 0.0014824839191871246, 0.0012581551416716737, 0.0009895206087528567]",0.014759121021131971,3.601225529156201,244.0,0.9999999939734147
"[0.0012891237198404163, 0.001270898287375922, 0.0012595661590256058, 0.0012525358819299383, 0.0012867604583976441, 0.0013408709486041916, 0.0014776805234461244, 0.0012640614843892934, 0.0009929394690225504]",0.014759121021131971,3.615984650177333,245.0,0.999999960211694
"[0.0013050727922849033, 0.0012891237198404163, 0.001270898287375922, 0.0012537865030652236, 0.0012717009792323228, 0.001333073773693102, 0.0014749466836249119, 0.0012652247112861358, 0.0009954903857406759]",0.014759121021131971,3.630743771198465,246.0,0.9999999991741205
"[0.0013211036172553175, 0.0013050727922849033, 0.0012891237198404163, 0.0012595661590256058, 0.001260054736798021, 0.001328071632180209, 0.0014749761555858149, 0.0012638791420600793, 0.0009937276602246339]",0.014759121021131971,3.645502892219597,247.0,0.9999999998350979
"[0.0013306240912572865, 0.0013211036172553175, 0.0013050727922849033, 0.001270898287375922, 0.001254233035707894, 0.001322272817556927, 0.0014671753306325943, 0.0012625529092778933, 0.0009991422925053975]",0.014759121021131971,3.660262013240729,248.0,0.9999999989976367
"[0.0013364001638895228, 0.0013306240912572865, 0.0013211036172553175, 0.0012891237198404163, 0.0012525358819299383, 0.0013155119366624393, 0.001461701933813756, 0.0012623840142677826, 0.0010109577462071187]",0.014759121021131971,3.675021134261861,249.0,0.9999999973033137
"[0.0013469783609404082, 0.0013364001638895228, 0.0013306240912572865, 0.0013050727922849033, 0.0012537865030652236, 0.0013071910373586434, 0.001467891399896648, 0.0012611263845001325, 0.0010319167369274855]",0.014759121021131971,3.689780255282993,250.0,0.9999999970256653
"[0.0013625911849872259, 0.0013469783609404082, 0.0013364001638895228, 0.0013211036172553175, 0.0012595661590256058, 0.001300939035079899, 0.0014679829987202806, 0.0012602711901119974, 0.0010438063611632354]",0.014759121021131971,3.7045393763041248,251.0,0.9999999108219582
"[0.00137909425183652, 0.0013625911849872259, 0.0013469783609404082, 0.0013306240912572865, 0.001270898287375922, 0.0012942976235371883, 0.0014577791417014208, 0.0012560787828128162, 0.0010523812412989025]",0.014759121021131971,3.7192984973252567,252.0,0.9999999839337727
"[0.001402250917649625, 0.00137909425183652, 0.0013625911849872259, 0.0013364001638895228, 0.0012891237198404163, 0.0012867604583976441, 0.0014446898782009905, 0.0012506456803229652, 0.0010596454641530783]",0.014759121021131971,3.7340576183463887,253.0,0.9999979697149267
"[4.5018194775199606e-05, 5.238059836412659e-05, 4.9522780148333384e-05, 7.323621166682655e-05, 0.00010185856672060668, 5.341889664353212e-05, 6.425193379557811e-05, 1.0708566904278735e-05, -0.00014486152220971577]",0.0,0.0,0.0,0.0
"[2.5388975262464294e-05, 4.5018194775199606e-05, 5.238059836412659e-05, 6.442159953274871e-05, 9.450163005407661e-05, 5.1700037669450434e-05, 7.413442436241217e-05, 7.949786908530022e-06, -0.0001489175501417523]",0.0,0.0,0.0,0.0
"[2.1170811238736725e-05, 2.5388975262464294e-05, 4.5018194775199606e-05, 4.9522780148333384e-05, 8.947890454916181e-05, 6.434160148882993e-05, 7.161034749007891e-05, 3.5417200226418895e-06, -0.00015710426087488542]",0.0,0.0,0.0,0.0
"[2.4675793112707833e-05, 2.1170811238736725e-05, 2.5388975262464294e-05, 5.238059836412659e-05, 8.337814685278547e-05, 8.127977706965701e-05, 8.492309157127205e-05, 7.171304022554369e-06, -0.00015473748050626366]",0.0,0.0,0.0,0.0
"[2.4914561643388487e-05, 2.4675793112707833e-05, 2.1170811238736725e-05, 4.5018194775199606e-05, 7.323621166682655e-05, 0.00010076460322591053, 9.510941288426856e-05, 3.710293301733104e-06, -0.00014386043021522867]",0.0,0.0,0.0,0.0
"[2.1582992119631333e-05, 2.4914561643388487e-05, 2.4675793112707833e-05, 2.5388975262464294e-05, 6.442159953274871e-05, 0.00011532782589543337, 0.00010218890485965379, 1.2253591094905625e-05, -0.00013053314209552817]",0.0,0.0,0.0,0.0
"[1.8138841448365322e-05, 2.1582992119631333e-05, 2.4914561643388487e-05, 2.1170811238736725e-05, 4.9522780148333384e-05, 0.00011998990235411873, 0.00010686084896869217, 1.1318056138671058e-05, -0.00011662044608362684]",0.0,0.0,0.0,0.0
"[1.659467111169992e-05, 1.8138841448365322e-05, 2.1582992119631333e-05, 2.4675793112707833e-05, 5.238059836412659e-05, 0.0001113952662332282, 9.89741182764877e-05, 8.053528114011929e-06, -0.00011130668117350484]",0.0,0.0,0.0,0.0
"[7.061202732943967e-06, 1.659467111169992e-05, 1.8138841448365322e-05, 2.4914561643388487e-05, 4.5018194775199606e-05, 0.00010185856672060668, 7.416168310066591e-05, 5.133720697254872e-06, -0.00010974271285668115]",-0.009127425596078691,-0.0,0.0,0.0020337252059860404
"[1.1471097436735672e-06, 7.061202732943967e-06, 1.659467111169992e-05, 2.1582992119631333e-05, 2.5388975262464294e-05, 9.450163005407661e-05, 5.387022064179077e-05, 3.392859050744395e-06, -0.00010882246774694687]",-0.009127425596078691,-0.009127425596078691,1.0,0.002051623521740949
"[9.18624278969428e-06, 1.1471097436735672e-06, 7.061202732943967e-06, 1.8138841448365322e-05, 2.1170811238736725e-05, 8.947890454916181e-05, 4.816897279911302e-05, 1.0890358553007147e-05, -0.00010974982963013916]",-0.009127425596078691,-0.018254851192157383,2.0,0.002052457896588634
"[1.1560453791859391e-05, 9.18624278969428e-06, 1.1471097436735672e-06, 1.659467111169992e-05, 2.4675793112707833e-05, 8.337814685278547e-05, 5.139028626474297e-05, 2.003056431790493e-05, -0.0001095460030950408]",-0.009127425596078691,-0.027382276788236074,3.0,0.0020839498958691058
"[1.188218136148345e-05, 1.1560453791859391e-05, 9.18624278969428e-06, 7.061202732943967e-06, 2.4914561643388487e-05, 7.323621166682655e-05, 5.888643982359295e-05, 1.912685533958485e-05, -0.00010706346805515022]",-0.009127425596078691,-0.036509702384314766,4.0,0.0021135716676426958
"[1.7048977877143077e-05, 1.188218136148345e-05, 1.1560453791859391e-05, 1.1471097436735672e-06, 2.1582992119631333e-05, 6.442159953274871e-05, 6.0792895166665535e-05, 9.56535196114654e-06, -0.00010015890644149647]",-0.009127425596078691,-0.04563712798039346,5.0,0.0020725525956722963
"[2.1116006718376316e-05, 1.7048977877143077e-05, 1.188218136148345e-05, 9.18624278969428e-06, 1.8138841448365322e-05, 4.9522780148333384e-05, 5.830993354432183e-05, 9.189341022517389e-06, -9.821081861149892e-05]",-0.009127425596078691,-0.05476455357647215,6.0,0.0020272157326398817
"[1.6982328293674093e-05, 2.1116006718376316e-05, 1.7048977877143077e-05, 1.1560453791859391e-05, 1.659467111169992e-05, 5.238059836412659e-05, 5.3414189024884396e-05, 8.252298812189959e-06, -0.00010320090433765614]",-0.009127425596078691,-0.06389197917255084,7.0,0.0020282227181096647
"[9.175526982416309e-06, 1.6982328293674093e-05, 2.1116006718376316e-05, 1.188218136148345e-05, 7.061202732943967e-06, 4.5018194775199606e-05, 5.341889664353212e-05, 1.4275174156593797e-05, -0.00010418555849263787]",-0.009127425596078691,-0.07301940476862953,8.0,0.002065036419079467
"[6.866593134719543e-06, 9.175526982416309e-06, 1.6982328293674093e-05, 1.7048977877143077e-05, 1.1471097436735672e-06, 2.5388975262464294e-05, 5.1700037669450434e-05, 2.1518615404919254e-05, -0.00010638456608993329]",-0.009127425596078691,-0.08214683036470823,9.0,0.0020899685998947088
"[1.448993364654948e-05, 6.866593134719543e-06, 9.175526982416309e-06, 2.1116006718376316e-05, 9.18624278969428e-06, 2.1170811238736725e-05, 6.434160148882993e-05, 2.6310901222632546e-05, -0.00010592941993396759]",-0.009127425596078691,-0.09127425596078692,10.0,0.002161273279732947
"[1.8104858933846823e-05, 1.448993364654948e-05, 6.866593134719543e-06, 1.6982328293674093e-05, 1.1560453791859391e-05, 2.4675793112707833e-05, 8.127977706965701e-05, 2.6170056173526454e-05, -9.978960838832118e-05]",-0.009127425596078691,-0.1004016815568656,11.0,0.002156712887856042
"[2.6470388570537822e-05, 1.8104858933846823e-05, 1.448993364654948e-05, 9.175526982416309e-06, 1.188218136148345e-05, 2.4914561643388487e-05, 0.00010076460322591053, 2.647836880495749e-05, -8.928473348662079e-05]",-0.009127425596078691,-0.1095291071529443,12.0,0.0022468940074544274
"[2.714364726172723e-05, 2.6470388570537822e-05, 1.8104858933846823e-05, 6.866593134719543e-06, 1.7048977877143077e-05, 2.1582992119631333e-05, 0.00011532782589543337, 2.6352728797712407e-05, -7.912497620455973e-05]",-0.009127425596078691,-0.11865653274902299,13.0,0.0020642506374366795
"[3.456774768538613e-05, 2.714364726172723e-05, 2.6470388570537822e-05, 1.448993364654948e-05, 2.1116006718376316e-05, 1.8138841448365322e-05, 0.00011998990235411873, 2.6518609895651437e-05, -7.382222185562236e-05]",-0.009127425596078691,-0.12778395834510167,14.0,0.002144150096909224
"[2.2202515996906676e-05, 3.456774768538613e-05, 2.714364726172723e-05, 1.8104858933846823e-05, 1.6982328293674093e-05, 1.659467111169992e-05, 0.0001113952662332282, 3.2863786986491674e-05, -7.974215830230448e-05]",-0.009127425596078691,-0.13691138394118038,15.0,0.002178349305881482
"[2.5300936878421253e-05, 2.2202515996906676e-05, 3.456774768538613e-05, 2.6470388570537822e-05, 9.175526982416309e-06, 7.061202732943967e-06, 0.00010185856672060668, 3.119878268658602e-05, -8.487004565629548e-05]",-0.009127425596078691,-0.14603880953725906,16.0,0.0020926548141438107
"[2.8838192294816735e-05, 2.5300936878421253e-05, 2.2202515996906676e-05, 2.714364726172723e-05, 6.866593134719543e-06, 1.1471097436735672e-06, 9.450163005407661e-05, 4.0948366697310796e-05, -9.013637347973332e-05]",-0.009127425596078691,-0.15516623513333774,17.0,0.0021171369494342816
"[2.2267309319926832e-05, 2.8838192294816735e-05, 2.5300936878421253e-05, 3.456774768538613e-05, 1.448993364654948e-05, 9.18624278969428e-06, 8.947890454916181e-05, 5.169810371493805e-05, -9.74132164312196e-05]",-0.009127425596078691,-0.16429366072941645,18.0,0.002031143293393059
"[2.253670639996738e-05, 2.2267309319926832e-05, 2.8838192294816735e-05, 2.2202515996906676e-05, 1.8104858933846823e-05, 1.1560453791859391e-05, 8.337814685278547e-05, 5.7232172195008595e-05, -9.853398312758249e-05]",-0.009127425596078691,-0.17342108632549513,19.0,0.00204591656091623
"[1.2828173438842367e-05, 2.253670639996738e-05, 2.2267309319926832e-05, 2.5300936878421253e-05, 2.6470388570537822e-05, 1.188218136148345e-05, 7.323621166682655e-05, 5.7859092542797694e-05, -0.00010036491506627894]",-0.009127425596078691,-0.18254851192157384,20.0,0.002054644706905249
"[1.155224668867392e-05, 1.2828173438842367e-05, 2.253670639996738e-05, 2.8838192294816735e-05, 2.714364726172723e-05, 1.7048977877143077e-05, 6.442159953274871e-05, 5.7085107149170016e-05, -9.679650973946757e-05]",-0.009127425596078691,-0.19167593751765252,21.0,0.0020662022141597915
"[1.2741717863947162e-05, 1.155224668867392e-05, 1.2828173438842367e-05, 2.2267309319926832e-05, 3.456774768538613e-05, 2.1116006718376316e-05, 4.9522780148333384e-05, 5.7638503951626414e-05, -9.475968754476753e-05]",-0.009127425596078691,-0.2008033631137312,22.0,0.002107489160998991
"[1.4418557311037082e-05, 1.2741717863947162e-05, 1.155224668867392e-05, 2.253670639996738e-05, 2.2202515996906676e-05, 1.6982328293674093e-05, 5.238059836412659e-05, 5.708405361392709e-05, -9.559768421798526e-05]",-0.009127425596078691,-0.2099307887098099,23.0,0.0022804122224236475
"[2.0007746228191073e-05, 1.4418557311037082e-05, 1.2741717863947162e-05, 1.2828173438842367e-05, 2.5300936878421253e-05, 9.175526982416309e-06, 4.5018194775199606e-05, 6.425193379557811e-05, -9.275364552373663e-05]",-0.009127425596078691,-0.2190582143058886,24.0,0.0024274418316227726
"[3.6638886847658905e-05, 2.0007746228191073e-05, 1.4418557311037082e-05, 1.155224668867392e-05, 2.8838192294816735e-05, 6.866593134719543e-06, 2.5388975262464294e-05, 7.413442436241217e-05, -9.318844169158099e-05]",-0.009127425596078691,-0.22818563990196727,25.0,0.002567061900566752
"[4.6917504642892854e-05, 3.6638886847658905e-05, 2.0007746228191073e-05, 1.2741717863947162e-05, 2.2267309319926832e-05, 1.448993364654948e-05, 2.1170811238736725e-05, 7.161034749007891e-05, -8.583474975871711e-05]",-0.009127425596078691,-0.23731306549804598,26.0,0.0025826690181835537
"[5.531809877759898e-05, 4.6917504642892854e-05, 3.6638886847658905e-05, 1.4418557311037082e-05, 2.253670639996738e-05, 1.8104858933846823e-05, 2.4675793112707833e-05, 8.492309157127205e-05, -8.992699844235221e-05]",-0.009127425596078691,-0.24644049109412466,27.0,0.0025395521905325494
"[5.787550168455542e-05, 5.531809877759898e-05, 4.6917504642892854e-05, 2.0007746228191073e-05, 1.2828173438842367e-05, 2.6470388570537822e-05, 2.4914561643388487e-05, 9.510941288426856e-05, -9.272807632446412e-05]",-0.009127425596078691,-0.25556791669020335,28.0,0.002551168830523367
"[5.700007123502065e-05, 5.787550168455542e-05, 5.531809877759898e-05, 3.6638886847658905e-05, 1.155224668867392e-05, 2.714364726172723e-05, 2.1582992119631333e-05, 0.00010218890485965379, -9.34208330859178e-05]",-0.009127425596078691,-0.26469534228628205,29.0,0.0024010914702084704
"[5.721020941260745e-05, 5.700007123502065e-05, 5.787550168455542e-05, 4.6917504642892854e-05, 1.2741717863947162e-05, 3.456774768538613e-05, 1.8138841448365322e-05, 0.00010686084896869217, -8.395980580578305e-05]",-0.009127425596078691,-0.27382276788236076,30.0,0.0024392423226229348
"[5.127724759424617e-05, 5.721020941260745e-05, 5.700007123502065e-05, 5.531809877759898e-05, 1.4418557311037082e-05, 2.2202515996906676e-05, 1.659467111169992e-05, 9.89741182764877e-05, -7.370874639059173e-05]",-0.009127425596078691,-0.2829501934784394,31.0,0.0025129124572852005
"[5.084801741701285e-05, 5.127724759424617e-05, 5.721020941260745e-05, 5.787550168455542e-05, 2.0007746228191073e-05, 2.5300936878421253e-05, 7.061202732943967e-06, 7.416168310066591e-05, -6.47193139233745e-05]",-0.009127425596078691,-0.2920776190745181,32.0,0.002501061518880945
"[5.3795159394183964e-05, 5.084801741701285e-05, 5.127724759424617e-05, 5.700007123502065e-05, 3.6638886847658905e-05, 2.8838192294816735e-05, 1.1471097436735672e-06, 5.387022064179077e-05, -5.6440270662111784e-05]",-0.009127425596078691,-0.30120504467059683,33.0,0.002600136985484554
"[5.411496860365263e-05, 5.3795159394183964e-05, 5.084801741701285e-05, 5.721020941260745e-05, 4.6917504642892854e-05, 2.2267309319926832e-05, 9.18624278969428e-06, 4.816897279911302e-05, -4.5478081249188266e-05]",-0.009127425596078691,-0.3103324702666755,34.0,0.0025226514512094607
"[5.810212583130704e-05, 5.411496860365263e-05, 5.3795159394183964e-05, 5.127724759424617e-05, 5.531809877759898e-05, 2.253670639996738e-05, 1.1560453791859391e-05, 5.139028626474297e-05, -2.9099403725009004e-05]",-0.009127425596078691,-0.3194598958627542,35.0,0.002354527600554411
"[5.628006105741181e-05, 5.810212583130704e-05, 5.411496860365263e-05, 5.084801741701285e-05, 5.787550168455542e-05, 1.2828173438842367e-05, 1.188218136148345e-05, 5.888643982359295e-05, -1.4457074919276243e-05]",-0.009127425596078691,-0.3285873214588329,36.0,0.0023406673165678707
"[4.869041735408544e-05, 5.628006105741181e-05, 5.810212583130704e-05, 5.3795159394183964e-05, 5.700007123502065e-05, 1.155224668867392e-05, 1.7048977877143077e-05, 6.0792895166665535e-05, -9.750872401863511e-06]",-0.009127425596078691,-0.33771474705491156,37.0,0.002285646860311997
"[4.533151845018823e-05, 4.869041735408544e-05, 5.628006105741181e-05, 5.411496860365263e-05, 5.721020941260745e-05, 1.2741717863947162e-05, 2.1116006718376316e-05, 5.830993354432183e-05, -1.0038911423437191e-05]",-0.009127425596078691,-0.34684217265099027,38.0,0.002189607960599692
"[4.132997372062804e-05, 4.533151845018823e-05, 4.869041735408544e-05, 5.810212583130704e-05, 5.127724759424617e-05, 1.4418557311037082e-05, 1.6982328293674093e-05, 5.3414189024884396e-05, -1.5154495313378457e-05]",-0.009127425596078691,-0.355969598247069,39.0,0.0020873617426106646
"[3.4258658414480444e-05, 4.132997372062804e-05, 4.533151845018823e-05, 5.628006105741181e-05, 5.084801741701285e-05, 2.0007746228191073e-05, 9.175526982416309e-06, 5.341889664353212e-05, -1.9101732101648515e-05]",-0.009127425596078691,-0.3650970238431477,40.0,0.0020244706297850995
"[2.392783634545528e-05, 3.4258658414480444e-05, 4.132997372062804e-05, 4.869041735408544e-05, 5.3795159394183964e-05, 3.6638886847658905e-05, 6.866593134719543e-06, 5.1700037669450434e-05, -2.2724261867324203e-05]",-0.009127425596078691,-0.37422444943922634,41.0,0.002008630973533323
"[1.2613415629321193e-05, 2.392783634545528e-05, 3.4258658414480444e-05, 4.533151845018823e-05, 5.411496860365263e-05, 4.6917504642892854e-05, 1.448993364654948e-05, 6.434160148882993e-05, -2.057213747637216e-05]",-0.009127425596078691,-0.38335187503530505,42.0,0.0020002087686475174
"[4.214678743587643e-06, 1.2613415629321193e-05, 2.392783634545528e-05, 4.132997372062804e-05, 5.810212583130704e-05, 5.531809877759898e-05, 1.8104858933846823e-05, 8.127977706965701e-05, -2.1378861364654222e-05]",-0.009127425596078691,-0.39247930063138375,43.0,0.0019984377485733405
"[-2.469027170830164e-06, 4.214678743587643e-06, 1.2613415629321193e-05, 3.4258658414480444e-05, 5.628006105741181e-05, 5.787550168455542e-05, 2.6470388570537822e-05, 0.00010076460322591053, -2.950045064177233e-05]",-0.009127425596078691,-0.4016067262274624,44.0,0.001995923763007463
"[-7.3885131540778725e-06, -2.469027170830164e-06, 4.214678743587643e-06, 2.392783634545528e-05, 4.869041735408544e-05, 5.700007123502065e-05, 2.714364726172723e-05, 0.00011532782589543337, -2.3313598503055454e-05]",-0.009127425596078691,-0.4107341518235411,45.0,0.001998586999113507
"[-5.921224643403004e-06, -7.3885131540778725e-06, -2.469027170830164e-06, 1.2613415629321193e-05, 4.533151845018823e-05, 5.721020941260745e-05, 3.456774768538613e-05, 0.00011998990235411873, -4.268763554177097e-06]",-0.009127425596078691,-0.4198615774196198,46.0,0.001999496749220654
"[-8.760735367505613e-06, -5.921224643403004e-06, -7.3885131540778725e-06, 4.214678743587643e-06, 4.132997372062804e-05, 5.127724759424617e-05, 2.2202515996906676e-05, 0.0001113952662332282, 1.9745991869590665e-06]",-0.009127425596078691,-0.4289890030156985,47.0,0.0020136077672398525
"[-1.2749448019804437e-05, -8.760735367505613e-06, -5.921224643403004e-06, -2.469027170830164e-06, 3.4258658414480444e-05, 5.084801741701285e-05, 2.5300936878421253e-05, 0.00010185856672060668, 1.1869518995487304e-05]",-0.009127425596078691,-0.4381164286117772,48.0,0.002019986325250183
"[-2.0296694027444283e-05, -1.2749448019804437e-05, -8.760735367505613e-06, -7.3885131540778725e-06, 2.392783634545528e-05, 5.3795159394183964e-05, 2.8838192294816735e-05, 9.450163005407661e-05, 1.1402429536051122e-05]",-0.009127425596078691,-0.4472438542078559,49.0,0.0021252604625390794
"[-2.4111832652543255e-05, -2.0296694027444283e-05, -1.2749448019804437e-05, -5.921224643403004e-06, 1.2613415629321193e-05, 5.411496860365263e-05, 2.2267309319926832e-05, 8.947890454916181e-05, 7.011959797729849e-06]",-0.009127425596078691,-0.45637127980393455,50.0,0.002250329915444992
"[-4.0054945769220216e-05, -2.4111832652543255e-05, -2.0296694027444283e-05, -8.760735367505613e-06, 4.214678743587643e-06, 5.810212583130704e-05, 2.253670639996738e-05, 8.337814685278547e-05, 7.581074460259066e-06]",-0.009127425596078691,-0.46549870540001326,51.0,0.002144059053226067
"[-5.326061629642886e-05, -4.0054945769220216e-05, -2.4111832652543255e-05, -1.2749448019804437e-05, -2.469027170830164e-06, 5.628006105741181e-05, 1.2828173438842367e-05, 7.323621166682655e-05, 8.822682739355915e-06]",-0.009127425596078691,-0.47462613099609197,52.0,0.0022804576414327156
"[-5.102216507119641e-05, -5.326061629642886e-05, -4.0054945769220216e-05, -2.0296694027444283e-05, -7.3885131540778725e-06, 4.869041735408544e-05, 1.155224668867392e-05, 6.442159953274871e-05, 1.1451551246507931e-05]",-0.009127425596078691,-0.4837535565921706,53.0,0.002279628347424875
"[-5.808219493850588e-05, -5.102216507119641e-05, -5.326061629642886e-05, -2.4111832652543255e-05, -5.921224643403004e-06, 4.533151845018823e-05, 1.2741717863947162e-05, 4.9522780148333384e-05, 1.607535555644218e-05]",-0.009127425596078691,-0.49288098218824933,54.0,0.002331166591444077
"[-6.067750908789442e-05, -5.808219493850588e-05, -5.102216507119641e-05, -4.0054945769220216e-05, -8.760735367505613e-06, 4.132997372062804e-05, 1.4418557311037082e-05, 5.238059836412659e-05, 8.514174928786507e-06]",-0.009127425596078691,-0.502008407784328,55.0,0.002283894527011811
"[-6.412534196191438e-05, -6.067750908789442e-05, -5.808219493850588e-05, -5.326061629642886e-05, -1.2749448019804437e-05, 3.4258658414480444e-05, 2.0007746228191073e-05, 4.5018194775199606e-05, 1.0708566904278735e-05]",-0.009127425596078691,-0.5111358333804067,56.0,0.002322978741747804
"[-6.332973412431641e-05, -6.412534196191438e-05, -6.067750908789442e-05, -5.102216507119641e-05, -2.0296694027444283e-05, 2.392783634545528e-05, 3.6638886847658905e-05, 2.5388975262464294e-05, 7.949786908530022e-06]",-0.009127425596078691,-0.5202632589764854,57.0,0.002325307570866759
"[-6.479491602344589e-05, -6.332973412431641e-05, -6.412534196191438e-05, -5.808219493850588e-05, -2.4111832652543255e-05, 1.2613415629321193e-05, 4.6917504642892854e-05, 2.1170811238736725e-05, 3.5417200226418895e-06]",-0.009127425596078691,-0.5293906845725641,58.0,0.002345580481911318
"[-6.546288036935048e-05, -6.479491602344589e-05, -6.332973412431641e-05, -6.067750908789442e-05, -4.0054945769220216e-05, 4.214678743587643e-06, 5.531809877759898e-05, 2.4675793112707833e-05, 7.171304022554369e-06]",-0.009127425596078691,-0.5385181101686428,59.0,0.002225352167199318
"[-6.663902352827819e-05, -6.546288036935048e-05, -6.479491602344589e-05, -6.412534196191438e-05, -5.326061629642886e-05, -2.469027170830164e-06, 5.787550168455542e-05, 2.4914561643388487e-05, 3.710293301733104e-06]",-0.009127425596078691,-0.5476455357647215,60.0,0.002391112905709002
"[-6.174235808721363e-05, -6.663902352827819e-05, -6.546288036935048e-05, -6.332973412431641e-05, -5.102216507119641e-05, -7.3885131540778725e-06, 5.700007123502065e-05, 2.1582992119631333e-05, 1.2253591094905625e-05]",-0.009127425596078691,-0.5567729613608001,61.0,0.0024277239270112092
"[-6.73007316461865e-05, -6.174235808721363e-05, -6.663902352827819e-05, -6.479491602344589e-05, -5.808219493850588e-05, -5.921224643403004e-06, 5.721020941260745e-05, 1.8138841448365322e-05, 1.1318056138671058e-05]",-0.009127425596078691,-0.5659003869568788,62.0,0.002546645404920337
"[-7.091473154444655e-05, -6.73007316461865e-05, -6.174235808721363e-05, -6.546288036935048e-05, -6.067750908789442e-05, -8.760735367505613e-06, 5.127724759424617e-05, 1.659467111169992e-05, 8.053528114011929e-06]",-0.009127425596078691,-0.5750278125529575,63.0,0.002838887561119713
"[-7.663292676944978e-05, -7.091473154444655e-05, -6.73007316461865e-05, -6.663902352827819e-05, -6.412534196191438e-05, -1.2749448019804437e-05, 5.084801741701285e-05, 7.061202732943967e-06, 5.133720697254872e-06]",-0.009127425596078691,-0.5841552381490362,64.0,0.0027712577214521676
"[-8.753776759722612e-05, -7.663292676944978e-05, -7.091473154444655e-05, -6.174235808721363e-05, -6.332973412431641e-05, -2.0296694027444283e-05, 5.3795159394183964e-05, 1.1471097436735672e-06, 3.392859050744395e-06]",-0.009127425596078691,-0.593282663745115,65.0,0.0025961190375356743
"[-8.976727553426632e-05, -8.753776759722612e-05, -7.663292676944978e-05, -6.73007316461865e-05, -6.479491602344589e-05, -2.4111832652543255e-05, 5.411496860365263e-05, 9.18624278969428e-06, 1.0890358553007147e-05]",-0.009127425596078691,-0.6024100893411937,66.0,0.0031986271104563874
"[-8.605379035536119e-05, -8.976727553426632e-05, -8.753776759722612e-05, -7.091473154444655e-05, -6.546288036935048e-05, -4.0054945769220216e-05, 5.810212583130704e-05, 1.1560453791859391e-05, 2.003056431790493e-05]",-0.009127425596078691,-0.6115375149372724,67.0,0.0029112630758383867
"[-9.918262942789514e-05, -8.605379035536119e-05, -8.976727553426632e-05, -7.663292676944978e-05, -6.663902352827819e-05, -5.326061629642886e-05, 5.628006105741181e-05, 1.188218136148345e-05, 1.912685533958485e-05]",-0.009127425596078691,-0.620664940533351,68.0,0.0029230245614500303
"[-9.804850529218348e-05, -9.918262942789514e-05, -8.605379035536119e-05, -8.753776759722612e-05, -6.174235808721363e-05, -5.102216507119641e-05, 4.869041735408544e-05, 1.7048977877143077e-05, 9.56535196114654e-06]",-0.009127425596078691,-0.6297923661294297,69.0,0.002911132709290827
"[-9.779584405314097e-05, -9.804850529218348e-05, -9.918262942789514e-05, -8.976727553426632e-05, -6.73007316461865e-05, -5.808219493850588e-05, 4.533151845018823e-05, 2.1116006718376316e-05, 9.189341022517389e-06]",-0.009127425596078691,-0.6389197917255084,70.0,0.0035077869698128612
"[-9.741487919275149e-05, -9.779584405314097e-05, -9.804850529218348e-05, -8.605379035536119e-05, -7.091473154444655e-05, -6.067750908789442e-05, 4.132997372062804e-05, 1.6982328293674093e-05, 8.252298812189959e-06]",-0.009127425596078691,-0.6480472173215871,71.0,0.0037846493508768837
"[-0.00010873919699232312, -9.741487919275149e-05, -9.779584405314097e-05, -9.918262942789514e-05, -7.663292676944978e-05, -6.412534196191438e-05, 3.4258658414480444e-05, 9.175526982416309e-06, 1.4275174156593797e-05]",-0.009127425596078691,-0.6571746429176658,72.0,0.0032526769473992154
"[-0.00011719203178679944, -0.00010873919699232312, -9.741487919275149e-05, -9.804850529218348e-05, -8.753776759722612e-05, -6.332973412431641e-05, 2.392783634545528e-05, 6.866593134719543e-06, 2.1518615404919254e-05]",-0.009127425596078691,-0.6663020685137445,73.0,0.0034984146990778495
"[-0.00011253771570008546, -0.00011719203178679944, -0.00010873919699232312, -9.779584405314097e-05, -8.976727553426632e-05, -6.479491602344589e-05, 1.2613415629321193e-05, 1.448993364654948e-05, 2.6310901222632546e-05]",-0.009127425596078691,-0.6754294941098231,74.0,0.0035568095993200287
"[-0.00011438984204785854, -0.00011253771570008546, -0.00011719203178679944, -9.741487919275149e-05, -8.605379035536119e-05, -6.546288036935048e-05, 4.214678743587643e-06, 1.8104858933846823e-05, 2.6170056173526454e-05]",-0.009127425596078691,-0.6845569197059018,75.0,0.0034680279482421574
"[-0.00011599945859291112, -0.00011438984204785854, -0.00011253771570008546, -0.00010873919699232312, -9.918262942789514e-05, -6.663902352827819e-05, -2.469027170830164e-06, 2.6470388570537822e-05, 2.647836880495749e-05]",-0.009127425596078691,-0.6936843453019805,76.0,0.004041482514067543
"[-0.00011525131192570612, -0.00011599945859291112, -0.00011438984204785854, -0.00011719203178679944, -9.804850529218348e-05, -6.174235808721363e-05, -7.3885131540778725e-06, 2.714364726172723e-05, 2.6352728797712407e-05]",-0.009127425596078691,-0.7028117708980592,77.0,0.0046407398782262466
"[-0.00012305573135989485, -0.00011525131192570612, -0.00011599945859291112, -0.00011253771570008546, -9.779584405314097e-05, -6.73007316461865e-05, -5.921224643403004e-06, 3.456774768538613e-05, 2.6518609895651437e-05]",-0.009127425596078691,-0.711939196494138,78.0,0.0055443125001886405
"[-0.00013302744331961227, -0.00012305573135989485, -0.00011525131192570612, -0.00011438984204785854, -9.741487919275149e-05, -7.091473154444655e-05, -8.760735367505613e-06, 2.2202515996906676e-05, 3.2863786986491674e-05]",-0.009127425596078691,-0.7210666220902167,79.0,0.005959579368198047
"[-0.0001449380401456316, -0.00013302744331961227, -0.00012305573135989485, -0.00011599945859291112, -0.00010873919699232312, -7.663292676944978e-05, -1.2749448019804437e-05, 2.5300936878421253e-05, 3.119878268658602e-05]",-0.009127425596078691,-0.7301940476862954,80.0,0.005478182639658771
"[-0.00015222399714154107, -0.0001449380401456316, -0.00013302744331961227, -0.00011525131192570612, -0.00011719203178679944, -8.753776759722612e-05, -2.0296694027444283e-05, 2.8838192294816735e-05, 4.0948366697310796e-05]",-0.009127425596078691,-0.739321473282374,81.0,0.00577065553171919
"[-0.00015155437944725685, -0.00015222399714154107, -0.0001449380401456316, -0.00012305573135989485, -0.00011253771570008546, -8.976727553426632e-05, -2.4111832652543255e-05, 2.2267309319926832e-05, 5.169810371493805e-05]",-0.009127425596078691,-0.7484488988784527,82.0,0.006801833226672553
"[-0.00015338395057679492, -0.00015155437944725685, -0.00015222399714154107, -0.00013302744331961227, -0.00011438984204785854, -8.605379035536119e-05, -4.0054945769220216e-05, 2.253670639996738e-05, 5.7232172195008595e-05]",-0.009127425596078691,-0.7575763244745314,83.0,0.007475100319213777
"[-0.00016055030239384022, -0.00015338395057679492, -0.00015155437944725685, -0.0001449380401456316, -0.00011599945859291112, -9.918262942789514e-05, -5.326061629642886e-05, 1.2828173438842367e-05, 5.7859092542797694e-05]",-0.009127425596078691,-0.7667037500706101,84.0,0.008429088289791947
"[-0.00016686657255379043, -0.00016055030239384022, -0.00015338395057679492, -0.00015222399714154107, -0.00011525131192570612, -9.804850529218348e-05, -5.102216507119641e-05, 1.155224668867392e-05, 5.7085107149170016e-05]",-0.009127425596078691,-0.7758311756666888,85.0,0.009081937959783673
"[-0.00017369750479846795, -0.00016686657255379043, -0.00016055030239384022, -0.00015155437944725685, -0.00012305573135989485, -9.779584405314097e-05, -5.808219493850588e-05, 1.2741717863947162e-05, 5.7638503951626414e-05]",-0.009127425596078691,-0.7849586012627675,86.0,0.010811114843518523
"[-0.0001790057499503838, -0.00017369750479846795, -0.00016686657255379043, -0.00015338395057679492, -0.00013302744331961227, -9.741487919275149e-05, -6.067750908789442e-05, 1.4418557311037082e-05, 5.708405361392709e-05]",-0.009127425596078691,-0.7940860268588461,87.0,0.01739625242244587
"[-0.00018705586421263759, -0.0001790057499503838, -0.00017369750479846795, -0.00016055030239384022, -0.0001449380401456316, -0.00010873919699232312, -6.412534196191438e-05, 2.0007746228191073e-05, 6.425193379557811e-05]",-0.009127425596078691,-0.8032134524549248,88.0,0.013414105204595236
"[-0.00020535439938614255, -0.00018705586421263759, -0.0001790057499503838, -0.00016686657255379043, -0.00015222399714154107, -0.00011719203178679944, -6.332973412431641e-05, 3.6638886847658905e-05, 7.413442436241217e-05]",-0.009127425596078691,-0.8123408780510035,89.0,0.012049870563369345
"[-0.00020405729004462607, -0.00020535439938614255, -0.00018705586421263759, -0.00017369750479846795, -0.00015155437944725685, -0.00011253771570008546, -6.479491602344589e-05, 4.6917504642892854e-05, 7.161034749007891e-05]",-0.009127425596078691,-0.8214683036470822,90.0,0.01917012269805467
"[-0.0002002628757390289, -0.00020405729004462607, -0.00020535439938614255, -0.0001790057499503838, -0.00015338395057679492, -0.00011438984204785854, -6.546288036935048e-05, 5.531809877759898e-05, 8.492309157127205e-05]",-0.009127425596078691,-0.8305957292431609,91.0,0.02204893310082914
"[-0.00021291522008454956, -0.0002002628757390289, -0.00020405729004462607, -0.00018705586421263759, -0.00016055030239384022, -0.00011599945859291112, -6.663902352827819e-05, 5.787550168455542e-05, 9.510941288426856e-05]",-0.009127425596078691,-0.8397231548392396,92.0,0.020283482879818664
"[-0.0002215797545732449, -0.00021291522008454956, -0.0002002628757390289, -0.00020535439938614255, -0.00016686657255379043, -0.00011525131192570612, -6.174235808721363e-05, 5.700007123502065e-05, 0.00010218890485965379]",-0.009127425596078691,-0.8488505804353182,93.0,0.01914989376202913
"[-0.00022255110500904508, -0.0002215797545732449, -0.00021291522008454956, -0.00020405729004462607, -0.00017369750479846795, -0.00012305573135989485, -6.73007316461865e-05, 5.721020941260745e-05, 0.00010686084896869217]",-0.009127425596078691,-0.857978006031397,94.0,0.02596784552629546
"[-0.00022132547338883424, -0.00022255110500904508, -0.0002215797545732449, -0.0002002628757390289, -0.0001790057499503838, -0.00013302744331961227, -7.091473154444655e-05, 5.127724759424617e-05, 9.89741182764877e-05]",-0.009127425596078691,-0.8671054316274757,95.0,0.020355502530882794
"[-0.00022921201762896465, -0.00022132547338883424, -0.00022255110500904508, -0.00021291522008454956, -0.00018705586421263759, -0.0001449380401456316, -7.663292676944978e-05, 5.084801741701285e-05, 7.416168310066591e-05]",-0.009127425596078691,-0.8762328572235544,96.0,0.02635900855737666
"[-0.00022567446233841737, -0.00022921201762896465, -0.00022132547338883424, -0.0002215797545732449, -0.00020535439938614255, -0.00015222399714154107, -8.753776759722612e-05, 5.3795159394183964e-05, 5.387022064179077e-05]",-0.009127425596078691,-0.8853602828196331,97.0,0.03546162752791614
"[-0.00023126940724666457, -0.00022567446233841737, -0.00022921201762896465, -0.00022255110500904508, -0.00020405729004462607, -0.00015155437944725685, -8.976727553426632e-05, 5.411496860365263e-05, 4.816897279911302e-05]",-0.009127425596078691,-0.8944877084157118,98.0,0.04111687169381001
"[-0.00024135695558102715, -0.00023126940724666457, -0.00022567446233841737, -0.00022132547338883424, -0.0002002628757390289, -0.00015338395057679492, -8.605379035536119e-05, 5.810212583130704e-05, 5.139028626474297e-05]",-0.009127425596078691,-0.9036151340117905,99.0,0.04329297574615298
"[-0.0002490152472407794, -0.00024135695558102715, -0.00023126940724666457, -0.00022921201762896465, -0.00021291522008454956, -0.00016055030239384022, -9.918262942789514e-05, 5.628006105741181e-05, 5.888643982359295e-05]",-0.009127425596078691,-0.9127425596078691,100.0,0.05419228758670316
"[-0.0002532434845356033, -0.0002490152472407794, -0.00024135695558102715, -0.00022567446233841737, -0.0002215797545732449, -0.00016686657255379043, -9.804850529218348e-05, 4.869041735408544e-05, 6.0792895166665535e-05]",-0.009127425596078691,-0.9218699852039478,101.0,0.06168613687730019
"[-0.00026046705240659286, -0.0002532434845356033, -0.0002490152472407794, -0.00023126940724666457, -0.00022255110500904508, -0.00017369750479846795, -9.779584405314097e-05, 4.533151845018823e-05, 5.830993354432183e-05]",-0.009127425596078691,-0.9309974108000265,102.0,0.07553682819623164
"[-0.00026634823238606565, -0.00026046705240659286, -0.0002532434845356033, -0.00024135695558102715, -0.00022132547338883424, -0.0001790057499503838, -9.741487919275149e-05, 4.132997372062804e-05, 5.3414189024884396e-05]",-0.009127425596078691,-0.9401248363961052,103.0,0.12843233440244958
"[-0.0002734449190655559, -0.00026634823238606565, -0.00026046705240659286, -0.0002490152472407794, -0.00022921201762896465, -0.00018705586421263759, -0.00010873919699232312, 3.4258658414480444e-05, 5.341889664353212e-05]",-0.009127425596078691,-0.9492522619921839,104.0,0.19748065820877567
"[-0.00028888371967601803, -0.0002734449190655559, -0.00026634823238606565, -0.0002532434845356033, -0.00022567446233841737, -0.00020535439938614255, -0.00011719203178679944, 2.392783634545528e-05, 5.1700037669450434e-05]",-0.009127425596078691,-0.9583796875882626,105.0,0.22984560585636707
"[-0.0003050781008867439, -0.00028888371967601803, -0.0002734449190655559, -0.00026046705240659286, -0.00023126940724666457, -0.00020405729004462607, -0.00011253771570008546, 1.2613415629321193e-05, 6.434160148882993e-05]",-0.009127425596078691,-0.9675071131843412,106.0,0.22087023151498408
"[-0.0003148199821486487, -0.0003050781008867439, -0.00028888371967601803, -0.00026634823238606565, -0.00024135695558102715, -0.0002002628757390289, -0.00011438984204785854, 4.214678743587643e-06, 8.127977706965701e-05]",-0.009127425596078691,-0.97663453878042,107.0,0.3346033143241633
"[-0.00031756390329750655, -0.0003148199821486487, -0.0003050781008867439, -0.0002734449190655559, -0.0002490152472407794, -0.00021291522008454956, -0.00011599945859291112, -2.469027170830164e-06, 0.00010076460322591053]",-0.009127425596078691,-0.9857619643764987,108.0,0.4174950372557588
"[-0.0003293291234747413, -0.00031756390329750655, -0.0003148199821486487, -0.00028888371967601803, -0.0002532434845356033, -0.0002215797545732449, -0.00011525131192570612, -7.3885131540778725e-06, 0.00011532782589543337]",-0.009127425596078691,-0.9948893899725774,109.0,0.461050838334674
"[-0.00034014539015352107, -0.0003293291234747413, -0.00031756390329750655, -0.0003050781008867439, -0.00026046705240659286, -0.00022255110500904508, -0.00012305573135989485, -5.921224643403004e-06, 0.00011998990235411873]",-0.009127425596078691,-1.004016815568656,110.0,0.6139717624936138
"[-0.000347331803243604, -0.00034014539015352107, -0.0003293291234747413, -0.0003148199821486487, -0.00026634823238606565, -0.00022132547338883424, -0.00013302744331961227, -8.760735367505613e-06, 0.0001113952662332282]",-0.009127425596078691,-1.0131442411647347,111.0,0.5474300135611965
"[-0.0003606213946486022, -0.000347331803243604, -0.00034014539015352107, -0.00031756390329750655, -0.0002734449190655559, -0.00022921201762896465, -0.0001449380401456316, -1.2749448019804437e-05, 0.00010185856672060668]",-0.009127425596078691,-1.0222716667608134,112.0,0.6432090509388448
"[-0.00036126720564628366, -0.0003606213946486022, -0.000347331803243604, -0.0003293291234747413, -0.00028888371967601803, -0.00022567446233841737, -0.00015222399714154107, -2.0296694027444283e-05, 9.450163005407661e-05]",-0.009127425596078691,-1.031399092356892,113.0,0.6598559680012869
"[-0.0003680076328853601, -0.00036126720564628366, -0.0003606213946486022, -0.00034014539015352107, -0.0003050781008867439, -0.00023126940724666457, -0.00015155437944725685, -2.4111832652543255e-05, 8.947890454916181e-05]",-0.009127425596078691,-1.0405265179529708,114.0,0.7065807181047776
"[-0.0003718066539414533, -0.0003680076328853601, -0.00036126720564628366, -0.000347331803243604, -0.0003148199821486487, -0.00024135695558102715, -0.00015338395057679492, -4.0054945769220216e-05, 8.337814685278547e-05]",-0.009127425596078691,-1.0496539435490495,115.0,0.8814681013864238
"[-0.0003766317851675601, -0.0003718066539414533, -0.0003680076328853601, -0.0003606213946486022, -0.00031756390329750655, -0.0002490152472407794, -0.00016055030239384022, -5.326061629642886e-05, 7.323621166682655e-05]",-0.009127425596078691,-1.0587813691451282,116.0,0.9308075158739172
"[-0.00039563649470037094, -0.0003766317851675601, -0.0003718066539414533, -0.00036126720564628366, -0.0003293291234747413, -0.0002532434845356033, -0.00016686657255379043, -5.102216507119641e-05, 6.442159953274871e-05]",-0.009127425596078691,-1.067908794741207,117.0,0.957867766419317
"[-0.0004115177799693887, -0.00039563649470037094, -0.0003766317851675601, -0.0003680076328853601, -0.00034014539015352107, -0.00026046705240659286, -0.00017369750479846795, -5.808219493850588e-05, 4.9522780148333384e-05]",-0.009127425596078691,-1.0770362203372856,118.0,0.9752334204571353
"[-0.00042504900594302075, -0.0004115177799693887, -0.00039563649470037094, -0.0003718066539414533, -0.000347331803243604, -0.00026634823238606565, -0.0001790057499503838, -6.067750908789442e-05, 5.238059836412659e-05]",-0.009127425596078691,-1.0861636459333643,119.0,0.973789531170242
"[-0.00043776078664204863, -0.00042504900594302075, -0.0004115177799693887, -0.0003766317851675601, -0.0003606213946486022, -0.0002734449190655559, -0.00018705586421263759, -6.412534196191438e-05, 4.5018194775199606e-05]",-0.009127425596078691,-1.095291071529443,120.0,0.9873672813969949
"[-0.0004421522003675441, -0.00043776078664204863, -0.00042504900594302075, -0.00039563649470037094, -0.00036126720564628366, -0.00028888371967601803, -0.00020535439938614255, -6.332973412431641e-05, 2.5388975262464294e-05]",-0.009127425596078691,-1.1044184971255218,121.0,0.9918675804600533
"[-0.00045335979649167613, -0.0004421522003675441, -0.00043776078664204863, -0.0004115177799693887, -0.0003680076328853601, -0.0003050781008867439, -0.00020405729004462607, -6.479491602344589e-05, 2.1170811238736725e-05]",-0.009127425596078691,-1.1135459227216002,122.0,0.9952377587541825
"[-0.0004635482824795385, -0.00045335979649167613, -0.0004421522003675441, -0.00042504900594302075, -0.0003718066539414533, -0.0003148199821486487, -0.0002002628757390289, -6.546288036935048e-05, 2.4675793112707833e-05]",-0.009127425596078691,-1.122673348317679,123.0,0.9988128001121964
"[-0.00047425162347323465, -0.0004635482824795385, -0.00045335979649167613, -0.00043776078664204863, -0.0003766317851675601, -0.00031756390329750655, -0.00021291522008454956, -6.663902352827819e-05, 2.4914561643388487e-05]",-0.009127425596078691,-1.1318007739137577,124.0,0.9993582396149486
"[-0.0004949332513147637, -0.00047425162347323465, -0.0004635482824795385, -0.0004421522003675441, -0.00039563649470037094, -0.0003293291234747413, -0.0002215797545732449, -6.174235808721363e-05, 2.1582992119631333e-05]",-0.009127425596078691,-1.1409281995098364,125.0,0.9996536905893255
"[-0.0005101518943491543, -0.0004949332513147637, -0.00047425162347323465, -0.00045335979649167613, -0.0004115177799693887, -0.00034014539015352107, -0.00022255110500904508, -6.73007316461865e-05, 1.8138841448365322e-05]",-0.009127425596078691,-1.150055625105915,126.0,0.9998651327662205
"[-0.0005230554969919542, -0.0005101518943491543, -0.0004949332513147637, -0.0004635482824795385, -0.00042504900594302075, -0.000347331803243604, -0.00022132547338883424, -7.091473154444655e-05, 1.659467111169992e-05]",-0.009127425596078691,-1.1591830507019938,127.0,0.9999463850478272
"[-0.00053828789660206, -0.0005230554969919542, -0.0005101518943491543, -0.00047425162347323465, -0.00043776078664204863, -0.0003606213946486022, -0.00022921201762896465, -7.663292676944978e-05, 7.061202732943967e-06]",-0.009127425596078691,-1.1683104762980725,128.0,0.9999817444186798
"[-0.000554162834997489, -0.00053828789660206, -0.0005230554969919542, -0.0004949332513147637, -0.0004421522003675441, -0.00036126720564628366, -0.00022567446233841737, -8.753776759722612e-05, 1.1471097436735672e-06]",-0.009127425596078691,-1.1774379018941512,129.0,0.9999915921289174
"[-0.0005715920672650836, -0.000554162834997489, -0.00053828789660206, -0.0005101518943491543, -0.00045335979649167613, -0.0003680076328853601, -0.00023126940724666457, -8.976727553426632e-05, 9.18624278969428e-06]",-0.009127425596078691,-1.18656532749023,130.0,0.9999971976494747
"[-0.0005864097463636365, -0.0005715920672650836, -0.000554162834997489, -0.0005230554969919542, -0.0004635482824795385, -0.0003718066539414533, -0.00024135695558102715, -8.605379035536119e-05, 1.1560453791859391e-05]",-0.009127425596078691,-1.1956927530863086,131.0,0.9999984880901587
"[-0.0006030210395794751, -0.0005864097463636365, -0.0005715920672650836, -0.00053828789660206, -0.00047425162347323465, -0.0003766317851675601, -0.0002490152472407794, -9.918262942789514e-05, 1.188218136148345e-05]",-0.009127425596078691,-1.2048201786823873,132.0,0.9999991751609019
"[-0.000615426239472977, -0.0006030210395794751, -0.0005864097463636365, -0.000554162834997489, -0.0004949332513147637, -0.00039563649470037094, -0.0002532434845356033, -9.804850529218348e-05, 1.7048977877143077e-05]",-0.009127425596078691,-1.213947604278466,133.0,0.9999994200927541
"[-0.0006260011241481396, -0.000615426239472977, -0.0006030210395794751, -0.0005715920672650836, -0.0005101518943491543, -0.0004115177799693887, -0.00026046705240659286, -9.779584405314097e-05, 2.1116006718376316e-05]",-0.009127425596078691,-1.2230750298745448,134.0,0.9999989358989569
"[-0.0006334605238907665, -0.0006260011241481396, -0.000615426239472977, -0.0005864097463636365, -0.0005230554969919542, -0.00042504900594302075, -0.00026634823238606565, -9.741487919275149e-05, 1.6982328293674093e-05]",-0.009127425596078691,-1.2322024554706232,135.0,0.9999993940674361
"[-0.0006309628687092792, -0.0006334605238907665, -0.0006260011241481396, -0.0006030210395794751, -0.00053828789660206, -0.00043776078664204863, -0.0002734449190655559, -0.00010873919699232312, 9.175526982416309e-06]",-0.009127425596078691,-1.241329881066702,136.0,0.9999998841342417
"[-0.0006350870231672164, -0.0006309628687092792, -0.0006334605238907665, -0.000615426239472977, -0.000554162834997489, -0.0004421522003675441, -0.00028888371967601803, -0.00011719203178679944, 6.866593134719543e-06]",-0.009127425596078691,-1.2504573066627807,137.0,0.9999999499200585
"[-0.0006515140796108993, -0.0006350870231672164, -0.0006309628687092792, -0.0006260011241481396, -0.0005715920672650836, -0.00045335979649167613, -0.0003050781008867439, -0.00011253771570008546, 1.448993364654948e-05]",-0.009127425596078691,-1.2595847322588594,138.0,0.9999999778180713
"[-0.0006654112622447411, -0.0006515140796108993, -0.0006350870231672164, -0.0006334605238907665, -0.0005864097463636365, -0.0004635482824795385, -0.0003148199821486487, -0.00011438984204785854, 1.8104858933846823e-05]",-0.009127425596078691,-1.268712157854938,139.0,0.9999999974460765
"[-0.0006779029776507469, -0.0006654112622447411, -0.0006515140796108993, -0.0006309628687092792, -0.0006030210395794751, -0.00047425162347323465, -0.00031756390329750655, -0.00011599945859291112, 2.6470388570537822e-05]",-0.009127425596078691,-1.2778395834510168,140.0,0.9999999973075566
"[-0.0007008955606657025, -0.0006779029776507469, -0.0006654112622447411, -0.0006350870231672164, -0.000615426239472977, -0.0004949332513147637, -0.0003293291234747413, -0.00011525131192570612, 2.714364726172723e-05]",-0.009127425596078691,-1.2869670090470955,141.0,0.9999999998080293
"[-0.0007095487547190908, -0.0007008955606657025, -0.0006779029776507469, -0.0006515140796108993, -0.0006260011241481396, -0.0005101518943491543, -0.00034014539015352107, -0.00012305573135989485, 3.456774768538613e-05]",-0.009127425596078691,-1.2960944346431742,142.0,0.999999999971548
"[-0.0007340848552764716, -0.0007095487547190908, -0.0007008955606657025, -0.0006654112622447411, -0.0006334605238907665, -0.0005230554969919542, -0.000347331803243604, -0.00013302744331961227, 2.2202515996906676e-05]",-0.009127425596078691,-1.305221860239253,143.0,0.9999999998887246
"[-0.0007585230019314153, -0.0007340848552764716, -0.0007095487547190908, -0.0006779029776507469, -0.0006309628687092792, -0.00053828789660206, -0.0003606213946486022, -0.0001449380401456316, 2.5300936878421253e-05]",-0.009127425596078691,-1.3143492858353316,144.0,0.999999999818248
"[-0.0007878104232448093, -0.0007585230019314153, -0.0007340848552764716, -0.0007008955606657025, -0.0006350870231672164, -0.000554162834997489, -0.00036126720564628366, -0.00015222399714154107, 2.8838192294816735e-05]",-0.009127425596078691,-1.3234767114314103,145.0,0.9999999982082127
"[-0.0008177455837721108, -0.0007878104232448093, -0.0007585230019314153, -0.0007095487547190908, -0.0006515140796108993, -0.0005715920672650836, -0.0003680076328853601, -0.00015155437944725685, 2.2267309319926832e-05]",-0.009127425596078691,-1.332604137027489,146.0,0.999999999819028
"[-0.0008510470680739648, -0.0008177455837721108, -0.0007878104232448093, -0.0007340848552764716, -0.0006654112622447411, -0.0005864097463636365, -0.0003718066539414533, -0.00015338395057679492, 2.253670639996738e-05]",-0.009127425596078691,-1.3417315626235677,147.0,0.99999999999421
"[-0.000878327959253631, -0.0008510470680739648, -0.0008177455837721108, -0.0007585230019314153, -0.0006779029776507469, -0.0006030210395794751, -0.0003766317851675601, -0.00016055030239384022, 1.2828173438842367e-05]",-0.009127425596078691,-1.3508589882196462,148.0,0.9999999999983805
"[-0.0008929783101868235, -0.000878327959253631, -0.0008510470680739648, -0.0007878104232448093, -0.0007008955606657025, -0.000615426239472977, -0.00039563649470037094, -0.00016686657255379043, 1.155224668867392e-05]",-0.009127425596078691,-1.359986413815725,149.0,0.9999999999920929
"[-0.0009009520704048402, -0.0008929783101868235, -0.000878327959253631, -0.0008177455837721108, -0.0007095487547190908, -0.0006260011241481396, -0.0004115177799693887, -0.00017369750479846795, 1.2741717863947162e-05]",-0.009127425596078691,-1.3691138394118036,150.0,0.9999999999993923
"[-0.0009155339488410285, -0.0009009520704048402, -0.0008929783101868235, -0.0008510470680739648, -0.0007340848552764716, -0.0006334605238907665, -0.00042504900594302075, -0.0001790057499503838, 1.4418557311037082e-05]",-0.009127425596078691,-1.3782412650078824,151.0,0.9999999999981224
"[-0.0009209760039453941, -0.0009155339488410285, -0.0009009520704048402, -0.000878327959253631, -0.0007585230019314153, -0.0006309628687092792, -0.00043776078664204863, -0.00018705586421263759, 2.0007746228191073e-05]",-0.009127425596078691,-1.387368690603961,152.0,0.9999999999957208
"[-0.0009345106010050706, -0.0009209760039453941, -0.0009155339488410285, -0.0008929783101868235, -0.0007878104232448093, -0.0006350870231672164, -0.0004421522003675441, -0.00020535439938614255, 3.6638886847658905e-05]",-0.009127425596078691,-1.3964961162000398,153.0,0.9999999999805065
"[-0.0009517737166008309, -0.0009345106010050706, -0.0009209760039453941, -0.0009009520704048402, -0.0008177455837721108, -0.0006515140796108993, -0.00045335979649167613, -0.00020405729004462607, 4.6917504642892854e-05]",-0.009127425596078691,-1.4056235417961185,154.0,0.9999999999988455
"[-0.0009742510452139339, -0.0009517737166008309, -0.0009345106010050706, -0.0009155339488410285, -0.0008510470680739648, -0.0006654112622447411, -0.0004635482824795385, -0.0002002628757390289, 5.531809877759898e-05]",-0.009127425596078691,-1.4147509673921972,155.0,0.99999999999277
"[-0.0009847225315043296, -0.0009742510452139339, -0.0009517737166008309, -0.0009209760039453941, -0.000878327959253631, -0.0006779029776507469, -0.00047425162347323465, -0.00021291522008454956, 5.787550168455542e-05]",-0.009127425596078691,-1.423878392988276,156.0,0.9999999999845299
"[-0.0010005934066095149, -0.0009847225315043296, -0.0009742510452139339, -0.0009345106010050706, -0.0008929783101868235, -0.0007008955606657025, -0.0004949332513147637, -0.0002215797545732449, 5.700007123502065e-05]",-0.009127425596078691,-1.4330058185843546,157.0,0.9999999999992317
"[-0.0010209421770219212, -0.0010005934066095149, -0.0009847225315043296, -0.0009517737166008309, -0.0009009520704048402, -0.0007095487547190908, -0.0005101518943491543, -0.00022255110500904508, 5.721020941260745e-05]",-0.009127425596078691,-1.4421332441804333,158.0,0.9999999999997878
"[-0.0010282697951387438, -0.0010209421770219212, -0.0010005934066095149, -0.0009742510452139339, -0.0009155339488410285, -0.0007340848552764716, -0.0005230554969919542, -0.00022132547338883424, 5.127724759424617e-05]",-0.009127425596078691,-1.451260669776512,159.0,0.9999999999997922
"[-0.0010231050415085883, -0.0010282697951387438, -0.0010209421770219212, -0.0009847225315043296, -0.0009209760039453941, -0.0007585230019314153, -0.00053828789660206, -0.00022921201762896465, 5.084801741701285e-05]",-0.009127425596078691,-1.4603880953725907,160.0,0.9999999999997392
"[-0.0010178751511038054, -0.0010231050415085883, -0.0010282697951387438, -0.0010005934066095149, -0.0009345106010050706, -0.0007878104232448093, -0.000554162834997489, -0.00022567446233841737, 5.3795159394183964e-05]",-0.009127425596078691,-1.4695155209686692,161.0,0.9999999999997664
"[-0.0010166775508425728, -0.0010178751511038054, -0.0010231050415085883, -0.0010209421770219212, -0.0009517737166008309, -0.0008177455837721108, -0.0005715920672650836, -0.00023126940724666457, 5.411496860365263e-05]",-0.009127425596078691,-1.478642946564748,162.0,0.9999999999998205
"[-0.0010022356344395462, -0.0010166775508425728, -0.0010178751511038054, -0.0010282697951387438, -0.0009742510452139339, -0.0008510470680739648, -0.0005864097463636365, -0.00024135695558102715, 5.810212583130704e-05]",-0.009127425596078691,-1.4877703721608266,163.0,0.999999999999802
"[-0.0009949500979497953, -0.0010022356344395462, -0.0010166775508425728, -0.0010231050415085883, -0.0009847225315043296, -0.000878327959253631, -0.0006030210395794751, -0.0002490152472407794, 5.628006105741181e-05]",-0.009127425596078691,-1.4968977977569053,164.0,0.9999999999997783
"[-0.000990506072786738, -0.0009949500979497953, -0.0010022356344395462, -0.0010178751511038054, -0.0010005934066095149, -0.0008929783101868235, -0.000615426239472977, -0.0002532434845356033, 4.869041735408544e-05]",-0.009127425596078691,-1.506025223352984,165.0,0.9999999999994337
"[-0.0009889208032168304, -0.000990506072786738, -0.0009949500979497953, -0.0010166775508425728, -0.0010209421770219212, -0.0009009520704048402, -0.0006260011241481396, -0.00026046705240659286, 4.533151845018823e-05]",-0.009127425596078691,-1.5151526489490628,166.0,0.9999999999996388
"[-0.0009959076091747977, -0.0009889208032168304, -0.000990506072786738, -0.0010022356344395462, -0.0010282697951387438, -0.0009155339488410285, -0.0006334605238907665, -0.00026634823238606565, 4.132997372062804e-05]",-0.009127425596078691,-1.5242800745451415,167.0,0.9999999999998326
"[-0.0010001316542473855, -0.0009959076091747977, -0.0009889208032168304, -0.0009949500979497953, -0.0010231050415085883, -0.0009209760039453941, -0.0006309628687092792, -0.0002734449190655559, 3.4258658414480444e-05]",-0.009127425596078691,-1.5334075001412202,168.0,0.9999999999997563
"[-0.0009938898936720398, -0.0010001316542473855, -0.0009959076091747977, -0.000990506072786738, -0.0010178751511038054, -0.0009345106010050706, -0.0006350870231672164, -0.00028888371967601803, 2.392783634545528e-05]",-0.009127425596078691,-1.542534925737299,169.0,0.9999999999995322
"[-0.0009952580957524391, -0.0009938898936720398, -0.0010001316542473855, -0.0009889208032168304, -0.0010166775508425728, -0.0009517737166008309, -0.0006515140796108993, -0.0003050781008867439, 1.2613415629321193e-05]",-0.009127425596078691,-1.5516623513333776,170.0,0.9999999999989392
"[-0.0010019711534856486, -0.0009952580957524391, -0.0009938898936720398, -0.0009959076091747977, -0.0010022356344395462, -0.0009742510452139339, -0.0006654112622447411, -0.0003148199821486487, 4.214678743587643e-06]",-0.009127425596078691,-1.5607897769294563,171.0,0.999999999999825
"[-0.0010141698386657008, -0.0010019711534856486, -0.0009952580957524391, -0.0010001316542473855, -0.0009949500979497953, -0.0009847225315043296, -0.0006779029776507469, -0.00031756390329750655, -2.469027170830164e-06]",-0.009127425596078691,-1.569917202525535,172.0,0.9999999999997322
"[-0.0010117068472055989, -0.0010141698386657008, -0.0010019711534856486, -0.0009938898936720398, -0.000990506072786738, -0.0010005934066095149, -0.0007008955606657025, -0.0003293291234747413, -7.3885131540778725e-06]",-0.009127425596078691,-1.5790446281216135,173.0,0.999999999999322
"[-0.0010158504679533735, -0.0010117068472055989, -0.0010141698386657008, -0.0009952580957524391, -0.0009889208032168304, -0.0010209421770219212, -0.0007095487547190908, -0.00034014539015352107, -5.921224643403004e-06]",-0.009127425596078691,-1.5881720537176922,174.0,0.9999999999998406
"[-0.0010265922911687857, -0.0010158504679533735, -0.0010117068472055989, -0.0010019711534856486, -0.0009959076091747977, -0.0010282697951387438, -0.0007340848552764716, -0.000347331803243604, -8.760735367505613e-06]",-0.009127425596078691,-1.597299479313771,175.0,0.9999999999997817
"[-0.001019014700639537, -0.0010265922911687857, -0.0010158504679533735, -0.0010141698386657008, -0.0010001316542473855, -0.0010231050415085883, -0.0007585230019314153, -0.0003606213946486022, -1.2749448019804437e-05]",-0.009127425596078691,-1.6064269049098496,176.0,0.9999999999991454
"[-0.0010205555249453, -0.001019014700639537, -0.0010265922911687857, -0.0010117068472055989, -0.0009938898936720398, -0.0010178751511038054, -0.0007878104232448093, -0.00036126720564628366, -2.0296694027444283e-05]",-0.009127425596078691,-1.6155543305059283,177.0,0.9999999999995421
"[-0.001032047918216017, -0.0010205555249453, -0.001019014700639537, -0.0010158504679533735, -0.0009952580957524391, -0.0010166775508425728, -0.0008177455837721108, -0.0003680076328853601, -2.4111832652543255e-05]",-0.009127425596078691,-1.624681756102007,178.0,0.9999999999975611
"[-0.0010373019200662326, -0.001032047918216017, -0.0010205555249453, -0.0010265922911687857, -0.0010019711534856486, -0.0010022356344395462, -0.0008510470680739648, -0.0003718066539414533, -4.0054945769220216e-05]",-0.009127425596078691,-1.6338091816980858,179.0,0.999999999998414
"[-0.001047662396270184, -0.0010373019200662326, -0.001032047918216017, -0.001019014700639537, -0.0010141698386657008, -0.0009949500979497953, -0.000878327959253631, -0.0003766317851675601, -5.326061629642886e-05]",-0.009127425596078691,-1.6429366072941645,180.0,0.9999999999991276
"[-0.0010543343382425378, -0.001047662396270184, -0.0010373019200662326, -0.0010205555249453, -0.0010117068472055989, -0.000990506072786738, -0.0008929783101868235, -0.00039563649470037094, -5.102216507119641e-05]",-0.009127425596078691,-1.6520640328902432,181.0,0.9999999999988806
"[-0.0010582177539989186, -0.0010543343382425378, -0.001047662396270184, -0.001032047918216017, -0.0010158504679533735, -0.0009889208032168304, -0.0009009520704048402, -0.0004115177799693887, -5.808219493850588e-05]",-0.009127425596078691,-1.6611914584863219,182.0,0.9999999999995917
"[-0.0010637189490530228, -0.0010582177539989186, -0.0010543343382425378, -0.0010373019200662326, -0.0010265922911687857, -0.0009959076091747977, -0.0009155339488410285, -0.00042504900594302075, -6.067750908789442e-05]",-0.009127425596078691,-1.6703188840824006,183.0,0.9999999999997647
"[-0.0010641739300345117, -0.0010637189490530228, -0.0010582177539989186, -0.001047662396270184, -0.001019014700639537, -0.0010001316542473855, -0.0009209760039453941, -0.00043776078664204863, -6.412534196191438e-05]",-0.009127425596078691,-1.6794463096784793,184.0,0.9999999999997301
"[-0.0010593818298807731, -0.0010641739300345117, -0.0010637189490530228, -0.0010543343382425378, -0.0010205555249453, -0.0009938898936720398, -0.0009345106010050706, -0.0004421522003675441, -6.332973412431641e-05]",-0.009127425596078691,-1.688573735274558,185.0,0.9999999999992891
"[-0.0010549100805522704, -0.0010593818298807731, -0.0010641739300345117, -0.0010582177539989186, -0.001032047918216017, -0.0009952580957524391, -0.0009517737166008309, -0.00045335979649167613, -6.479491602344589e-05]",-0.009127425596078691,-1.6977011608706365,186.0,0.9999999999996394
"[-0.0010569988019864306, -0.0010549100805522704, -0.0010593818298807731, -0.0010637189490530228, -0.0010373019200662326, -0.0010019711534856486, -0.0009742510452139339, -0.0004635482824795385, -6.546288036935048e-05]",-0.009127425596078691,-1.7068285864667152,187.0,0.9999999999997718
"[-0.0010535136866323624, -0.0010569988019864306, -0.0010549100805522704, -0.0010641739300345117, -0.001047662396270184, -0.0010141698386657008, -0.0009847225315043296, -0.00047425162347323465, -6.663902352827819e-05]",-0.009127425596078691,-1.715956012062794,188.0,0.9999999999997755
"[-0.0010443061871713629, -0.0010535136866323624, -0.0010569988019864306, -0.0010593818298807731, -0.0010543343382425378, -0.0010117068472055989, -0.0010005934066095149, -0.0004949332513147637, -6.174235808721363e-05]",-0.009127425596078691,-1.7250834376588726,189.0,0.9999999999997932
"[-0.0010386263238952695, -0.0010443061871713629, -0.0010535136866323624, -0.0010549100805522704, -0.0010582177539989186, -0.0010158504679533735, -0.0010209421770219212, -0.0005101518943491543, -6.73007316461865e-05]",-0.009127425596078691,-1.7342108632549513,190.0,0.9999999999996834
"[-0.0010278505534160906, -0.0010386263238952695, -0.0010443061871713629, -0.0010569988019864306, -0.0010637189490530228, -0.0010265922911687857, -0.0010282697951387438, -0.0005230554969919542, -7.091473154444655e-05]",-0.009127425596078691,-1.74333828885103,191.0,0.9999999999990831
"[-0.0010257990907986507, -0.0010278505534160906, -0.0010386263238952695, -0.0010535136866323624, -0.0010641739300345117, -0.001019014700639537, -0.0010231050415085883, -0.00053828789660206, -7.663292676944978e-05]",-0.009127425596078691,-1.7524657144471087,192.0,0.9999999999992155
"[-0.001030785292012746, -0.0010257990907986507, -0.0010278505534160906, -0.0010443061871713629, -0.0010593818298807731, -0.0010205555249453, -0.0010178751511038054, -0.000554162834997489, -8.753776759722612e-05]",-0.009127425596078691,-1.7615931400431875,193.0,0.9999999999857669
"[-0.001035436808086962, -0.001030785292012746, -0.0010257990907986507, -0.0010386263238952695, -0.0010549100805522704, -0.001032047918216017, -0.0010166775508425728, -0.0005715920672650836, -8.976727553426632e-05]",-0.009127425596078691,-1.7707205656392662,194.0,0.9999999999977768
"[-0.0010510527659245079, -0.001035436808086962, -0.001030785292012746, -0.0010278505534160906, -0.0010569988019864306, -0.0010373019200662326, -0.0010022356344395462, -0.0005864097463636365, -8.605379035536119e-05]",-0.009127425596078691,-1.7798479912353449,195.0,0.9999999999985181
"[-0.0010608570498355093, -0.0010510527659245079, -0.001035436808086962, -0.0010257990907986507, -0.0010535136866323624, -0.001047662396270184, -0.0009949500979497953, -0.0006030210395794751, -9.918262942789514e-05]",-0.009127425596078691,-1.7889754168314236,196.0,0.999999999957628
"[-0.0010677713742226213, -0.0010608570498355093, -0.0010510527659245079, -0.001030785292012746, -0.0010443061871713629, -0.0010543343382425378, -0.000990506072786738, -0.000615426239472977, -9.804850529218348e-05]",-0.009127425596078691,-1.7981028424275023,197.0,0.9999999998336824
"[-0.001084830789833489, -0.0010677713742226213, -0.0010608570498355093, -0.001035436808086962, -0.0010386263238952695, -0.0010582177539989186, -0.0009889208032168304, -0.0006260011241481396, -9.779584405314097e-05]",-0.009127425596078691,-1.807230268023581,198.0,0.999999999992229
"[-0.0011053852007088369, -0.001084830789833489, -0.0010677713742226213, -0.0010510527659245079, -0.0010278505534160906, -0.0010637189490530228, -0.0009959076091747977, -0.0006334605238907665, -9.741487919275149e-05]",-0.009127425596078691,-1.8163576936196595,199.0,0.9999999999994216
"[-0.0011193626441871607, -0.0011053852007088369, -0.001084830789833489, -0.0010608570498355093, -0.0010257990907986507, -0.0010641739300345117, -0.0010001316542473855, -0.0006309628687092792, -0.00010873919699232312]",-0.009127425596078691,-1.8254851192157382,200.0,0.9999999999997319
"[-0.0011211565651785059, -0.0011193626441871607, -0.0011053852007088369, -0.0010677713742226213, -0.001030785292012746, -0.0010593818298807731, -0.0009938898936720398, -0.0006350870231672164, -0.00011719203178679944]",-0.009127425596078691,-1.834612544811817,201.0,0.9999999999997633
"[-0.001116422240864298, -0.0011211565651785059, -0.0011193626441871607, -0.001084830789833489, -0.001035436808086962, -0.0010549100805522704, -0.0009952580957524391, -0.0006515140796108993, -0.00011253771570008546]",-0.009127425596078691,-1.8437399704078956,202.0,0.9999999999995413
"[-0.0011101178184436172, -0.001116422240864298, -0.0011211565651785059, -0.0011053852007088369, -0.0010510527659245079, -0.0010569988019864306, -0.0010019711534856486, -0.0006654112622447411, -0.00011438984204785854]",-0.009127425596078691,-1.8528673960039743,203.0,0.9999999999986694
"[-0.0011125102172813003, -0.0011101178184436172, -0.001116422240864298, -0.0011193626441871607, -0.0010608570498355093, -0.0010535136866323624, -0.0010141698386657008, -0.0006779029776507469, -0.00011599945859291112]",-0.009127425596078691,-1.861994821600053,204.0,0.9999999999989501
"[-0.0011214291104667113, -0.0011125102172813003, -0.0011101178184436172, -0.0011211565651785059, -0.0010677713742226213, -0.0010443061871713629, -0.0010117068472055989, -0.0007008955606657025, -0.00011525131192570612]",-0.009127425596078691,-1.8711222471961317,205.0,0.9999999999991341
"[-0.00112872946830363, -0.0011214291104667113, -0.0011125102172813003, -0.001116422240864298, -0.001084830789833489, -0.0010386263238952695, -0.0010158504679533735, -0.0007095487547190908, -0.00012305573135989485]",-0.009127425596078691,-1.8802496727922104,206.0,0.9999999999934739
"[-0.0011362188089367056, -0.00112872946830363, -0.0011214291104667113, -0.0011101178184436172, -0.0011053852007088369, -0.0010278505534160906, -0.0010265922911687857, -0.0007340848552764716, -0.00013302744331961227]",-0.009127425596078691,-1.8893770983882892,207.0,0.9999999999994094
"[-0.0011540796899723706, -0.0011362188089367056, -0.00112872946830363, -0.0011125102172813003, -0.0011193626441871607, -0.0010257990907986507, -0.001019014700639537, -0.0007585230019314153, -0.0001449380401456316]",-0.009127425596078691,-1.8985045239843679,208.0,0.9999999999995262
"[-0.0011599629380078418, -0.0011540796899723706, -0.0011362188089367056, -0.0011214291104667113, -0.0011211565651785059, -0.001030785292012746, -0.0010205555249453, -0.0007878104232448093, -0.00015222399714154107]",-0.009127425596078691,-1.9076319495804466,209.0,0.9999999999986156
"[-0.0011616796028093425, -0.0011599629380078418, -0.0011540796899723706, -0.00112872946830363, -0.001116422240864298, -0.001035436808086962, -0.001032047918216017, -0.0008177455837721108, -0.00015155437944725685]",-0.009127425596078691,-1.9167593751765253,210.0,0.9999999999984195
"[-0.0011680120289735733, -0.0011616796028093425, -0.0011599629380078418, -0.0011362188089367056, -0.0011101178184436172, -0.0010510527659245079, -0.0010373019200662326, -0.0008510470680739648, -0.00015338395057679492]",-0.009127425596078691,-1.925886800772604,211.0,0.9999999999995497
"[-0.0011740467003996337, -0.0011680120289735733, -0.0011616796028093425, -0.0011540796899723706, -0.0011125102172813003, -0.0010608570498355093, -0.001047662396270184, -0.000878327959253631, -0.00016055030239384022]",-0.009127425596078691,-1.9350142263686825,212.0,0.9999999999995625
"[-0.001176152156896976, -0.0011740467003996337, -0.0011680120289735733, -0.0011599629380078418, -0.0011214291104667113, -0.0010677713742226213, -0.0010543343382425378, -0.0008929783101868235, -0.00016686657255379043]",-0.009127425596078691,-1.9441416519647612,213.0,0.9999999999998361
"[-0.0011812310055905096, -0.001176152156896976, -0.0011740467003996337, -0.0011616796028093425, -0.00112872946830363, -0.001084830789833489, -0.0010582177539989186, -0.0009009520704048402, -0.00017369750479846795]",-0.009127425596078691,-1.95326907756084,214.0,0.9999999999998206
"[-0.0011739049508233932, -0.0011812310055905096, -0.001176152156896976, -0.0011680120289735733, -0.0011362188089367056, -0.0011053852007088369, -0.0010637189490530228, -0.0009155339488410285, -0.0001790057499503838]",-0.009127425596078691,-1.9623965031569186,215.0,0.999999999999497
"[-0.0011616197196846892, -0.0011739049508233932, -0.0011812310055905096, -0.0011740467003996337, -0.0011540796899723706, -0.0011193626441871607, -0.0010641739300345117, -0.0009209760039453941, -0.00018705586421263759]",-0.009127425596078691,-1.9715239287529973,216.0,0.9999999999997593
"[-0.0011655517362913752, -0.0011616197196846892, -0.0011739049508233932, -0.001176152156896976, -0.0011599629380078418, -0.0011211565651785059, -0.0010593818298807731, -0.0009345106010050706, -0.00020535439938614255]",-0.009127425596078691,-1.980651354349076,217.0,0.9999999999998199
"[-0.0011639316876925264, -0.0011655517362913752, -0.0011616197196846892, -0.0011812310055905096, -0.0011616796028093425, -0.001116422240864298, -0.0010549100805522704, -0.0009517737166008309, -0.00020405729004462607]",-0.009127425596078691,-1.9897787799451547,218.0,0.9999999999998084
"[-0.0011573650545491942, -0.0011639316876925264, -0.0011655517362913752, -0.0011739049508233932, -0.0011680120289735733, -0.0011101178184436172, -0.0010569988019864306, -0.0009742510452139339, -0.0002002628757390289]",-0.009127425596078691,-1.9989062055412334,219.0,0.9999999999996891
"[-0.0011521250693653775, -0.0011573650545491942, -0.0011639316876925264, -0.0011616197196846892, -0.0011740467003996337, -0.0011125102172813003, -0.0010535136866323624, -0.0009847225315043296, -0.00021291522008454956]",-0.009127425596078691,-2.008033631137312,220.0,0.9999999999995415
"[-0.0011523685223051362, -0.0011521250693653775, -0.0011573650545491942, -0.0011655517362913752, -0.001176152156896976, -0.0011214291104667113, -0.0010443061871713629, -0.0010005934066095149, -0.0002215797545732449]",-0.009127425596078691,-2.0171610567333906,221.0,0.999999999998903
"[-0.0011531491654036565, -0.0011523685223051362, -0.0011521250693653775, -0.0011639316876925264, -0.0011812310055905096, -0.00112872946830363, -0.0010386263238952695, -0.0010209421770219212, -0.00022255110500904508]",-0.009127425596078691,-2.0262884823294693,222.0,0.9999999999984036
"[-0.0011585745963521403, -0.0011531491654036565, -0.0011523685223051362, -0.0011573650545491942, -0.0011739049508233932, -0.0011362188089367056, -0.0010278505534160906, -0.0010282697951387438, -0.00022132547338883424]",-0.009127425596078691,-2.035415907925548,223.0,0.9999999999995407
"[-0.0011637426902511544, -0.0011585745963521403, -0.0011531491654036565, -0.0011521250693653775, -0.0011616197196846892, -0.0011540796899723706, -0.0010257990907986507, -0.0010231050415085883, -0.00022921201762896465]",-0.009127425596078691,-2.0445433335216268,224.0,0.9999999999995237
"[-0.0011631209907786372, -0.0011637426902511544, -0.0011585745963521403, -0.0011523685223051362, -0.0011655517362913752, -0.0011599629380078418, -0.001030785292012746, -0.0010178751511038054, -0.00022567446233841737]",-0.009127425596078691,-2.0536707591177055,225.0,0.9999999999993062
"[-0.0011652411588248847, -0.0011631209907786372, -0.0011637426902511544, -0.0011531491654036565, -0.0011639316876925264, -0.0011616796028093425, -0.001035436808086962, -0.0010166775508425728, -0.00023126940724666457]",-0.009127425596078691,-2.062798184713784,226.0,0.9999999999997945
"[-0.001170561186645831, -0.0011652411588248847, -0.0011631209907786372, -0.0011585745963521403, -0.0011573650545491942, -0.0011680120289735733, -0.0010510527659245079, -0.0010022356344395462, -0.00024135695558102715]",-0.009127425596078691,-2.071925610309863,227.0,0.9999999999991571
"[-0.0011665124035913081, -0.001170561186645831, -0.0011652411588248847, -0.0011637426902511544, -0.0011521250693653775, -0.0011740467003996337, -0.0010608570498355093, -0.0009949500979497953, -0.0002490152472407794]",-0.009127425596078691,-2.0810530359059416,228.0,0.9999999999988899
"[-0.001175012527579388, -0.0011665124035913081, -0.001170561186645831, -0.0011631209907786372, -0.0011523685223051362, -0.001176152156896976, -0.0010677713742226213, -0.000990506072786738, -0.0002532434845356033]",-0.009127425596078691,-2.0901804615020203,229.0,0.9999999999984386
"[-0.0011799321774504997, -0.001175012527579388, -0.0011665124035913081, -0.0011652411588248847, -0.0011531491654036565, -0.0011812310055905096, -0.001084830789833489, -0.0009889208032168304, -0.00026046705240659286]",-0.009127425596078691,-2.099307887098099,230.0,0.9999999999979934
"[-0.0011830630834276084, -0.0011799321774504997, -0.001175012527579388, -0.001170561186645831, -0.0011585745963521403, -0.0011739049508233932, -0.0011053852007088369, -0.0009959076091747977, -0.00026634823238606565]",-0.009127425596078691,-2.1084353126941777,231.0,0.9999999999906475
"[-0.0011901527653103018, -0.0011830630834276084, -0.0011799321774504997, -0.0011665124035913081, -0.0011637426902511544, -0.0011616197196846892, -0.0011193626441871607, -0.0010001316542473855, -0.0002734449190655559]",-0.009127425596078691,-2.1175627382902564,232.0,0.9999999999859188
"[-0.001202886362081498, -0.0011901527653103018, -0.0011830630834276084, -0.001175012527579388, -0.0011631209907786372, -0.0011655517362913752, -0.0011211565651785059, -0.0009938898936720398, -0.00028888371967601803]",-0.009127425596078691,-2.126690163886335,233.0,0.9999999999912221
"[-0.0012157071689511106, -0.001202886362081498, -0.0011901527653103018, -0.0011799321774504997, -0.0011652411588248847, -0.0011639316876925264, -0.001116422240864298, -0.0009952580957524391, -0.0003050781008867439]",-0.009127425596078691,-2.135817589482414,234.0,0.9999999999834964
"[-0.0012299665168993988, -0.0012157071689511106, -0.001202886362081498, -0.0011830630834276084, -0.001170561186645831, -0.0011573650545491942, -0.0011101178184436172, -0.0010019711534856486, -0.0003148199821486487]",-0.009127425596078691,-2.1449450150784926,235.0,0.9999999999926285
"[-0.0012460786327368751, -0.0012299665168993988, -0.0012157071689511106, -0.0011901527653103018, -0.0011665124035913081, -0.0011521250693653775, -0.0011125102172813003, -0.0010141698386657008, -0.00031756390329750655]",-0.009127425596078691,-2.1540724406745713,236.0,0.9999999999879435
"[-0.0012580451149684984, -0.0012460786327368751, -0.0012299665168993988, -0.001202886362081498, -0.001175012527579388, -0.0011523685223051362, -0.0011214291104667113, -0.0010117068472055989, -0.0003293291234747413]",-0.009127425596078691,-2.16319986627065,237.0,0.9999999999921577
"[-0.001269767196877481, -0.0012580451149684984, -0.0012460786327368751, -0.0012157071689511106, -0.0011799321774504997, -0.0011531491654036565, -0.00112872946830363, -0.0010158504679533735, -0.00034014539015352107]",-0.009127425596078691,-2.1723272918667287,238.0,0.9999999999990009
"[-0.0012796548069134005, -0.001269767196877481, -0.0012580451149684984, -0.0012299665168993988, -0.0011830630834276084, -0.0011585745963521403, -0.0011362188089367056, -0.0010265922911687857, -0.000347331803243604]",-0.009127425596078691,-2.1814547174628074,239.0,0.9999999999991177
"[-0.0012803343623399817, -0.0012796548069134005, -0.001269767196877481, -0.0012460786327368751, -0.0011901527653103018, -0.0011637426902511544, -0.0011540796899723706, -0.001019014700639537, -0.0003606213946486022]",-0.009127425596078691,-2.190582143058886,240.0,0.9999999999968022
"[-0.0012793872110630786, -0.0012803343623399817, -0.0012796548069134005, -0.0012580451149684984, -0.001202886362081498, -0.0011631209907786372, -0.0011599629380078418, -0.0010205555249453, -0.00036126720564628366]",-0.009127425596078691,-2.199709568654965,241.0,0.9999999999344883
"[-0.001283611759794405, -0.0012793872110630786, -0.0012803343623399817, -0.001269767196877481, -0.0012157071689511106, -0.0011652411588248847, -0.0011616796028093425, -0.001032047918216017, -0.0003680076328853601]",-0.009127425596078691,-2.2088369942510435,242.0,0.9999999999932698
"[-0.0012949791155794903, -0.001283611759794405, -0.0012793872110630786, -0.0012796548069134005, -0.0012299665168993988, -0.001170561186645831, -0.0011680120289735733, -0.0010373019200662326, -0.0003718066539414533]",-0.009127425596078691,-2.2179644198471222,243.0,0.9999999999450688
"[-0.001300883089801854, -0.0012949791155794903, -0.001283611759794405, -0.0012803343623399817, -0.0012460786327368751, -0.0011665124035913081, -0.0011740467003996337, -0.001047662396270184, -0.0003766317851675601]",-0.009127425596078691,-2.2270918454432005,244.0,0.9999999999811008
"[-0.001310992977140822, -0.001300883089801854, -0.0012949791155794903, -0.0012793872110630786, -0.0012580451149684984, -0.001175012527579388, -0.001176152156896976, -0.0010543343382425378, -0.00039563649470037094]",-0.009127425596078691,-2.236219271039279,245.0,0.9999999998021553
"[-0.0013200989069056153, -0.001310992977140822, -0.001300883089801854, -0.001283611759794405, -0.001269767196877481, -0.0011799321774504997, -0.0011812310055905096, -0.0010582177539989186, -0.0004115177799693887]",-0.009127425596078691,-2.245346696635358,246.0,0.999999999795432
"[-0.0013376740574190813, -0.0013200989069056153, -0.001310992977140822, -0.0012949791155794903, -0.0012796548069134005, -0.0011830630834276084, -0.0011739049508233932, -0.0010637189490530228, -0.00042504900594302075]",-0.009127425596078691,-2.2544741222314366,247.0,0.9999999999653169
"[-0.0013546569146835662, -0.0013376740574190813, -0.0013200989069056153, -0.001300883089801854, -0.0012803343623399817, -0.0011901527653103018, -0.0011616197196846892, -0.0010641739300345117, -0.00043776078664204863]",-0.009127425596078691,-2.2636015478275153,248.0,0.9999999997284381
"[-0.0013654979749947258, -0.0013546569146835662, -0.0013376740574190813, -0.001310992977140822, -0.0012793872110630786, -0.001202886362081498, -0.0011655517362913752, -0.0010593818298807731, -0.0004421522003675441]",-0.009127425596078691,-2.272728973423594,249.0,0.9999999985184901
"[-0.0013808519077814561, -0.0013654979749947258, -0.0013546569146835662, -0.0013200989069056153, -0.001283611759794405, -0.0012157071689511106, -0.0011639316876925264, -0.0010549100805522704, -0.00045335979649167613]",-0.009127425596078691,-2.2818563990196727,250.0,0.999999999943885
"[-0.0013987223761241854, -0.0013808519077814561, -0.0013654979749947258, -0.0013376740574190813, -0.0012949791155794903, -0.0012299665168993988, -0.0011573650545491942, -0.0010569988019864306, -0.0004635482824795385]",-0.009127425596078691,-2.2909838246157515,251.0,0.9999999999964987
"[-0.001409986323548234, -0.0013987223761241854, -0.0013808519077814561, -0.0013546569146835662, -0.001300883089801854, -0.0012460786327368751, -0.0011521250693653775, -0.0010535136866323624, -0.00047425162347323465]",-0.009127425596078691,-2.30011125021183,252.0,0.9999999999980391
"[-0.001410560239614079, -0.001409986323548234, -0.0013987223761241854, -0.0013654979749947258, -0.001310992977140822, -0.0012580451149684984, -0.0011523685223051362, -0.0010443061871713629, -0.0004949332513147637]",-0.009127425596078691,-2.309238675807909,253.0,0.9999999999902741
"[-0.0014106390839938585, -0.001410560239614079, -0.001409986323548234, -0.0013808519077814561, -0.0013200989069056153, -0.001269767196877481, -0.0011531491654036565, -0.0010386263238952695, -0.0005101518943491543]",-0.009127425596078691,-2.3183661014039876,254.0,0.9999999999942013
"[-0.0014204394053279295, -0.0014106390839938585, -0.001410560239614079, -0.0013987223761241854, -0.0013376740574190813, -0.0012796548069134005, -0.0011585745963521403, -0.0010278505534160906, -0.0005230554969919542]",-0.009127425596078691,-2.3274935270000663,255.0,0.9999999999854051
"[-0.0014271077908571904, -0.0014204394053279295, -0.0014106390839938585, -0.001409986323548234, -0.0013546569146835662, -0.0012803343623399817, -0.0011637426902511544, -0.0010257990907986507, -0.00053828789660206]",-0.009127425596078691,-2.336620952596145,256.0,0.9999999999964843
"[-0.001433597993698648, -0.0014271077908571904, -0.0014204394053279295, -0.001410560239614079, -0.0013654979749947258, -0.0012793872110630786, -0.0011631209907786372, -0.001030785292012746, -0.000554162834997489]",-0.009127425596078691,-2.3457483781922237,257.0,0.9999999999972982
"[-0.0014354487271403314, -0.001433597993698648, -0.0014271077908571904, -0.0014106390839938585, -0.0013808519077814561, -0.001283611759794405, -0.0011652411588248847, -0.001035436808086962, -0.0005715920672650836]",-0.009127425596078691,-2.3548758037883024,258.0,0.9999999999988706
"[-0.0014370135168098191, -0.0014354487271403314, -0.001433597993698648, -0.0014204394053279295, -0.0013987223761241854, -0.0012949791155794903, -0.001170561186645831, -0.0010510527659245079, -0.0005864097463636365]",-0.009127425596078691,-2.364003229384381,259.0,0.9999999999886285
"[-0.001437463573449689, -0.0014370135168098191, -0.0014354487271403314, -0.0014271077908571904, -0.001409986323548234, -0.001300883089801854, -0.0011665124035913081, -0.0010608570498355093, -0.0006030210395794751]",-0.009127425596078691,-2.37313065498046,260.0,0.9999999999980037
"[-0.0014449406563764229, -0.001437463573449689, -0.0014370135168098191, -0.001433597993698648, -0.001410560239614079, -0.001310992977140822, -0.001175012527579388, -0.0010677713742226213, -0.000615426239472977]",-0.009127425596078691,-2.3822580805765385,261.0,0.9999999999984085
"[-0.0014462505235239443, -0.0014449406563764229, -0.001437463573449689, -0.0014354487271403314, -0.0014106390839938585, -0.0013200989069056153, -0.0011799321774504997, -0.001084830789833489, -0.0006260011241481396]",-0.009127425596078691,-2.3913855061726172,262.0,0.9999999999952026
"[-0.0014439590943602228, -0.0014462505235239443, -0.0014449406563764229, -0.0014370135168098191, -0.0014204394053279295, -0.0013376740574190813, -0.0011830630834276084, -0.0011053852007088369, -0.0006334605238907665]",-0.009127425596078691,-2.400512931768696,263.0,0.999999999995621
"[-0.001444865233755257, -0.0014439590943602228, -0.0014462505235239443, -0.001437463573449689, -0.0014271077908571904, -0.0013546569146835662, -0.0011901527653103018, -0.0011193626441871607, -0.0006309628687092792]",-0.009127425596078691,-2.4096403573647747,264.0,0.9999999999959445
"[-0.0014469705098656097, -0.001444865233755257, -0.0014439590943602228, -0.0014449406563764229, -0.001433597993698648, -0.0013654979749947258, -0.001202886362081498, -0.0011211565651785059, -0.0006350870231672164]",-0.009127425596078691,-2.4187677829608534,265.0,0.9999999999973479
"[-0.0014485032344825517, -0.0014469705098656097, -0.001444865233755257, -0.0014462505235239443, -0.0014354487271403314, -0.0013808519077814561, -0.0012157071689511106, -0.001116422240864298, -0.0006515140796108993]",-0.009127425596078691,-2.427895208556932,266.0,0.9999999999989901
"[-0.001447213963649172, -0.0014485032344825517, -0.0014469705098656097, -0.0014439590943602228, -0.0014370135168098191, -0.0013987223761241854, -0.0012299665168993988, -0.0011101178184436172, -0.0006654112622447411]",-0.009127425596078691,-2.437022634153011,267.0,0.9999999999980157
"[-0.0014404902477998173, -0.001447213963649172, -0.0014485032344825517, -0.001444865233755257, -0.001437463573449689, -0.001409986323548234, -0.0012460786327368751, -0.0011125102172813003, -0.0006779029776507469]",-0.009127425596078691,-2.4461500597490895,268.0,0.9999999999991329
"[-0.0014368774977295319, -0.0014404902477998173, -0.001447213963649172, -0.0014469705098656097, -0.0014449406563764229, -0.001410560239614079, -0.0012580451149684984, -0.0011214291104667113, -0.0007008955606657025]",-0.009127425596078691,-2.4552774853451678,269.0,0.9999999999992362
"[-0.0014308493365748772, -0.0014368774977295319, -0.0014404902477998173, -0.0014485032344825517, -0.0014462505235239443, -0.0014106390839938585, -0.001269767196877481, -0.00112872946830363, -0.0007095487547190908]",-0.009127425596078691,-2.4644049109412465,270.0,0.9999999999992751
"[-0.0014257473777757284, -0.0014308493365748772, -0.0014368774977295319, -0.001447213963649172, -0.0014439590943602228, -0.0014204394053279295, -0.0012796548069134005, -0.0011362188089367056, -0.0007340848552764716]",-0.009127425596078691,-2.473532336537325,271.0,0.9999999999972098
"[-0.0014212609678201922, -0.0014257473777757284, -0.0014308493365748772, -0.0014404902477998173, -0.001444865233755257, -0.0014271077908571904, -0.0012803343623399817, -0.0011540796899723706, -0.0007585230019314153]",-0.009127425596078691,-2.482659762133404,272.0,0.9999999999993953
"[-0.001422325065436941, -0.0014212609678201922, -0.0014257473777757284, -0.0014368774977295319, -0.0014469705098656097, -0.001433597993698648, -0.0012793872110630786, -0.0011599629380078418, -0.0007878104232448093]",-0.009127425596078691,-2.4917871877294826,273.0,0.9999999999972401
"[-0.0014150513252819566, -0.001422325065436941, -0.0014212609678201922, -0.0014308493365748772, -0.0014485032344825517, -0.0014354487271403314, -0.001283611759794405, -0.0011616796028093425, -0.0008177455837721108]",-0.009127425596078691,-2.5009146133255613,274.0,0.999999999999187
"[-0.0014120150944699117, -0.0014150513252819566, -0.001422325065436941, -0.0014257473777757284, -0.001447213963649172, -0.0014370135168098191, -0.0012949791155794903, -0.0011680120289735733, -0.0008510470680739648]",-0.009127425596078691,-2.51004203892164,275.0,0.999999999998825
"[-0.0014044133108508808, -0.0014120150944699117, -0.0014150513252819566, -0.0014212609678201922, -0.0014404902477998173, -0.001437463573449689, -0.001300883089801854, -0.0011740467003996337, -0.000878327959253631]",-0.009127425596078691,-2.5191694645177187,276.0,0.9999999999991354
"[-0.0013950527160192473, -0.0014044133108508808, -0.0014120150944699117, -0.001422325065436941, -0.0014368774977295319, -0.0014449406563764229, -0.001310992977140822, -0.001176152156896976, -0.0008929783101868235]",-0.009127425596078691,-2.5282968901137974,277.0,0.999999999999665
"[-0.0001342183230730676, -0.0001431519755387398, -0.00014470881573029886, -0.00013841763044892492, -0.00015677899434786842, -0.000162454280750126, -0.00016876198857253638, -0.00011516145485190921, -0.00013800066756523458]",0.0,0.0,0.0,0.0
"[-0.00012780438358727875, -0.0001342183230730676, -0.0001431519755387398, -0.00014487010485521694, -0.0001480359146945626, -0.0001748920772959066, -0.00016741193931984536, -0.00011252336212425335, -0.0001366874675150546]",0.0,0.0,0.0,0.0
"[-0.00012238276055546033, -0.00012780438358727875, -0.0001342183230730676, -0.00014470881573029886, -0.00014160860896920518, -0.00017947359605812927, -0.00016275987478388889, -0.00011086926355952555, -0.0001313017291463138]",0.0,0.0,0.0,0.0
"[-0.00011681660302896283, -0.00012238276055546033, -0.00012780438358727875, -0.0001431519755387398, -0.00013738183482617795, -0.00016723015359802016, -0.00015637048672077143, -0.00011076062263163674, -0.0001190478366001207]",0.0,0.0,0.0,0.0
"[-0.00010636032525079946, -0.00011681660302896283, -0.00012238276055546033, -0.0001342183230730676, -0.00013841763044892492, -0.00016311702564189988, -0.00016352531624594087, -0.00010899806860719015, -0.00010892312779624598]",0.0,0.0,0.0,0.0
"[-0.00010287878862904038, -0.00010636032525079946, -0.00011681660302896283, -0.00012780438358727875, -0.00014487010485521694, -0.00015981044289579768, -0.0001563932704763313, -0.00010916759918273347, -0.000111922895753636]",0.0,0.0,0.0,0.0
"[-0.00010235290891446188, -0.00010287878862904038, -0.00010636032525079946, -0.00012238276055546033, -0.00014470881573029886, -0.00016215082784097777, -0.00015011822818976963, -0.00011543813495297504, -0.00011080904269316]",0.0,0.0,0.0,0.0
"[-9.863649793974751e-05, -0.00010235290891446188, -0.00010287878862904038, -0.00011681660302896283, -0.0001431519755387398, -0.00016055358541455715, -0.00014286801712830346, -0.00011668924430102878, -0.00010957965842641897]",0.0,0.0,0.0,0.0
"[-0.00010914343060759909, -9.863649793974751e-05, -0.00010235290891446188, -0.00010636032525079946, -0.0001342183230730676, -0.00015677899434786842, -0.0001475738262554196, -0.00012880121680647469, -0.00010700871967984515]",0.0,0.0,0.0,0.0
"[-0.00011560474569613703, -0.00010914343060759909, -9.863649793974751e-05, -0.00010287878862904038, -0.00012780438358727875, -0.0001480359146945626, -0.00014437052653633653, -0.00014049177367465895, -0.00010745090821872144]",0.0,0.0,0.0,0.0
"[-0.00012122897848731853, -0.00011560474569613703, -0.00010914343060759909, -0.00010235290891446188, -0.00012238276055546033, -0.00014160860896920518, -0.0001428263268042995, -0.00015419416952135422, -0.00010820459136674238]",0.0,0.0,0.0,0.0
"[-0.00012929089737209593, -0.00012122897848731853, -0.00011560474569613703, -9.863649793974751e-05, -0.00011681660302896283, -0.00013738183482617795, -0.00014512024572842946, -0.00016172245384153734, -0.00011185841526794832]",0.0,0.0,0.0,0.0
"[-0.0001380220653579218, -0.00012929089737209593, -0.00012122897848731853, -0.00010914343060759909, -0.00010636032525079946, -0.00013841763044892492, -0.00015137603885560382, -0.00015600724046074853, -0.00011486722401278319]",0.0,0.0,0.0,0.0
"[-0.00013504282609541428, -0.0001380220653579218, -0.00012929089737209593, -0.00011560474569613703, -0.00010287878862904038, -0.00014487010485521694, -0.00015185440512634592, -0.00015376498685995853, -0.00012127006728966326]",0.0,0.0,0.0,0.0
"[-0.0001277570689546599, -0.00013504282609541428, -0.0001380220653579218, -0.00012122897848731853, -0.00010235290891446188, -0.00014470881573029886, -0.0001515495228550028, -0.00015446954351921115, -0.00012352137465010575]",0.0,0.0,0.0,0.0
"[-0.00011605083598596097, -0.0001277570689546599, -0.00013504282609541428, -0.00012929089737209593, -9.863649793974751e-05, -0.0001431519755387398, -0.0001521756148774535, -0.00015276620436931442, -0.00012585044935719725]",0.0,0.0,0.0,0.0
"[-0.00011295191886867621, -0.00011605083598596097, -0.0001277570689546599, -0.0001380220653579218, -0.00010914343060759909, -0.0001342183230730676, -0.000162454280750126, -0.00015679868384535568, -0.000125246307219393]",0.0,0.0,0.0,0.0
"[-0.00011881888174828468, -0.00011295191886867621, -0.00011605083598596097, -0.00013504282609541428, -0.00011560474569613703, -0.00012780438358727875, -0.0001748920772959066, -0.00016198651447894938, -0.0001277034779637719]",0.0,0.0,0.0,0.0
"[-0.00012759070171065954, -0.00011881888174828468, -0.00011295191886867621, -0.0001277570689546599, -0.00012122897848731853, -0.00012238276055546033, -0.00017947359605812927, -0.00017148485600928132, -0.0001262529657362805]",0.0,0.0,0.0,0.0
"[-0.00014029320486616198, -0.00012759070171065954, -0.00011881888174828468, -0.00011605083598596097, -0.00012929089737209593, -0.00011681660302896283, -0.00016723015359802016, -0.00017884198826696184, -0.00012765803211866672]",0.0,0.0,0.0,0.0
"[-0.0001406825363629862, -0.00014029320486616198, -0.00012759070171065954, -0.00011295191886867621, -0.0001380220653579218, -0.00010636032525079946, -0.00016311702564189988, -0.00018682607993799748, -0.00012004161418425282]",0.0,0.0,0.0,0.0
"[-0.00013066144376629293, -0.0001406825363629862, -0.00014029320486616198, -0.00011881888174828468, -0.00013504282609541428, -0.00010287878862904038, -0.00015981044289579768, -0.00018798288118949865, -0.00011999943647896042]",0.0,0.0,0.0,0.0
"[-0.0001241720138662767, -0.00013066144376629293, -0.0001406825363629862, -0.00012759070171065954, -0.0001277570689546599, -0.00010235290891446188, -0.00016215082784097777, -0.00018859762337973505, -0.00012246474571904343]",0.0,0.0,0.0,0.0
"[-0.0001248427964792515, -0.0001241720138662767, -0.00013066144376629293, -0.00014029320486616198, -0.00011605083598596097, -9.863649793974751e-05, -0.00016055358541455715, -0.00019133217844460775, -0.00012862119498312013]",0.0,0.0,0.0,0.0
"[-0.00013269606299907632, -0.0001248427964792515, -0.0001241720138662767, -0.0001406825363629862, -0.00011295191886867621, -0.00010914343060759909, -0.00015677899434786842, -0.0001823397627838923, -0.00013267438975333927]",0.0,0.0,0.0,0.0
"[-0.00014336058446432946, -0.00013269606299907632, -0.0001248427964792515, -0.00013066144376629293, -0.00011881888174828468, -0.00011560474569613703, -0.0001480359146945626, -0.00018110739675904281, -0.0001411378093268243]",0.0,0.0,0.0,0.0
"[-0.0001555668553597361, -0.00014336058446432946, -0.00013269606299907632, -0.0001241720138662767, -0.00012759070171065954, -0.00012122897848731853, -0.00014160860896920518, -0.000182675399125055, -0.00014055017524971562]",0.0,0.0,0.0,0.0
"[-0.00017290257802337684, -0.0001555668553597361, -0.00014336058446432946, -0.0001248427964792515, -0.00014029320486616198, -0.00012929089737209593, -0.00013738183482617795, -0.0001826193639687015, -0.00014017651458823587]",0.0,0.0,0.0,0.0
"[-0.00016747310396874536, -0.00017290257802337684, -0.0001555668553597361, -0.00013269606299907632, -0.0001406825363629862, -0.0001380220653579218, -0.00013841763044892492, -0.00017831014687578347, -0.0001421965057359435]",0.0,0.0,0.0,0.0
"[-0.00015849770125740548, -0.00016747310396874536, -0.00017290257802337684, -0.00014336058446432946, -0.00013066144376629293, -0.00013504282609541428, -0.00014487010485521694, -0.00017767703959882278, -0.0001423820943328809]",0.0,0.0,0.0,0.0
"[-0.00014933118011600373, -0.00015849770125740548, -0.00016747310396874536, -0.0001555668553597361, -0.0001241720138662767, -0.0001277570689546599, -0.00014470881573029886, -0.00017799281881988922, -0.000141232563584947]",0.0,0.0,0.0,0.0
"[-0.00014251601603474043, -0.00014933118011600373, -0.00015849770125740548, -0.00017290257802337684, -0.0001248427964792515, -0.00011605083598596097, -0.0001431519755387398, -0.00017779377432819223, -0.00013271478430386684]",0.0,0.0,0.0,0.0
"[-0.00014265831132733892, -0.00014251601603474043, -0.00014933118011600373, -0.00016747310396874536, -0.00013269606299907632, -0.00011295191886867621, -0.0001342183230730676, -0.00016876198857253638, -0.0001299510923605453]",0.0,0.0,0.0,0.0
"[-0.00013624385926434777, -0.00014265831132733892, -0.00014251601603474043, -0.00015849770125740548, -0.00014336058446432946, -0.00011881888174828468, -0.00012780438358727875, -0.00016741193931984536, -0.00012726569860070275]",0.0,0.0,0.0,0.0
"[-0.00013053944764176203, -0.00013624385926434777, -0.00014265831132733892, -0.00014933118011600373, -0.0001555668553597361, -0.00012759070171065954, -0.00012238276055546033, -0.00016275987478388889, -0.00012105699010887782]",0.0,0.0,0.0,0.0
"[-0.00012596592542162707, -0.00013053944764176203, -0.00013624385926434777, -0.00014251601603474043, -0.00017290257802337684, -0.00014029320486616198, -0.00011681660302896283, -0.00015637048672077143, -0.00011902988713647587]",0.0,0.0,0.0,0.0
"[-0.00011157986463614801, -0.00012596592542162707, -0.00013053944764176203, -0.00014265831132733892, -0.00016747310396874536, -0.0001406825363629862, -0.00010636032525079946, -0.00016352531624594087, -0.00011277023577185917]",0.0,0.0,0.0,0.0
"[-9.988604510693759e-05, -0.00011157986463614801, -0.00012596592542162707, -0.00013624385926434777, -0.00015849770125740548, -0.00013066144376629293, -0.00010287878862904038, -0.0001563932704763313, -0.00011075556321453864]",0.0,0.0,0.0,0.0
"[-8.400581830603744e-05, -9.988604510693759e-05, -0.00011157986463614801, -0.00013053944764176203, -0.00014933118011600373, -0.0001241720138662767, -0.00010235290891446188, -0.00015011822818976963, -0.00011961349159911289]",0.0,0.0,0.0,0.0
"[-8.325643791863845e-05, -8.400581830603744e-05, -9.988604510693759e-05, -0.00012596592542162707, -0.00014251601603474043, -0.0001248427964792515, -9.863649793974751e-05, -0.00014286801712830346, -0.00012310354917384375]",0.0,0.0,0.0,0.0
"[-8.561885000251235e-05, -8.325643791863845e-05, -8.400581830603744e-05, -0.00011157986463614801, -0.00014265831132733892, -0.00013269606299907632, -0.00010914343060759909, -0.0001475738262554196, -0.00013068025949371736]",0.0,0.0,0.0,0.0
"[-8.345247297721971e-05, -8.561885000251235e-05, -8.325643791863845e-05, -9.988604510693759e-05, -0.00013624385926434777, -0.00014336058446432946, -0.00011560474569613703, -0.00014437052653633653, -0.00014232526696041165]",0.0,0.0,0.0,0.0
"[-7.3534126586957e-05, -8.345247297721971e-05, -8.561885000251235e-05, -8.400581830603744e-05, -0.00013053944764176203, -0.0001555668553597361, -0.00012122897848731853, -0.0001428263268042995, -0.0001392380845370112]",0.0,0.0,0.0,0.0
"[-6.863715338200308e-05, -7.3534126586957e-05, -8.345247297721971e-05, -8.325643791863845e-05, -0.00012596592542162707, -0.00017290257802337684, -0.00012929089737209593, -0.00014512024572842946, -0.00014436264682158928]",0.0,0.0,0.0,0.0
"[-6.079548398736399e-05, -6.863715338200308e-05, -7.3534126586957e-05, -8.561885000251235e-05, -0.00011157986463614801, -0.00016747310396874536, -0.0001380220653579218, -0.00015137603885560382, -0.0001465214303697089]",0.0,0.0,0.0,0.0
"[-6.146800157064719e-05, -6.079548398736399e-05, -6.863715338200308e-05, -8.345247297721971e-05, -9.988604510693759e-05, -0.00015849770125740548, -0.00013504282609541428, -0.00015185440512634592, -0.00015551422768575013]",0.0,0.0,0.0,0.0
"[-6.728012881276623e-05, -6.146800157064719e-05, -6.079548398736399e-05, -7.3534126586957e-05, -8.400581830603744e-05, -0.00014933118011600373, -0.0001277570689546599, -0.0001515495228550028, -0.00016125891003394973]",0.0,0.0,0.0,0.0
"[-7.075782916166404e-05, -6.728012881276623e-05, -6.146800157064719e-05, -6.863715338200308e-05, -8.325643791863845e-05, -0.00014251601603474043, -0.00011605083598596097, -0.0001521756148774535, -0.00016798148456380763]",0.0,0.0,0.0,0.0
"[-6.945267121428265e-05, -7.075782916166404e-05, -6.728012881276623e-05, -6.079548398736399e-05, -8.561885000251235e-05, -0.00014265831132733892, -0.00011295191886867621, -0.000162454280750126, -0.00016350579816472294]",0.0,0.0,0.0,0.0
"[-6.88657081215068e-05, -6.945267121428265e-05, -7.075782916166404e-05, -6.146800157064719e-05, -8.345247297721971e-05, -0.00013624385926434777, -0.00011881888174828468, -0.0001748920772959066, -0.00016523224349335405]",0.0,0.0,0.0,0.0
"[-7.878660463215638e-05, -6.88657081215068e-05, -6.945267121428265e-05, -6.728012881276623e-05, -7.3534126586957e-05, -0.00013053944764176203, -0.00012759070171065954, -0.00017947359605812927, -0.0001599229744726206]",0.0,0.0,0.0,0.0
"[-8.199607242774812e-05, -7.878660463215638e-05, -6.88657081215068e-05, -7.075782916166404e-05, -6.863715338200308e-05, -0.00012596592542162707, -0.00014029320486616198, -0.00016723015359802016, -0.00015396537944206216]",0.0,0.0,0.0,0.0
"[-8.236852743460557e-05, -8.199607242774812e-05, -7.878660463215638e-05, -6.945267121428265e-05, -6.079548398736399e-05, -0.00011157986463614801, -0.0001406825363629862, -0.00016311702564189988, -0.00014648275659066208]",0.0,0.0,0.0,0.0
"[-7.578765945365771e-05, -8.236852743460557e-05, -8.199607242774812e-05, -6.88657081215068e-05, -6.146800157064719e-05, -9.988604510693759e-05, -0.00013066144376629293, -0.00015981044289579768, -0.00014116213586844504]",0.0,0.0,0.0,0.0
"[-7.38174825332929e-05, -7.578765945365771e-05, -8.236852743460557e-05, -7.878660463215638e-05, -6.728012881276623e-05, -8.400581830603744e-05, -0.0001241720138662767, -0.00016215082784097777, -0.00013140120972374711]",0.0,0.0,0.0,0.0
"[-7.594988752452387e-05, -7.38174825332929e-05, -7.578765945365771e-05, -8.199607242774812e-05, -7.075782916166404e-05, -8.325643791863845e-05, -0.0001248427964792515, -0.00016055358541455715, -0.00013606265179823783]",0.0,0.0,0.0,0.0
"[-7.728860157232228e-05, -7.594988752452387e-05, -7.38174825332929e-05, -8.236852743460557e-05, -6.945267121428265e-05, -8.561885000251235e-05, -0.00013269606299907632, -0.00015677899434786842, -0.00013445329820531413]",0.0,0.0,0.0,0.0
"[-7.414388475312592e-05, -7.728860157232228e-05, -7.594988752452387e-05, -7.578765945365771e-05, -6.88657081215068e-05, -8.345247297721971e-05, -0.00014336058446432946, -0.0001480359146945626, -0.0001330547813587545]",0.0,0.0,0.0,0.0
"[-7.480284747986403e-05, -7.414388475312592e-05, -7.728860157232228e-05, -7.38174825332929e-05, -7.878660463215638e-05, -7.3534126586957e-05, -0.0001555668553597361, -0.00014160860896920518, -0.00013029906046447035]",0.0,0.0,0.0,0.0
"[-7.355210087616929e-05, -7.480284747986403e-05, -7.414388475312592e-05, -7.594988752452387e-05, -8.199607242774812e-05, -6.863715338200308e-05, -0.00017290257802337684, -0.00013738183482617795, -0.00012674943569456772]",0.0,0.0,0.0,0.0
"[-6.866928186364929e-05, -7.355210087616929e-05, -7.480284747986403e-05, -7.728860157232228e-05, -8.236852743460557e-05, -6.079548398736399e-05, -0.00016747310396874536, -0.00013841763044892492, -0.00012295130635479263]",0.0,0.0,0.0,0.0
"[-6.27585045743223e-05, -6.866928186364929e-05, -7.355210087616929e-05, -7.414388475312592e-05, -7.578765945365771e-05, -6.146800157064719e-05, -0.00015849770125740548, -0.00014487010485521694, -0.00012092978841148269]",0.0,0.0,0.0,0.0
"[-6.051271592154471e-05, -6.27585045743223e-05, -6.866928186364929e-05, -7.480284747986403e-05, -7.38174825332929e-05, -6.728012881276623e-05, -0.00014933118011600373, -0.00014470881573029886, -0.0001139487142571218]",0.0,0.0,0.0,0.0
"[-5.4696513708332565e-05, -6.051271592154471e-05, -6.27585045743223e-05, -7.355210087616929e-05, -7.594988752452387e-05, -7.075782916166404e-05, -0.00014251601603474043, -0.0001431519755387398, -0.0001122533153495834]",0.0,0.0,0.0,0.0
"[-5.445445404585623e-05, -5.4696513708332565e-05, -6.051271592154471e-05, -6.866928186364929e-05, -7.728860157232228e-05, -6.945267121428265e-05, -0.00014265831132733892, -0.0001342183230730676, -0.00011516145485190921]",0.0,0.0,0.0,0.0
"[-5.7361287188965136e-05, -5.445445404585623e-05, -5.4696513708332565e-05, -6.27585045743223e-05, -7.414388475312592e-05, -6.88657081215068e-05, -0.00013624385926434777, -0.00012780438358727875, -0.00011252336212425335]",0.0,0.0,0.0,0.0
"[-6.40172631397808e-05, -5.7361287188965136e-05, -5.445445404585623e-05, -6.051271592154471e-05, -7.480284747986403e-05, -7.878660463215638e-05, -0.00013053944764176203, -0.00012238276055546033, -0.00011086926355952555]",0.0,0.0,0.0,0.0
"[-6.814876357475505e-05, -6.40172631397808e-05, -5.7361287188965136e-05, -5.4696513708332565e-05, -7.355210087616929e-05, -8.199607242774812e-05, -0.00012596592542162707, -0.00011681660302896283, -0.00011076062263163674]",0.0,0.0,0.0,0.0
"[-7.472284565330401e-05, -6.814876357475505e-05, -6.40172631397808e-05, -5.445445404585623e-05, -6.866928186364929e-05, -8.236852743460557e-05, -0.00011157986463614801, -0.00010636032525079946, -0.00010899806860719015]",0.0,0.0,0.0,0.0
"[-8.52292726826644e-05, -7.472284565330401e-05, -6.814876357475505e-05, -5.7361287188965136e-05, -6.27585045743223e-05, -7.578765945365771e-05, -9.988604510693759e-05, -0.00010287878862904038, -0.00010916759918273347]",0.0,0.0,0.0,0.0
"[-8.138041491672065e-05, -8.52292726826644e-05, -7.472284565330401e-05, -6.40172631397808e-05, -6.051271592154471e-05, -7.38174825332929e-05, -8.400581830603744e-05, -0.00010235290891446188, -0.00011543813495297504]",0.0,0.0,0.0,0.0
"[-7.794577760573504e-05, -8.138041491672065e-05, -8.52292726826644e-05, -6.814876357475505e-05, -5.4696513708332565e-05, -7.594988752452387e-05, -8.325643791863845e-05, -9.863649793974751e-05, -0.00011668924430102878]",0.0,0.0,0.0,0.0
"[-7.957531408925892e-05, -7.794577760573504e-05, -8.138041491672065e-05, -7.472284565330401e-05, -5.445445404585623e-05, -7.728860157232228e-05, -8.561885000251235e-05, -0.00010914343060759909, -0.00012880121680647469]",0.0,0.0,0.0,0.0
"[-8.184673892617706e-05, -7.957531408925892e-05, -7.794577760573504e-05, -8.52292726826644e-05, -5.7361287188965136e-05, -7.414388475312592e-05, -8.345247297721971e-05, -0.00011560474569613703, -0.00014049177367465895]",0.0,0.0,0.0,0.0
"[-7.843551503328255e-05, -8.184673892617706e-05, -7.957531408925892e-05, -8.138041491672065e-05, -6.40172631397808e-05, -7.480284747986403e-05, -7.3534126586957e-05, -0.00012122897848731853, -0.00015419416952135422]",0.0,0.0,0.0,0.0
"[-5.9556580505931346e-05, -7.843551503328255e-05, -8.184673892617706e-05, -7.794577760573504e-05, -6.814876357475505e-05, -7.355210087616929e-05, -6.863715338200308e-05, -0.00012929089737209593, -0.00016172245384153734]",0.0,0.0,0.0,0.0
"[-4.4509882850225465e-05, -5.9556580505931346e-05, -7.843551503328255e-05, -7.957531408925892e-05, -7.472284565330401e-05, -6.866928186364929e-05, -6.079548398736399e-05, -0.0001380220653579218, -0.00015600724046074853]",0.0,0.0,0.0,0.0
"[-3.37336680530776e-05, -4.4509882850225465e-05, -5.9556580505931346e-05, -8.184673892617706e-05, -8.52292726826644e-05, -6.27585045743223e-05, -6.146800157064719e-05, -0.00013504282609541428, -0.00015376498685995853]",0.0,0.0,0.0,0.0
"[-2.708666153517182e-05, -3.37336680530776e-05, -4.4509882850225465e-05, -7.843551503328255e-05, -8.138041491672065e-05, -6.051271592154471e-05, -6.728012881276623e-05, -0.0001277570689546599, -0.00015446954351921115]",0.0,0.0,0.0,0.0
"[-2.5151077715441284e-05, -2.708666153517182e-05, -3.37336680530776e-05, -5.9556580505931346e-05, -7.794577760573504e-05, -5.4696513708332565e-05, -7.075782916166404e-05, -0.00011605083598596097, -0.00015276620436931442]",0.0,0.0,0.0,0.0
"[-2.996007496047533e-05, -2.5151077715441284e-05, -2.708666153517182e-05, -4.4509882850225465e-05, -7.957531408925892e-05, -5.445445404585623e-05, -6.945267121428265e-05, -0.00011295191886867621, -0.00015679868384535568]",0.0,0.0,0.0,0.0
"[-2.027331632117697e-05, -2.996007496047533e-05, -2.5151077715441284e-05, -3.37336680530776e-05, -8.184673892617706e-05, -5.7361287188965136e-05, -6.88657081215068e-05, -0.00011881888174828468, -0.00016198651447894938]",0.0,0.0,0.0,0.0
"[-2.6073519732067126e-05, -2.027331632117697e-05, -2.996007496047533e-05, -2.708666153517182e-05, -7.843551503328255e-05, -6.40172631397808e-05, -7.878660463215638e-05, -0.00012759070171065954, -0.00017148485600928132]",0.0,0.0,0.0,0.0
"[-3.523753174661201e-05, -2.6073519732067126e-05, -2.027331632117697e-05, -2.5151077715441284e-05, -5.9556580505931346e-05, -6.814876357475505e-05, -8.199607242774812e-05, -0.00014029320486616198, -0.00017884198826696184]",0.0,0.0,0.0,0.0
"[-4.388319990771979e-05, -3.523753174661201e-05, -2.6073519732067126e-05, -2.996007496047533e-05, -4.4509882850225465e-05, -7.472284565330401e-05, -8.236852743460557e-05, -0.0001406825363629862, -0.00018682607993799748]",0.0,0.0,0.0,0.0
"[-4.9696015143741783e-05, -4.388319990771979e-05, -3.523753174661201e-05, -2.027331632117697e-05, -3.37336680530776e-05, -8.52292726826644e-05, -7.578765945365771e-05, -0.00013066144376629293, -0.00018798288118949865]",0.0,0.0,0.0,0.0
"[-5.775824331375448e-05, -4.9696015143741783e-05, -4.388319990771979e-05, -2.6073519732067126e-05, -2.708666153517182e-05, -8.138041491672065e-05, -7.38174825332929e-05, -0.0001241720138662767, -0.00018859762337973505]",0.0,0.0,0.0,0.0
"[-6.98827002426034e-05, -5.775824331375448e-05, -4.9696015143741783e-05, -3.523753174661201e-05, -2.5151077715441284e-05, -7.794577760573504e-05, -7.594988752452387e-05, -0.0001248427964792515, -0.00019133217844460775]",0.0,0.0,0.0,0.0
"[-8.106763351888458e-05, -6.98827002426034e-05, -5.775824331375448e-05, -4.388319990771979e-05, -2.996007496047533e-05, -7.957531408925892e-05, -7.728860157232228e-05, -0.00013269606299907632, -0.0001823397627838923]",0.0,0.0,0.0,0.0
"[-9.400615445724552e-05, -8.106763351888458e-05, -6.98827002426034e-05, -4.9696015143741783e-05, -2.027331632117697e-05, -8.184673892617706e-05, -7.414388475312592e-05, -0.00014336058446432946, -0.00018110739675904281]",0.0,0.0,0.0,0.0
"[-9.979201345600616e-05, -9.400615445724552e-05, -8.106763351888458e-05, -5.775824331375448e-05, -2.6073519732067126e-05, -7.843551503328255e-05, -7.480284747986403e-05, -0.0001555668553597361, -0.000182675399125055]",0.0,0.0,0.0,0.0
"[-9.299342064512039e-05, -9.979201345600616e-05, -9.400615445724552e-05, -6.98827002426034e-05, -3.523753174661201e-05, -5.9556580505931346e-05, -7.355210087616929e-05, -0.00017290257802337684, -0.0001826193639687015]",0.0,0.0,0.0,0.0
"[-8.389986526172465e-05, -9.299342064512039e-05, -9.979201345600616e-05, -8.106763351888458e-05, -4.388319990771979e-05, -4.4509882850225465e-05, -6.866928186364929e-05, -0.00016747310396874536, -0.00017831014687578347]",0.0,0.0,0.0,0.0
"[-7.23003978627637e-05, -8.389986526172465e-05, -9.299342064512039e-05, -9.400615445724552e-05, -4.9696015143741783e-05, -3.37336680530776e-05, -6.27585045743223e-05, -0.00015849770125740548, -0.00017767703959882278]",0.0,0.0,0.0,0.0
"[-6.719221349638817e-05, -7.23003978627637e-05, -8.389986526172465e-05, -9.979201345600616e-05, -5.775824331375448e-05, -2.708666153517182e-05, -6.051271592154471e-05, -0.00014933118011600373, -0.00017799281881988922]",0.0,0.0,0.0,0.0
"[-6.478927732102834e-05, -6.719221349638817e-05, -7.23003978627637e-05, -9.299342064512039e-05, -6.98827002426034e-05, -2.5151077715441284e-05, -5.4696513708332565e-05, -0.00014251601603474043, -0.00017779377432819223]",0.0,0.0,0.0,0.0
"[-6.875326873526272e-05, -6.478927732102834e-05, -6.719221349638817e-05, -8.389986526172465e-05, -8.106763351888458e-05, -2.996007496047533e-05, -5.445445404585623e-05, -0.00014265831132733892, -0.00016876198857253638]",0.0,0.0,0.0,0.0
"[-6.621515289291135e-05, -6.875326873526272e-05, -6.478927732102834e-05, -7.23003978627637e-05, -9.400615445724552e-05, -2.027331632117697e-05, -5.7361287188965136e-05, -0.00013624385926434777, -0.00016741193931984536]",0.0,0.0,0.0,0.0
"[-7.236522686542639e-05, -6.621515289291135e-05, -6.875326873526272e-05, -6.719221349638817e-05, -9.979201345600616e-05, -2.6073519732067126e-05, -6.40172631397808e-05, -0.00013053944764176203, -0.00016275987478388889]",0.0,0.0,0.0,0.0
"[-7.766217907918482e-05, -7.236522686542639e-05, -6.621515289291135e-05, -6.478927732102834e-05, -9.299342064512039e-05, -3.523753174661201e-05, -6.814876357475505e-05, -0.00012596592542162707, -0.00015637048672077143]",0.0,0.0,0.0,0.0
"[-6.972345146561366e-05, -7.766217907918482e-05, -7.236522686542639e-05, -6.875326873526272e-05, -8.389986526172465e-05, -4.388319990771979e-05, -7.472284565330401e-05, -0.00011157986463614801, -0.00016352531624594087]",0.0,0.0,0.0,0.0
"[-6.257019435145652e-05, -6.972345146561366e-05, -7.766217907918482e-05, -6.621515289291135e-05, -7.23003978627637e-05, -4.9696015143741783e-05, -8.52292726826644e-05, -9.988604510693759e-05, -0.0001563932704763313]",0.0,0.0,0.0,0.0
"[-5.618167627799579e-05, -6.257019435145652e-05, -6.972345146561366e-05, -7.236522686542639e-05, -6.719221349638817e-05, -5.775824331375448e-05, -8.138041491672065e-05, -8.400581830603744e-05, -0.00015011822818976963]",0.0,0.0,0.0,0.0
"[-4.3701030930199585e-05, -5.618167627799579e-05, -6.257019435145652e-05, -7.766217907918482e-05, -6.478927732102834e-05, -6.98827002426034e-05, -7.794577760573504e-05, -8.325643791863845e-05, -0.00014286801712830346]",0.0,0.0,0.0,0.0
"[-4.095129280863081e-05, -4.3701030930199585e-05, -5.618167627799579e-05, -6.972345146561366e-05, -6.875326873526272e-05, -8.106763351888458e-05, -7.957531408925892e-05, -8.561885000251235e-05, -0.0001475738262554196]",0.0,0.0,0.0,0.0
"[-3.744352928907379e-05, -4.095129280863081e-05, -4.3701030930199585e-05, -6.257019435145652e-05, -6.621515289291135e-05, -9.400615445724552e-05, -8.184673892617706e-05, -8.345247297721971e-05, -0.00014437052653633653]",0.0,0.0,0.0,0.0
"[-3.102838974426256e-05, -3.744352928907379e-05, -4.095129280863081e-05, -5.618167627799579e-05, -7.236522686542639e-05, -9.979201345600616e-05, -7.843551503328255e-05, -7.3534126586957e-05, -0.0001428263268042995]",0.0,0.0,0.0,0.0
"[-3.37343587433405e-05, -3.102838974426256e-05, -3.744352928907379e-05, -4.3701030930199585e-05, -7.766217907918482e-05, -9.299342064512039e-05, -5.9556580505931346e-05, -6.863715338200308e-05, -0.00014512024572842946]",0.0,0.0,0.0,0.0
"[-2.643120955384106e-05, -3.37343587433405e-05, -3.102838974426256e-05, -4.095129280863081e-05, -6.972345146561366e-05, -8.389986526172465e-05, -4.4509882850225465e-05, -6.079548398736399e-05, -0.00015137603885560382]",0.0,0.0,0.0,0.0
"[-2.04162335505061e-05, -2.643120955384106e-05, -3.37343587433405e-05, -3.744352928907379e-05, -6.257019435145652e-05, -7.23003978627637e-05, -3.37336680530776e-05, -6.146800157064719e-05, -0.00015185440512634592]",0.0,0.0,0.0,0.0
"[-5.749319610294013e-06, -2.04162335505061e-05, -2.643120955384106e-05, -3.102838974426256e-05, -5.618167627799579e-05, -6.719221349638817e-05, -2.708666153517182e-05, -6.728012881276623e-05, -0.0001515495228550028]",0.0,0.0,0.0,0.0
"[-7.300440181233042e-06, -5.749319610294013e-06, -2.04162335505061e-05, -3.37343587433405e-05, -4.3701030930199585e-05, -6.478927732102834e-05, -2.5151077715441284e-05, -7.075782916166404e-05, -0.0001521756148774535]",0.0,0.0,0.0,0.0
"[-1.3512237005637655e-06, -7.300440181233042e-06, -5.749319610294013e-06, -2.643120955384106e-05, -4.095129280863081e-05, -6.875326873526272e-05, -2.996007496047533e-05, -6.945267121428265e-05, -0.000162454280750126]",0.0,0.0,0.0,0.0
"[-7.973743293074183e-07, -1.3512237005637655e-06, -7.300440181233042e-06, -2.04162335505061e-05, -3.744352928907379e-05, -6.621515289291135e-05, -2.027331632117697e-05, -6.88657081215068e-05, -0.0001748920772959066]",0.005610131351736547,0.0,0.0,0.002052621580783935
"[1.179973868074454e-05, -7.973743293074183e-07, -1.3512237005637655e-06, -5.749319610294013e-06, -3.102838974426256e-05, -7.236522686542639e-05, -2.6073519732067126e-05, -7.878660463215638e-05, -0.00017947359605812927]",0.005610131351736547,0.005610131351736547,1.0,0.002062124671409725
"[1.493998524100631e-05, 1.179973868074454e-05, -7.973743293074183e-07, -7.300440181233042e-06, -3.37343587433405e-05, -7.766217907918482e-05, -3.523753174661201e-05, -8.199607242774812e-05, -0.00016723015359802016]",0.005610131351736547,0.011220262703473094,2.0,0.002042939434734139
"[9.387598645158866e-06, 1.493998524100631e-05, 1.179973868074454e-05, -1.3512237005637655e-06, -2.643120955384106e-05, -6.972345146561366e-05, -4.388319990771979e-05, -8.236852743460557e-05, -0.00016311702564189988]",0.005610131351736547,0.01683039405520964,3.0,0.0020308259039607058
"[5.572690483662578e-06, 9.387598645158866e-06, 1.493998524100631e-05, -7.973743293074183e-07, -2.04162335505061e-05, -6.257019435145652e-05, -4.9696015143741783e-05, -7.578765945365771e-05, -0.00015981044289579768]",0.005610131351736547,0.022440525406946188,4.0,0.0020030442972753157
"[2.4023299752846978e-06, 5.572690483662578e-06, 9.387598645158866e-06, 1.179973868074454e-05, -5.749319610294013e-06, -5.618167627799579e-05, -5.775824331375448e-05, -7.38174825332929e-05, -0.00016215082784097777]",0.005610131351736547,0.028050656758682735,5.0,0.0020283933209006184
"[6.771617252873398e-06, 2.4023299752846978e-06, 5.572690483662578e-06, 1.493998524100631e-05, -7.300440181233042e-06, -4.3701030930199585e-05, -6.98827002426034e-05, -7.594988752452387e-05, -0.00016055358541455715]",0.005610131351736547,0.03366078811041928,6.0,0.002072221204002688
"[6.339181831159944e-06, 6.771617252873398e-06, 2.4023299752846978e-06, 9.387598645158866e-06, -1.3512237005637655e-06, -4.095129280863081e-05, -8.106763351888458e-05, -7.728860157232228e-05, -0.00015677899434786842]",0.005610131351736547,0.03927091946215583,7.0,0.0020850101121431272
"[-8.676157271250096e-06, 6.339181831159944e-06, 6.771617252873398e-06, 5.572690483662578e-06, -7.973743293074183e-07, -3.744352928907379e-05, -9.400615445724552e-05, -7.414388475312592e-05, -0.0001480359146945626]",0.005610131351736547,0.044881050813892376,8.0,0.0019019984835790728
"[-1.9999527137934353e-05, -8.676157271250096e-06, 6.339181831159944e-06, 2.4023299752846978e-06, 1.179973868074454e-05, -3.102838974426256e-05, -9.979201345600616e-05, -7.480284747986403e-05, -0.00014160860896920518]",0.005610131351736547,0.05049118216562892,9.0,0.0019413098681795378
"[-9.956601456059468e-06, -1.9999527137934353e-05, -8.676157271250096e-06, 6.771617252873398e-06, 1.493998524100631e-05, -3.37343587433405e-05, -9.299342064512039e-05, -7.355210087616929e-05, -0.00013738183482617795]",0.005610131351736547,0.05610131351736547,10.0,0.001957937631666451
"[-2.382698804160248e-06, -9.956601456059468e-06, -1.9999527137934353e-05, 6.339181831159944e-06, 9.387598645158866e-06, -2.643120955384106e-05, -8.389986526172465e-05, -6.866928186364929e-05, -0.00013841763044892492]",0.005610131351736547,0.06171144486910202,11.0,0.002037745177477265
"[9.15335851411977e-06, -2.382698804160248e-06, -9.956601456059468e-06, -8.676157271250096e-06, 5.572690483662578e-06, -2.04162335505061e-05, -7.23003978627637e-05, -6.27585045743223e-05, -0.00014487010485521694]",0.005610131351736547,0.06732157622083856,12.0,0.002104641008334476
"[1.8943262623267823e-05, 9.15335851411977e-06, -2.382698804160248e-06, -1.9999527137934353e-05, 2.4023299752846978e-06, -5.749319610294013e-06, -6.719221349638817e-05, -6.051271592154471e-05, -0.00014470881573029886]",0.005610131351736547,0.07293170757257511,13.0,0.0021330438319519906
"[2.369997918551187e-05, 1.8943262623267823e-05, 9.15335851411977e-06, -9.956601456059468e-06, 6.771617252873398e-06, -7.300440181233042e-06, -6.478927732102834e-05, -5.4696513708332565e-05, -0.0001431519755387398]",0.005610131351736547,0.07854183892431166,14.0,0.002137343812270411
"[2.587267132449049e-05, 2.369997918551187e-05, 1.8943262623267823e-05, -2.382698804160248e-06, 6.339181831159944e-06, -1.3512237005637655e-06, -6.875326873526272e-05, -5.445445404585623e-05, -0.0001342183230730676]",0.005610131351736547,0.0841519702760482,15.0,0.0020932810599085076
"[2.5409565883464365e-05, 2.587267132449049e-05, 2.369997918551187e-05, 9.15335851411977e-06, -8.676157271250096e-06, -7.973743293074183e-07, -6.621515289291135e-05, -5.7361287188965136e-05, -0.00012780438358727875]",0.005610131351736547,0.08976210162778475,16.0,0.0020584879680539256
"[1.4349517162503888e-05, 2.5409565883464365e-05, 2.587267132449049e-05, 1.8943262623267823e-05, -1.9999527137934353e-05, 1.179973868074454e-05, -7.236522686542639e-05, -6.40172631397808e-05, -0.00012238276055546033]",0.005610131351736547,0.0953722329795213,17.0,0.0020517178823371792
"[1.0751465068563337e-05, 1.4349517162503888e-05, 2.5409565883464365e-05, 2.369997918551187e-05, -9.956601456059468e-06, 1.493998524100631e-05, -7.766217907918482e-05, -6.814876357475505e-05, -0.00011681660302896283]",0.005610131351736547,0.10098236433125785,18.0,0.0021347489889131342
"[2.153340587440149e-05, 1.0751465068563337e-05, 1.4349517162503888e-05, 2.587267132449049e-05, -2.382698804160248e-06, 9.387598645158866e-06, -6.972345146561366e-05, -7.472284565330401e-05, -0.00010636032525079946]",0.005610131351736547,0.10659249568299439,19.0,0.0021259477835302958
"[2.785297127846128e-05, 2.153340587440149e-05, 1.0751465068563337e-05, 2.5409565883464365e-05, 9.15335851411977e-06, 5.572690483662578e-06, -6.257019435145652e-05, -8.52292726826644e-05, -0.00010287878862904038]",0.005610131351736547,0.11220262703473094,20.0,0.002144043042945742
"[2.195398384374439e-05, 2.785297127846128e-05, 2.153340587440149e-05, 1.4349517162503888e-05, 1.8943262623267823e-05, 2.4023299752846978e-06, -5.618167627799579e-05, -8.138041491672065e-05, -0.00010235290891446188]",0.005610131351736547,0.11781275838646749,21.0,0.0021930706884790096
"[2.855190165372659e-05, 2.195398384374439e-05, 2.785297127846128e-05, 1.0751465068563337e-05, 2.369997918551187e-05, 6.771617252873398e-06, -4.3701030930199585e-05, -7.794577760573504e-05, -9.863649793974751e-05]",0.005610131351736547,0.12342288973820403,22.0,0.0022468556788616573
"[3.231526632666923e-05, 2.855190165372659e-05, 2.195398384374439e-05, 2.153340587440149e-05, 2.587267132449049e-05, 6.339181831159944e-06, -4.095129280863081e-05, -7.957531408925892e-05, -0.00010914343060759909]",0.005610131351736547,0.12903302108994058,23.0,0.002235530184353097
"[3.737491309184639e-05, 3.231526632666923e-05, 2.855190165372659e-05, 2.785297127846128e-05, 2.5409565883464365e-05, -8.676157271250096e-06, -3.744352928907379e-05, -8.184673892617706e-05, -0.00011560474569613703]",0.005610131351736547,0.13464315244167713,24.0,0.00220989092026028
"[3.5418540609605806e-05, 3.737491309184639e-05, 3.231526632666923e-05, 2.195398384374439e-05, 1.4349517162503888e-05, -1.9999527137934353e-05, -3.102838974426256e-05, -7.843551503328255e-05, -0.00012122897848731853]",0.005610131351736547,0.14025328379341367,25.0,0.0023408835933031746
"[3.292425710530827e-05, 3.5418540609605806e-05, 3.737491309184639e-05, 2.855190165372659e-05, 1.0751465068563337e-05, -9.956601456059468e-06, -3.37343587433405e-05, -5.9556580505931346e-05, -0.00012929089737209593]",0.005610131351736547,0.14586341514515022,26.0,0.0024383479173630345
"[4.5979817672289416e-05, 3.292425710530827e-05, 3.5418540609605806e-05, 3.231526632666923e-05, 2.153340587440149e-05, -2.382698804160248e-06, -2.643120955384106e-05, -4.4509882850225465e-05, -0.0001380220653579218]",0.005610131351736547,0.15147354649688677,27.0,0.002452768965070805
"[5.085965924386689e-05, 4.5979817672289416e-05, 3.292425710530827e-05, 3.737491309184639e-05, 2.785297127846128e-05, 9.15335851411977e-06, -2.04162335505061e-05, -3.37336680530776e-05, -0.00013504282609541428]",0.005610131351736547,0.15708367784862332,28.0,0.0024078197680731336
"[5.179580818729253e-05, 5.085965924386689e-05, 4.5979817672289416e-05, 3.5418540609605806e-05, 2.195398384374439e-05, 1.8943262623267823e-05, -5.749319610294013e-06, -2.708666153517182e-05, -0.0001277570689546599]",0.005610131351736547,0.16269380920035986,29.0,0.0024410408198950956
"[4.918213269631699e-05, 5.179580818729253e-05, 5.085965924386689e-05, 3.292425710530827e-05, 2.855190165372659e-05, 2.369997918551187e-05, -7.300440181233042e-06, -2.5151077715441284e-05, -0.00011605083598596097]",0.005610131351736547,0.1683039405520964,30.0,0.002440488595606059
"[5.0951023173642354e-05, 4.918213269631699e-05, 5.179580818729253e-05, 4.5979817672289416e-05, 3.231526632666923e-05, 2.587267132449049e-05, -1.3512237005637655e-06, -2.996007496047533e-05, -0.00011295191886867621]",0.005610131351736547,0.17391407190383296,31.0,0.0024031540127103295
"[5.102975595802008e-05, 5.0951023173642354e-05, 4.918213269631699e-05, 5.085965924386689e-05, 3.737491309184639e-05, 2.5409565883464365e-05, -7.973743293074183e-07, -2.027331632117697e-05, -0.00011881888174828468]",0.005610131351736547,0.1795242032555695,32.0,0.002395790603686436
"[4.878817752952397e-05, 5.102975595802008e-05, 5.0951023173642354e-05, 5.179580818729253e-05, 3.5418540609605806e-05, 1.4349517162503888e-05, 1.179973868074454e-05, -2.6073519732067126e-05, -0.00012759070171065954]",0.005610131351736547,0.18513433460730605,33.0,0.002381489639777416
"[4.802221563390667e-05, 4.878817752952397e-05, 5.102975595802008e-05, 4.918213269631699e-05, 3.292425710530827e-05, 1.0751465068563337e-05, 1.493998524100631e-05, -3.523753174661201e-05, -0.00014029320486616198]",0.005610131351736547,0.1907444659590426,34.0,0.002471898536389049
"[4.709261270265365e-05, 4.802221563390667e-05, 4.878817752952397e-05, 5.0951023173642354e-05, 4.5979817672289416e-05, 2.153340587440149e-05, 9.387598645158866e-06, -4.388319990771979e-05, -0.0001406825363629862]",0.005610131351736547,0.19635459731077914,35.0,0.0026023499585314798
"[5.2665029804871785e-05, 4.709261270265365e-05, 4.802221563390667e-05, 5.102975595802008e-05, 5.085965924386689e-05, 2.785297127846128e-05, 5.572690483662578e-06, -4.9696015143741783e-05, -0.00013066144376629293]",0.005610131351736547,0.2019647286625157,36.0,0.002718845670642298
"[5.954273738799044e-05, 5.2665029804871785e-05, 4.709261270265365e-05, 4.878817752952397e-05, 5.179580818729253e-05, 2.195398384374439e-05, 2.4023299752846978e-06, -5.775824331375448e-05, -0.0001241720138662767]",0.005610131351736547,0.20757486001425224,37.0,0.0027519392514077506
"[6.504551714574817e-05, 5.954273738799044e-05, 5.2665029804871785e-05, 4.802221563390667e-05, 4.918213269631699e-05, 2.855190165372659e-05, 6.771617252873398e-06, -6.98827002426034e-05, -0.0001248427964792515]",0.005610131351736547,0.21318499136598879,38.0,0.002935049702759494
"[6.700580200656419e-05, 6.504551714574817e-05, 5.954273738799044e-05, 4.709261270265365e-05, 5.0951023173642354e-05, 3.231526632666923e-05, 6.339181831159944e-06, -8.106763351888458e-05, -0.00013269606299907632]",0.005610131351736547,0.21879512271772533,39.0,0.0029237834380507247
"[7.361300718173855e-05, 6.700580200656419e-05, 6.504551714574817e-05, 5.2665029804871785e-05, 5.102975595802008e-05, 3.737491309184639e-05, -8.676157271250096e-06, -9.400615445724552e-05, -0.00014336058446432946]",0.005610131351736547,0.22440525406946188,40.0,0.0034131556337770805
"[7.429921802701004e-05, 7.361300718173855e-05, 6.700580200656419e-05, 5.954273738799044e-05, 4.878817752952397e-05, 3.5418540609605806e-05, -1.9999527137934353e-05, -9.979201345600616e-05, -0.0001555668553597361]",0.005610131351736547,0.23001538542119843,41.0,0.003683456647718437
"[8.741666288787403e-05, 7.429921802701004e-05, 7.361300718173855e-05, 6.504551714574817e-05, 4.802221563390667e-05, 3.292425710530827e-05, -9.956601456059468e-06, -9.299342064512039e-05, -0.00017290257802337684]",0.005610131351736547,0.23562551677293497,42.0,0.004133396398216321
"[9.504644303595806e-05, 8.741666288787403e-05, 7.429921802701004e-05, 6.700580200656419e-05, 4.709261270265365e-05, 4.5979817672289416e-05, -2.382698804160248e-06, -8.389986526172465e-05, -0.00016747310396874536]",0.005610131351736547,0.24123564812467152,43.0,0.004425910911509825
"[0.00010416200978037189, 9.504644303595806e-05, 8.741666288787403e-05, 7.361300718173855e-05, 5.2665029804871785e-05, 5.085965924386689e-05, 9.15335851411977e-06, -7.23003978627637e-05, -0.00015849770125740548]",0.005610131351736547,0.24684577947640807,44.0,0.005056155571446185
"[0.00011031466736525251, 0.00010416200978037189, 9.504644303595806e-05, 7.429921802701004e-05, 5.954273738799044e-05, 5.179580818729253e-05, 1.8943262623267823e-05, -6.719221349638817e-05, -0.00014933118011600373]",0.005610131351736547,0.2524559108281446,45.0,0.0057448438751879485
"[0.00011932200183554693, 0.00011031466736525251, 0.00010416200978037189, 8.741666288787403e-05, 6.504551714574817e-05, 4.918213269631699e-05, 2.369997918551187e-05, -6.478927732102834e-05, -0.00014251601603474043]",0.005610131351736547,0.25806604217988116,46.0,0.006354363855651458
"[0.00012809232434300198, 0.00011932200183554693, 0.00011031466736525251, 9.504644303595806e-05, 6.700580200656419e-05, 5.0951023173642354e-05, 2.587267132449049e-05, -6.875326873526272e-05, -0.00014265831132733892]",0.005610131351736547,0.2636761735316177,47.0,0.006528852923261913
"[0.00013516607802047212, 0.00012809232434300198, 0.00011932200183554693, 0.00010416200978037189, 7.361300718173855e-05, 5.102975595802008e-05, 2.5409565883464365e-05, -6.621515289291135e-05, -0.00013624385926434777]",0.005610131351736547,0.26928630488335425,48.0,0.008806191510973758
"[0.00013835153950547693, 0.00013516607802047212, 0.00012809232434300198, 0.00011031466736525251, 7.429921802701004e-05, 4.878817752952397e-05, 1.4349517162503888e-05, -7.236522686542639e-05, -0.00013053944764176203]",0.005610131351736547,0.2748964362350908,49.0,0.008624159610499095
"[0.0001521816008462396, 0.00013835153950547693, 0.00013516607802047212, 0.00011932200183554693, 8.741666288787403e-05, 4.802221563390667e-05, 1.0751465068563337e-05, -7.766217907918482e-05, -0.00012596592542162707]",0.005610131351736547,0.28050656758682735,50.0,0.009937376514912902
"[0.00015517436821432755, 0.0001521816008462396, 0.00013835153950547693, 0.00012809232434300198, 9.504644303595806e-05, 4.709261270265365e-05, 2.153340587440149e-05, -6.972345146561366e-05, -0.00011157986463614801]",0.005610131351736547,0.2861166989385639,51.0,0.014664239351630365
"[0.00016156823904128667, 0.00015517436821432755, 0.0001521816008462396, 0.00013516607802047212, 0.00010416200978037189, 5.2665029804871785e-05, 2.785297127846128e-05, -6.257019435145652e-05, -9.988604510693759e-05]",0.005610131351736547,0.29172683029030044,52.0,0.01603377873072946
"[0.00017764555072468825, 0.00016156823904128667, 0.00015517436821432755, 0.00013835153950547693, 0.00011031466736525251, 5.954273738799044e-05, 2.195398384374439e-05, -5.618167627799579e-05, -8.400581830603744e-05]",0.005610131351736547,0.297336961642037,53.0,0.01434408805169623
"[0.00018535888211990655, 0.00017764555072468825, 0.00016156823904128667, 0.0001521816008462396, 0.00011932200183554693, 6.504551714574817e-05, 2.855190165372659e-05, -4.3701030930199585e-05, -8.325643791863845e-05]",0.005610131351736547,0.30294709299377354,54.0,0.015726054612522137
"[0.00018420120478205098, 0.00018535888211990655, 0.00017764555072468825, 0.00015517436821432755, 0.00012809232434300198, 6.700580200656419e-05, 3.231526632666923e-05, -4.095129280863081e-05, -8.561885000251235e-05]",0.005610131351736547,0.3085572243455101,55.0,0.012692182021108132
"[0.00018684360157830335, 0.00018420120478205098, 0.00018535888211990655, 0.00016156823904128667, 0.00013516607802047212, 7.361300718173855e-05, 3.737491309184639e-05, -3.744352928907379e-05, -8.345247297721971e-05]",0.005610131351736547,0.31416735569724663,56.0,0.007418150435526713
"[0.0001807062936534103, 0.00018684360157830335, 0.00018420120478205098, 0.00017764555072468825, 0.00013835153950547693, 7.429921802701004e-05, 3.5418540609605806e-05, -3.102838974426256e-05, -7.3534126586957e-05]",0.005610131351736547,0.3197774870489832,57.0,0.008446643657783387
"[0.00015991790332092761, 0.0001807062936534103, 0.00018684360157830335, 0.00018535888211990655, 0.0001521816008462396, 8.741666288787403e-05, 3.292425710530827e-05, -3.37343587433405e-05, -6.863715338200308e-05]",0.005610131351736547,0.3253876184007197,58.0,0.009201164428877303
"[0.00015687148516053091, 0.00015991790332092761, 0.0001807062936534103, 0.00018420120478205098, 0.00015517436821432755, 9.504644303595806e-05, 4.5979817672289416e-05, -2.643120955384106e-05, -6.079548398736399e-05]",0.005610131351736547,0.33099774975245627,59.0,0.00900475109806987
"[0.0001591405768725165, 0.00015687148516053091, 0.00015991790332092761, 0.00018684360157830335, 0.00016156823904128667, 0.00010416200978037189, 5.085965924386689e-05, -2.04162335505061e-05, -6.146800157064719e-05]",0.005610131351736547,0.3366078811041928,60.0,0.007963917176389456
"[0.00015907451814216496, 0.0001591405768725165, 0.00015687148516053091, 0.0001807062936534103, 0.00017764555072468825, 0.00011031466736525251, 5.179580818729253e-05, -5.749319610294013e-06, -6.728012881276623e-05]",0.005610131351736547,0.34221801245592937,61.0,0.005632477203098561
"[0.00015444494004152262, 0.00015907451814216496, 0.0001591405768725165, 0.00015991790332092761, 0.00018535888211990655, 0.00011932200183554693, 4.918213269631699e-05, -7.300440181233042e-06, -7.075782916166404e-05]",0.005610131351736547,0.3478281438076659,62.0,0.005300999424541077
"[0.00013910153411329922, 0.00015444494004152262, 0.00015907451814216496, 0.00015687148516053091, 0.00018420120478205098, 0.00012809232434300198, 5.0951023173642354e-05, -1.3512237005637655e-06, -6.945267121428265e-05]",0.005610131351736547,0.35343827515940246,63.0,0.006586102975256802
"[0.00013052440769927874, 0.00013910153411329922, 0.00015444494004152262, 0.0001591405768725165, 0.00018684360157830335, 0.00013516607802047212, 5.102975595802008e-05, -7.973743293074183e-07, -6.88657081215068e-05]",0.005610131351736547,0.359048406511139,64.0,0.008116587601381415
"[0.000137163044882851, 0.00013052440769927874, 0.00013910153411329922, 0.00015907451814216496, 0.0001807062936534103, 0.00013835153950547693, 4.878817752952397e-05, 1.179973868074454e-05, -7.878660463215638e-05]",0.005610131351736547,0.36465853786287555,65.0,0.00932159372076999
"[0.00014793809189070074, 0.000137163044882851, 0.00013052440769927874, 0.00015444494004152262, 0.00015991790332092761, 0.0001521816008462396, 4.802221563390667e-05, 1.493998524100631e-05, -8.199607242774812e-05]",0.005610131351736547,0.3702686692146121,66.0,0.009243397628099483
"[0.0001565983500327161, 0.00014793809189070074, 0.000137163044882851, 0.00013910153411329922, 0.00015687148516053091, 0.00015517436821432755, 4.709261270265365e-05, 9.387598645158866e-06, -8.236852743460557e-05]",0.005610131351736547,0.37587880056634865,67.0,0.011873895631572333
"[0.00015914992747710375, 0.0001565983500327161, 0.00014793809189070074, 0.00013052440769927874, 0.0001591405768725165, 0.00016156823904128667, 5.2665029804871785e-05, 5.572690483662578e-06, -7.578765945365771e-05]",0.005610131351736547,0.3814889319180852,68.0,0.013227406699822445
"[0.00016894674232066328, 0.00015914992747710375, 0.0001565983500327161, 0.000137163044882851, 0.00015907451814216496, 0.00017764555072468825, 5.954273738799044e-05, 2.4023299752846978e-06, -7.38174825332929e-05]",0.005610131351736547,0.38709906326982174,69.0,0.019232367535687033
"[0.00017587838437184007, 0.00016894674232066328, 0.00015914992747710375, 0.00014793809189070074, 0.00015444494004152262, 0.00018535888211990655, 6.504551714574817e-05, 6.771617252873398e-06, -7.594988752452387e-05]",0.005610131351736547,0.3927091946215583,70.0,0.028843070214846972
"[0.00019018095548669868, 0.00017587838437184007, 0.00016894674232066328, 0.0001565983500327161, 0.00013910153411329922, 0.00018420120478205098, 6.700580200656419e-05, 6.339181831159944e-06, -7.728860157232228e-05]",0.005610131351736547,0.39831932597329484,71.0,0.03809913268405594
"[0.00020698006804619346, 0.00019018095548669868, 0.00017587838437184007, 0.00015914992747710375, 0.00013052440769927874, 0.00018684360157830335, 7.361300718173855e-05, -8.676157271250096e-06, -7.414388475312592e-05]",0.005610131351736547,0.4039294573250314,72.0,0.04655732111666123
"[0.00022029453559322326, 0.00020698006804619346, 0.00019018095548669868, 0.00016894674232066328, 0.000137163044882851, 0.0001807062936534103, 7.429921802701004e-05, -1.9999527137934353e-05, -7.480284747986403e-05]",0.005610131351736547,0.40953958867676793,73.0,0.07162642088657974
"[0.00023026835105867526, 0.00022029453559322326, 0.00020698006804619346, 0.00017587838437184007, 0.00014793809189070074, 0.00015991790332092761, 8.741666288787403e-05, -9.956601456059468e-06, -7.355210087616929e-05]",0.005610131351736547,0.4151497200285045,74.0,0.11754535677427963
"[0.00024498022425246903, 0.00023026835105867526, 0.00022029453559322326, 0.00019018095548669868, 0.0001565983500327161, 0.00015687148516053091, 9.504644303595806e-05, -2.382698804160248e-06, -6.866928186364929e-05]",0.005610131351736547,0.420759851380241,75.0,0.11210758086226076
"[0.00026269281563429396, 0.00024498022425246903, 0.00023026835105867526, 0.00020698006804619346, 0.00015914992747710375, 0.0001591405768725165, 0.00010416200978037189, 9.15335851411977e-06, -6.27585045743223e-05]",0.005610131351736547,0.42636998273197757,76.0,0.14619594938532662
"[0.00026750846291540156, 0.00026269281563429396, 0.00024498022425246903, 0.00022029453559322326, 0.00016894674232066328, 0.00015907451814216496, 0.00011031466736525251, 1.8943262623267823e-05, -6.051271592154471e-05]",0.005610131351736547,0.4319801140837141,77.0,0.12952523362343352
"[0.00027567673805340825, 0.00026750846291540156, 0.00026269281563429396, 0.00023026835105867526, 0.00017587838437184007, 0.00015444494004152262, 0.00011932200183554693, 2.369997918551187e-05, -5.4696513708332565e-05]",0.005610131351736547,0.43759024543545066,78.0,0.22176099681259298
"[0.0002757112827355544, 0.00027567673805340825, 0.00026750846291540156, 0.00024498022425246903, 0.00019018095548669868, 0.00013910153411329922, 0.00012809232434300198, 2.587267132449049e-05, -5.445445404585623e-05]",0.005610131351736547,0.4432003767871872,79.0,0.3630347946863167
"[0.0002890491465210909, 0.0002757112827355544, 0.00027567673805340825, 0.00026269281563429396, 0.00020698006804619346, 0.00013052440769927874, 0.00013516607802047212, 2.5409565883464365e-05, -5.7361287188965136e-05]",0.005610131351736547,0.44881050813892376,80.0,0.486996463854638
"[0.0003070350400081262, 0.0002890491465210909, 0.0002757112827355544, 0.00026750846291540156, 0.00022029453559322326, 0.000137163044882851, 0.00013835153950547693, 1.4349517162503888e-05, -6.40172631397808e-05]",0.005610131351736547,0.4544206394906603,81.0,0.5510713591870706
"[0.0003226920875439362, 0.0003070350400081262, 0.0002890491465210909, 0.00027567673805340825, 0.00023026835105867526, 0.00014793809189070074, 0.0001521816008462396, 1.0751465068563337e-05, -6.814876357475505e-05]",0.005610131351736547,0.46003077084239685,82.0,0.530657270721599
"[0.0003327533178616216, 0.0003226920875439362, 0.0003070350400081262, 0.0002757112827355544, 0.00024498022425246903, 0.0001565983500327161, 0.00015517436821432755, 2.153340587440149e-05, -7.472284565330401e-05]",0.005610131351736547,0.4656409021941334,83.0,0.6292532957500092
"[0.0003351760512187664, 0.0003327533178616216, 0.0003226920875439362, 0.0002890491465210909, 0.00026269281563429396, 0.00015914992747710375, 0.00016156823904128667, 2.785297127846128e-05, -8.52292726826644e-05]",0.005610131351736547,0.47125103354586995,84.0,0.6472641194634845
"[0.00034294139845425866, 0.0003351760512187664, 0.0003327533178616216, 0.0003070350400081262, 0.00026750846291540156, 0.00016894674232066328, 0.00017764555072468825, 2.195398384374439e-05, -8.138041491672065e-05]",0.005610131351736547,0.4768611648976065,85.0,0.6190571964149283
"[0.0003471315564345178, 0.00034294139845425866, 0.0003351760512187664, 0.0003226920875439362, 0.00027567673805340825, 0.00017587838437184007, 0.00018535888211990655, 2.855190165372659e-05, -7.794577760573504e-05]",0.005610131351736547,0.48247129624934304,86.0,0.7656365704773028
"[0.0003467275615443248, 0.0003471315564345178, 0.00034294139845425866, 0.0003327533178616216, 0.0002757112827355544, 0.00019018095548669868, 0.00018420120478205098, 3.231526632666923e-05, -7.957531408925892e-05]",0.005610131351736547,0.4880814276010796,87.0,0.7259380956922011
"[0.0003580506249457106, 0.0003467275615443248, 0.0003471315564345178, 0.0003351760512187664, 0.0002890491465210909, 0.00020698006804619346, 0.00018684360157830335, 3.737491309184639e-05, -8.184673892617706e-05]",0.005610131351736547,0.49369155895281613,88.0,0.8204540527590788
"[0.00035885240510801755, 0.0003580506249457106, 0.0003467275615443248, 0.00034294139845425866, 0.0003070350400081262, 0.00022029453559322326, 0.0001807062936534103, 3.5418540609605806e-05, -7.843551503328255e-05]",0.005610131351736547,0.4993016903045527,89.0,0.9046493763503765
"[0.0003677381424133224, 0.00035885240510801755, 0.0003580506249457106, 0.0003471315564345178, 0.0003226920875439362, 0.00023026835105867526, 0.00015991790332092761, 3.292425710530827e-05, -5.9556580505931346e-05]",0.005610131351736547,0.5049118216562892,90.0,0.8584130702091958
"[0.00038207982162498773, 0.0003677381424133224, 0.00035885240510801755, 0.0003467275615443248, 0.0003327533178616216, 0.00024498022425246903, 0.00015687148516053091, 4.5979817672289416e-05, -4.4509882850225465e-05]",0.005610131351736547,0.5105219530080258,91.0,0.9122894856889313
"[0.0003809339491101774, 0.00038207982162498773, 0.0003677381424133224, 0.0003580506249457106, 0.0003351760512187664, 0.00026269281563429396, 0.0001591405768725165, 5.085965924386689e-05, -3.37336680530776e-05]",0.005610131351736547,0.5161320843597623,92.0,0.9226284407659278
"[0.00038823000690116555, 0.0003809339491101774, 0.00038207982162498773, 0.00035885240510801755, 0.00034294139845425866, 0.00026750846291540156, 0.00015907451814216496, 5.179580818729253e-05, -2.708666153517182e-05]",0.005610131351736547,0.5217422157114988,93.0,0.9408655656295272
"[0.00039304417274891196, 0.00038823000690116555, 0.0003809339491101774, 0.0003677381424133224, 0.0003471315564345178, 0.00027567673805340825, 0.00015444494004152262, 4.918213269631699e-05, -2.5151077715441284e-05]",0.005610131351736547,0.5273523470632354,94.0,0.9057541776772552
"[0.00039896942773146916, 0.00039304417274891196, 0.00038823000690116555, 0.00038207982162498773, 0.0003467275615443248, 0.0002757112827355544, 0.00013910153411329922, 5.0951023173642354e-05, -2.996007496047533e-05]",0.005610131351736547,0.532962478414972,95.0,0.9493672539557928
"[0.00039412917410701565, 0.00039896942773146916, 0.00039304417274891196, 0.0003809339491101774, 0.0003580506249457106, 0.0002890491465210909, 0.00013052440769927874, 5.102975595802008e-05, -2.027331632117697e-05]",0.005610131351736547,0.5385726097667085,96.0,0.9762347836826916
"[0.0004017844603901718, 0.00039412917410701565, 0.00039896942773146916, 0.00038823000690116555, 0.00035885240510801755, 0.0003070350400081262, 0.000137163044882851, 4.878817752952397e-05, -2.6073519732067126e-05]",0.005610131351736547,0.544182741118445,97.0,0.9861536698055614
"[0.00041573830347977004, 0.0004017844603901718, 0.00039412917410701565, 0.00039304417274891196, 0.0003677381424133224, 0.0003226920875439362, 0.00014793809189070074, 4.802221563390667e-05, -3.523753174661201e-05]",0.005610131351736547,0.5497928724701816,98.0,0.9868671514953183
"[0.0004282796331674431, 0.00041573830347977004, 0.0004017844603901718, 0.00039896942773146916, 0.00038207982162498773, 0.0003327533178616216, 0.0001565983500327161, 4.709261270265365e-05, -4.388319990771979e-05]",0.005610131351736547,0.5554030038219182,99.0,0.992941610910784
"[0.0004337477398270679, 0.0004282796331674431, 0.00041573830347977004, 0.00039412917410701565, 0.0003809339491101774, 0.0003351760512187664, 0.00015914992747710375, 5.2665029804871785e-05, -4.9696015143741783e-05]",0.005610131351736547,0.5610131351736547,100.0,0.997863075292967
"[0.00044389938083219693, 0.0004337477398270679, 0.0004282796331674431, 0.0004017844603901718, 0.00038823000690116555, 0.00034294139845425866, 0.00016894674232066328, 5.954273738799044e-05, -5.775824331375448e-05]",0.005610131351736547,0.5666232665253912,101.0,0.9981663715253405
"[0.0004625901256737471, 0.00044389938083219693, 0.0004337477398270679, 0.00041573830347977004, 0.00039304417274891196, 0.0003471315564345178, 0.00017587838437184007, 6.504551714574817e-05, -6.98827002426034e-05]",0.005610131351736547,0.5722333978771278,102.0,0.9986270341974293
"[0.0004715944621290693, 0.0004625901256737471, 0.00044389938083219693, 0.0004282796331674431, 0.00039896942773146916, 0.0003467275615443248, 0.00019018095548669868, 6.700580200656419e-05, -8.106763351888458e-05]",0.005610131351736547,0.5778435292288644,103.0,0.998555032677086
"[0.0004785451335318931, 0.0004715944621290693, 0.0004625901256737471, 0.0004337477398270679, 0.00039412917410701565, 0.0003580506249457106, 0.00020698006804619346, 7.361300718173855e-05, -9.400615445724552e-05]",0.005610131351736547,0.5834536605806009,104.0,0.999357053759644
"[0.00048067680594639076, 0.0004785451335318931, 0.0004715944621290693, 0.00044389938083219693, 0.0004017844603901718, 0.00035885240510801755, 0.00022029453559322326, 7.429921802701004e-05, -9.979201345600616e-05]",0.005610131351736547,0.5890637919323374,105.0,0.9996173517558199
"[0.000490779235068859, 0.00048067680594639076, 0.0004785451335318931, 0.0004625901256737471, 0.00041573830347977004, 0.0003677381424133224, 0.00023026835105867526, 8.741666288787403e-05, -9.299342064512039e-05]",0.005610131351736547,0.594673923284074,106.0,0.999451411541234
"[0.0005006530879706326, 0.000490779235068859, 0.00048067680594639076, 0.0004715944621290693, 0.0004282796331674431, 0.00038207982162498773, 0.00024498022425246903, 9.504644303595806e-05, -8.389986526172465e-05]",0.005610131351736547,0.6002840546358106,107.0,0.9995568982703272
"[0.0005005332755696375, 0.0005006530879706326, 0.000490779235068859, 0.0004785451335318931, 0.0004337477398270679, 0.0003809339491101774, 0.00026269281563429396, 0.00010416200978037189, -7.23003978627637e-05]",0.005610131351736547,0.6058941859875471,108.0,0.9993506620899376
"[0.0005028292874695923, 0.0005005332755696375, 0.0005006530879706326, 0.00048067680594639076, 0.00044389938083219693, 0.00038823000690116555, 0.00026750846291540156, 0.00011031466736525251, -6.719221349638817e-05]",0.005610131351736547,0.6115043173392836,109.0,0.9987617091687597
"[0.0004995521492440004, 0.0005028292874695923, 0.0005005332755696375, 0.000490779235068859, 0.0004625901256737471, 0.00039304417274891196, 0.00027567673805340825, 0.00011932200183554693, -6.478927732102834e-05]",0.005610131351736547,0.6171144486910202,110.0,0.9994748020715841
"[0.0004910158484289045, 0.0004995521492440004, 0.0005028292874695923, 0.0005006530879706326, 0.0004715944621290693, 0.00039896942773146916, 0.0002757112827355544, 0.00012809232434300198, -6.875326873526272e-05]",0.005610131351736547,0.6227245800427568,111.0,0.9997016290547329
"[0.000497187566028162, 0.0004910158484289045, 0.0004995521492440004, 0.0005005332755696375, 0.0004785451335318931, 0.00039412917410701565, 0.0002890491465210909, 0.00013516607802047212, -6.621515289291135e-05]",0.005610131351736547,0.6283347113944933,112.0,0.9998643464898973
"[0.0005058691380875411, 0.000497187566028162, 0.0004910158484289045, 0.0005028292874695923, 0.00048067680594639076, 0.0004017844603901718, 0.0003070350400081262, 0.00013835153950547693, -7.236522686542639e-05]",0.005610131351736547,0.6339448427462298,113.0,0.9998287926600611
"[0.0005177491227425466, 0.0005058691380875411, 0.000497187566028162, 0.0004995521492440004, 0.000490779235068859, 0.00041573830347977004, 0.0003226920875439362, 0.0001521816008462396, -7.766217907918482e-05]",0.005610131351736547,0.6395549740979664,114.0,0.9998358600559596
"[0.000520090671194154, 0.0005177491227425466, 0.0005058691380875411, 0.0004910158484289045, 0.0005006530879706326, 0.0004282796331674431, 0.0003327533178616216, 0.00015517436821432755, -6.972345146561366e-05]",0.005610131351736547,0.645165105449703,115.0,0.9997892702828952
"[0.0005215093985010028, 0.000520090671194154, 0.0005177491227425466, 0.000497187566028162, 0.0005005332755696375, 0.0004337477398270679, 0.0003351760512187664, 0.00016156823904128667, -6.257019435145652e-05]",0.005610131351736547,0.6507752368014394,116.0,0.9999061551538754
"[0.0005194619936855567, 0.0005215093985010028, 0.000520090671194154, 0.0005058691380875411, 0.0005028292874695923, 0.00044389938083219693, 0.00034294139845425866, 0.00017764555072468825, -5.618167627799579e-05]",0.005610131351736547,0.6563853681531759,117.0,0.999912040886653
"[0.0005270707437267115, 0.0005194619936855567, 0.0005215093985010028, 0.0005177491227425466, 0.0004995521492440004, 0.0004625901256737471, 0.0003471315564345178, 0.00018535888211990655, -4.3701030930199585e-05]",0.005610131351736547,0.6619954995049125,118.0,0.9999903922767641
"[0.0005308630271045837, 0.0005270707437267115, 0.0005194619936855567, 0.000520090671194154, 0.0004910158484289045, 0.0004715944621290693, 0.0003467275615443248, 0.00018420120478205098, -4.095129280863081e-05]",0.005610131351736547,0.6676056308566491,119.0,0.9999979209976236
"[0.0005546023751258, 0.0005308630271045837, 0.0005270707437267115, 0.0005215093985010028, 0.000497187566028162, 0.0004785451335318931, 0.0003580506249457106, 0.00018684360157830335, -3.744352928907379e-05]",0.005610131351736547,0.6732157622083856,120.0,0.9999990314831022
"[0.0005786938608981522, 0.0005546023751258, 0.0005308630271045837, 0.0005194619936855567, 0.0005058691380875411, 0.00048067680594639076, 0.00035885240510801755, 0.0001807062936534103, -3.102838974426256e-05]",0.005610131351736547,0.6788258935601221,121.0,0.9999997243971696
"[0.0005954346795083733, 0.0005786938608981522, 0.0005546023751258, 0.0005270707437267115, 0.0005177491227425466, 0.000490779235068859, 0.0003677381424133224, 0.00015991790332092761, -3.37343587433405e-05]",0.005610131351736547,0.6844360249118587,122.0,0.9999998250259313
"[0.0006135095433280308, 0.0005954346795083733, 0.0005786938608981522, 0.0005308630271045837, 0.000520090671194154, 0.0005006530879706326, 0.00038207982162498773, 0.00015687148516053091, -2.643120955384106e-05]",0.005610131351736547,0.6900461562635953,123.0,0.9999994585770662
"[0.0006248851789583946, 0.0006135095433280308, 0.0005954346795083733, 0.0005546023751258, 0.0005215093985010028, 0.0005005332755696375, 0.0003809339491101774, 0.0001591405768725165, -2.04162335505061e-05]",0.005610131351736547,0.6956562876153318,124.0,0.999999507162353
"[0.0006198099479284336, 0.0006248851789583946, 0.0006135095433280308, 0.0005786938608981522, 0.0005194619936855567, 0.0005028292874695923, 0.00038823000690116555, 0.00015907451814216496, -5.749319610294013e-06]",0.005610131351736547,0.7012664189670683,125.0,0.9999984435733762
"[0.0006183934405245045, 0.0006198099479284336, 0.0006248851789583946, 0.0005954346795083733, 0.0005270707437267115, 0.0004995521492440004, 0.00039304417274891196, 0.00015444494004152262, -7.300440181233042e-06]",0.005610131351736547,0.7068765503188049,126.0,0.999997446402962
"[0.0006074989269740807, 0.0006183934405245045, 0.0006198099479284336, 0.0006135095433280308, 0.0005308630271045837, 0.0004910158484289045, 0.00039896942773146916, 0.00013910153411329922, -1.3512237005637655e-06]",0.005610131351736547,0.7124866816705415,127.0,0.999998960718845
"[0.0005983744873046869, 0.0006074989269740807, 0.0006183934405245045, 0.0006248851789583946, 0.0005546023751258, 0.000497187566028162, 0.00039412917410701565, 0.00013052440769927874, -7.973743293074183e-07]",0.005610131351736547,0.718096813022278,128.0,0.999999083406
"[0.0006029517126784824, 0.0005983744873046869, 0.0006074989269740807, 0.0006198099479284336, 0.0005786938608981522, 0.0005058691380875411, 0.0004017844603901718, 0.000137163044882851, 1.179973868074454e-05]",0.005610131351736547,0.7237069443740145,129.0,0.999999141716424
"[0.0006059691061790017, 0.0006029517126784824, 0.0005983744873046869, 0.0006183934405245045, 0.0005954346795083733, 0.0005177491227425466, 0.00041573830347977004, 0.00014793809189070074, 1.493998524100631e-05]",0.005610131351736547,0.7293170757257511,130.0,0.999998518984787
"[0.0006078595549293381, 0.0006059691061790017, 0.0006029517126784824, 0.0006074989269740807, 0.0006135095433280308, 0.000520090671194154, 0.0004282796331674431, 0.0001565983500327161, 9.387598645158866e-06]",0.005610131351736547,0.7349272070774877,131.0,0.9999959037546909
"[0.0006036739534810558, 0.0006078595549293381, 0.0006059691061790017, 0.0005983744873046869, 0.0006248851789583946, 0.0005215093985010028, 0.0004337477398270679, 0.00015914992747710375, 5.572690483662578e-06]",0.005610131351736547,0.7405373384292242,132.0,0.9999869909390577
"[0.0005926201762074743, 0.0006036739534810558, 0.0006078595549293381, 0.0006029517126784824, 0.0006198099479284336, 0.0005194619936855567, 0.00044389938083219693, 0.00016894674232066328, 2.4023299752846978e-06]",0.005610131351736547,0.7461474697809607,133.0,0.9999923267501732
"[0.0005771070196101879, 0.0005926201762074743, 0.0006036739534810558, 0.0006059691061790017, 0.0006183934405245045, 0.0005270707437267115, 0.0004625901256737471, 0.00017587838437184007, 6.771617252873398e-06]",0.005610131351736547,0.7517576011326973,134.0,0.9999930103627986
"[0.0005753802384335125, 0.0005771070196101879, 0.0005926201762074743, 0.0006078595549293381, 0.0006074989269740807, 0.0005308630271045837, 0.0004715944621290693, 0.00019018095548669868, 6.339181831159944e-06]",0.005610131351736547,0.7573677324844339,135.0,0.9999916561241067
"[0.0005755032150798686, 0.0005753802384335125, 0.0005771070196101879, 0.0006036739534810558, 0.0005983744873046869, 0.0005546023751258, 0.0004785451335318931, 0.00020698006804619346, -8.676157271250096e-06]",0.005610131351736547,0.7629778638361704,136.0,0.9999953372683842
"[0.0005738017734602004, 0.0005755032150798686, 0.0005753802384335125, 0.0005926201762074743, 0.0006029517126784824, 0.0005786938608981522, 0.00048067680594639076, 0.00022029453559322326, -1.9999527137934353e-05]",0.005610131351736547,0.7685879951879069,137.0,0.9999967465626982
"[0.0005786097296490219, 0.0005738017734602004, 0.0005755032150798686, 0.0005771070196101879, 0.0006059691061790017, 0.0005954346795083733, 0.000490779235068859, 0.00023026835105867526, -9.956601456059468e-06]",0.005610131351736547,0.7741981265396435,138.0,0.9999960918713743
"[0.0005840899609194186, 0.0005786097296490219, 0.0005738017734602004, 0.0005753802384335125, 0.0006078595549293381, 0.0006135095433280308, 0.0005006530879706326, 0.00024498022425246903, -2.382698804160248e-06]",0.005610131351736547,0.7798082578913801,139.0,0.9999959761474448
"[0.000584623412175971, 0.0005840899609194186, 0.0005786097296490219, 0.0005755032150798686, 0.0006036739534810558, 0.0006248851789583946, 0.0005005332755696375, 0.00026269281563429396, 9.15335851411977e-06]",0.005610131351736547,0.7854183892431166,140.0,0.999998320194755
"[0.0005846254061704762, 0.000584623412175971, 0.0005840899609194186, 0.0005738017734602004, 0.0005926201762074743, 0.0006198099479284336, 0.0005028292874695923, 0.00026750846291540156, 1.8943262623267823e-05]",0.005610131351736547,0.7910285205948531,141.0,0.9999987900969481
"[0.0005926993531564723, 0.0005846254061704762, 0.000584623412175971, 0.0005786097296490219, 0.0005771070196101879, 0.0006183934405245045, 0.0004995521492440004, 0.00027567673805340825, 2.369997918551187e-05]",0.005610131351736547,0.7966386519465897,142.0,0.9999993317107018
"[0.0005989147323216974, 0.0005926993531564723, 0.0005846254061704762, 0.0005840899609194186, 0.0005753802384335125, 0.0006074989269740807, 0.0004910158484289045, 0.0002757112827355544, 2.587267132449049e-05]",0.005610131351736547,0.8022487832983263,143.0,0.9999990021913774
"[0.0006067973384680884, 0.0005989147323216974, 0.0005926993531564723, 0.000584623412175971, 0.0005755032150798686, 0.0005983744873046869, 0.000497187566028162, 0.0002890491465210909, 2.5409565883464365e-05]",0.005610131351736547,0.8078589146500628,144.0,0.999999561033173
"[0.0006064679631614041, 0.0006067973384680884, 0.0005989147323216974, 0.0005846254061704762, 0.0005738017734602004, 0.0006029517126784824, 0.0005058691380875411, 0.0003070350400081262, 1.4349517162503888e-05]",0.005610131351736547,0.8134690460017993,145.0,0.9999997749112017
"[0.0006135215500435217, 0.0006064679631614041, 0.0006067973384680884, 0.0005926993531564723, 0.0005786097296490219, 0.0006059691061790017, 0.0005177491227425466, 0.0003226920875439362, 1.0751465068563337e-05]",0.005610131351736547,0.8190791773535359,146.0,0.9999997573594538
"[0.0006223171369205931, 0.0006135215500435217, 0.0006064679631614041, 0.0005989147323216974, 0.0005840899609194186, 0.0006078595549293381, 0.000520090671194154, 0.0003327533178616216, 2.153340587440149e-05]",0.005610131351736547,0.8246893087052725,147.0,0.9999998133015294
"[0.0006253126001693041, 0.0006223171369205931, 0.0006135215500435217, 0.0006067973384680884, 0.000584623412175971, 0.0006036739534810558, 0.0005215093985010028, 0.0003351760512187664, 2.785297127846128e-05]",0.005610131351736547,0.830299440057009,148.0,0.9999995830090291
"[0.0006289521786189139, 0.0006253126001693041, 0.0006223171369205931, 0.0006064679631614041, 0.0005846254061704762, 0.0005926201762074743, 0.0005194619936855567, 0.00034294139845425866, 2.195398384374439e-05]",0.005610131351736547,0.8359095714087454,149.0,0.9999998475019408
"[0.0006234822615544701, 0.0006289521786189139, 0.0006253126001693041, 0.0006135215500435217, 0.0005926993531564723, 0.0005771070196101879, 0.0005270707437267115, 0.0003471315564345178, 2.855190165372659e-05]",0.005610131351736547,0.841519702760482,150.0,0.9999999271490287
"[0.0006299615519963813, 0.0006234822615544701, 0.0006289521786189139, 0.0006223171369205931, 0.0005989147323216974, 0.0005753802384335125, 0.0005308630271045837, 0.0003467275615443248, 3.231526632666923e-05]",0.005610131351736547,0.8471298341122186,151.0,0.9999999840449123
"[0.0006389553088833526, 0.0006299615519963813, 0.0006234822615544701, 0.0006253126001693041, 0.0006067973384680884, 0.0005755032150798686, 0.0005546023751258, 0.0003580506249457106, 3.737491309184639e-05]",0.005610131351736547,0.8527399654639551,152.0,0.9999999888324086
"[0.0006552821504879476, 0.0006389553088833526, 0.0006299615519963813, 0.0006289521786189139, 0.0006064679631614041, 0.0005738017734602004, 0.0005786938608981522, 0.00035885240510801755, 3.5418540609605806e-05]",0.005610131351736547,0.8583500968156916,153.0,0.9999999966959028
"[0.0006648979641966946, 0.0006552821504879476, 0.0006389553088833526, 0.0006234822615544701, 0.0006135215500435217, 0.0005786097296490219, 0.0005954346795083733, 0.0003677381424133224, 3.292425710530827e-05]",0.005610131351736547,0.8639602281674282,154.0,0.9999999871179432
"[0.000678679735125239, 0.0006648979641966946, 0.0006552821504879476, 0.0006299615519963813, 0.0006223171369205931, 0.0005840899609194186, 0.0006135095433280308, 0.00038207982162498773, 4.5979817672289416e-05]",0.005610131351736547,0.8695703595191648,155.0,0.999999988978831
"[0.0006735814195143129, 0.000678679735125239, 0.0006648979641966946, 0.0006389553088833526, 0.0006253126001693041, 0.000584623412175971, 0.0006248851789583946, 0.0003809339491101774, 5.085965924386689e-05]",0.005610131351736547,0.8751804908709013,156.0,0.9999999895379454
"[0.0006725676880649943, 0.0006735814195143129, 0.000678679735125239, 0.0006552821504879476, 0.0006289521786189139, 0.0005846254061704762, 0.0006198099479284336, 0.00038823000690116555, 5.179580818729253e-05]",0.005610131351736547,0.8807906222226378,157.0,0.9999999794733203
"[0.0006725501745520845, 0.0006725676880649943, 0.0006735814195143129, 0.0006648979641966946, 0.0006234822615544701, 0.0005926993531564723, 0.0006183934405245045, 0.00039304417274891196, 4.918213269631699e-05]",0.005610131351736547,0.8864007535743744,158.0,0.9999999852721373
"[0.000667166128808247, 0.0006725501745520845, 0.0006725676880649943, 0.000678679735125239, 0.0006299615519963813, 0.0005989147323216974, 0.0006074989269740807, 0.00039896942773146916, 5.0951023173642354e-05]",0.005610131351736547,0.892010884926111,159.0,0.9999999713094742
"[0.0006674818968175862, 0.000667166128808247, 0.0006725501745520845, 0.0006735814195143129, 0.0006389553088833526, 0.0006067973384680884, 0.0005983744873046869, 0.00039412917410701565, 5.102975595802008e-05]",0.005610131351736547,0.8976210162778475,160.0,0.9999999777557932
"[0.0006622617360541573, 0.0006674818968175862, 0.000667166128808247, 0.0006725676880649943, 0.0006552821504879476, 0.0006064679631614041, 0.0006029517126784824, 0.0004017844603901718, 4.878817752952397e-05]",0.005610131351736547,0.903231147629584,161.0,0.999999981919759
"[0.0006622044554430301, 0.0006622617360541573, 0.0006674818968175862, 0.0006725501745520845, 0.0006648979641966946, 0.0006135215500435217, 0.0006059691061790017, 0.00041573830347977004, 4.802221563390667e-05]",0.005610131351736547,0.9088412789813206,162.0,0.9999999887740932
"[0.0006638079721591808, 0.0006622044554430301, 0.0006622617360541573, 0.000667166128808247, 0.000678679735125239, 0.0006223171369205931, 0.0006078595549293381, 0.0004282796331674431, 4.709261270265365e-05]",0.005610131351736547,0.9144514103330572,163.0,0.9999999763357512
"[0.0006684313422791041, 0.0006638079721591808, 0.0006622044554430301, 0.0006674818968175862, 0.0006735814195143129, 0.0006253126001693041, 0.0006036739534810558, 0.0004337477398270679, 5.2665029804871785e-05]",0.005610131351736547,0.9200615416847937,164.0,0.9999999870424092
"[0.0006644417858271487, 0.0006684313422791041, 0.0006638079721591808, 0.0006622617360541573, 0.0006725676880649943, 0.0006289521786189139, 0.0005926201762074743, 0.00044389938083219693, 5.954273738799044e-05]",0.005610131351736547,0.9256716730365302,165.0,0.9999999961624828
"[0.0006674317554626164, 0.0006644417858271487, 0.0006684313422791041, 0.0006622044554430301, 0.0006725501745520845, 0.0006234822615544701, 0.0005771070196101879, 0.0004625901256737471, 6.504551714574817e-05]",0.005610131351736547,0.9312818043882668,166.0,0.9999999951623306
"[0.0006783214073990114, 0.0006674317554626164, 0.0006644417858271487, 0.0006638079721591808, 0.000667166128808247, 0.0006299615519963813, 0.0005753802384335125, 0.0004715944621290693, 6.700580200656419e-05]",0.005610131351736547,0.9368919357400034,167.0,0.9999999978301414
"[0.0006811947996247293, 0.0006783214073990114, 0.0006674317554626164, 0.0006684313422791041, 0.0006674818968175862, 0.0006389553088833526, 0.0005755032150798686, 0.0004785451335318931, 7.361300718173855e-05]",0.005610131351736547,0.9425020670917399,168.0,0.9999999989345504
"[0.000688494482397561, 0.0006811947996247293, 0.0006783214073990114, 0.0006644417858271487, 0.0006622617360541573, 0.0006552821504879476, 0.0005738017734602004, 0.00048067680594639076, 7.429921802701004e-05]",0.005610131351736547,0.9481121984434764,169.0,0.9999999983480783
"[0.0006970373465950518, 0.000688494482397561, 0.0006811947996247293, 0.0006674317554626164, 0.0006622044554430301, 0.0006648979641966946, 0.0005786097296490219, 0.000490779235068859, 8.741666288787403e-05]",0.005610131351736547,0.953722329795213,170.0,0.9999999984930886
"[0.000697555618197046, 0.0006970373465950518, 0.000688494482397561, 0.0006783214073990114, 0.0006638079721591808, 0.000678679735125239, 0.0005840899609194186, 0.0005006530879706326, 9.504644303595806e-05]",0.005610131351736547,0.9593324611469496,171.0,0.9999999997635
"[0.0006984051246393373, 0.000697555618197046, 0.0006970373465950518, 0.0006811947996247293, 0.0006684313422791041, 0.0006735814195143129, 0.000584623412175971, 0.0005005332755696375, 0.00010416200978037189]",0.005610131351736547,0.9649425924986861,172.0,0.9999999998979815
"[4.7846614217253545e-05, 5.295679601420933e-05, 5.5886807872390966e-05, 3.103705554587334e-05, 3.304792017103041e-05, 4.0136479248138106e-05, 3.1104564836379145e-05, -6.778405192232905e-05, -0.0001441404581615392]",0.0,0.0,0.0,0.0
"[4.832879271358472e-05, 4.7846614217253545e-05, 5.295679601420933e-05, 4.434839774556235e-05, 2.867149672474729e-05, 3.879939477754848e-05, 2.4417717754281472e-05, -6.418909150261048e-05, -0.00014555887934567197]",0.0,0.0,0.0,0.0
"[4.9770505521822956e-05, 4.832879271358472e-05, 4.7846614217253545e-05, 5.5886807872390966e-05, 2.919714454107499e-05, 3.594206229828519e-05, 2.9742704130327207e-05, -5.500354324542854e-05, -0.00014700063488905823]",0.0,0.0,0.0,0.0
"[5.534640980603553e-05, 4.9770505521822956e-05, 4.832879271358472e-05, 5.295679601420933e-05, 2.7716886672884268e-05, 3.955730864370616e-05, 3.302010438506414e-05, -5.2618295817256877e-05, -0.000139382279104562]",0.0,0.0,0.0,0.0
"[5.115238750914505e-05, 5.534640980603553e-05, 4.9770505521822956e-05, 4.7846614217253545e-05, 3.103705554587334e-05, 3.905963709054023e-05, 3.509518190597133e-05, -4.195082148300527e-05, -0.00012962973462498514]",0.0,0.0,0.0,0.0
"[5.0566333691481344e-05, 5.115238750914505e-05, 5.534640980603553e-05, 4.832879271358472e-05, 4.434839774556235e-05, 3.847660755660971e-05, 4.571267332349001e-05, -4.019151422674857e-05, -0.00011617676967700363]",0.0,0.0,0.0,0.0
"[5.4647186807979845e-05, 5.0566333691481344e-05, 5.115238750914505e-05, 4.9770505521822956e-05, 5.5886807872390966e-05, 3.552031557095171e-05, 4.267295141311878e-05, -3.5757383609471455e-05, -0.00010407396811822094]",0.0,0.0,0.0,0.0
"[5.202095827465881e-05, 5.4647186807979845e-05, 5.0566333691481344e-05, 5.534640980603553e-05, 5.295679601420933e-05, 3.856769783711987e-05, 3.4451824201748056e-05, -3.5776912330107685e-05, -0.00010274197200211486]",0.0,0.0,0.0,0.0
"[4.9266030155481836e-05, 5.202095827465881e-05, 5.4647186807979845e-05, 5.115238750914505e-05, 4.7846614217253545e-05, 3.304792017103041e-05, 3.6052260312301926e-05, -3.9859517357039146e-05, -0.00010199268255072064]",0.0,0.0,0.0,0.0
"[4.801577140407918e-05, 4.9266030155481836e-05, 5.202095827465881e-05, 5.0566333691481344e-05, 4.832879271358472e-05, 2.867149672474729e-05, 3.0384834361634412e-05, -4.2498391868863034e-05, -0.00010319081936949282]",0.0,0.0,0.0,0.0
"[4.067839562163442e-05, 4.801577140407918e-05, 4.9266030155481836e-05, 5.4647186807979845e-05, 4.9770505521822956e-05, 2.919714454107499e-05, 2.9298370274324958e-05, -4.078930056715003e-05, -9.996753901227196e-05]",0.0,0.0,0.0,0.0
"[3.76497380193094e-05, 4.067839562163442e-05, 4.801577140407918e-05, 5.202095827465881e-05, 5.534640980603553e-05, 2.7716886672884268e-05, 2.9037565368725398e-05, -3.3936951919771966e-05, -0.00010160563397082599]",0.0,0.0,0.0,0.0
"[3.573027131592611e-05, 3.76497380193094e-05, 4.067839562163442e-05, 4.9266030155481836e-05, 5.115238750914505e-05, 3.103705554587334e-05, 3.024170371437848e-05, -2.1295052983966226e-05, -0.00010223931588844346]",0.0,0.0,0.0,0.0
"[3.5141954599994336e-05, 3.573027131592611e-05, 3.76497380193094e-05, 4.801577140407918e-05, 5.0566333691481344e-05, 4.434839774556235e-05, 3.904170299011486e-05, -1.5498025636412067e-05, -9.888802480452925e-05]",0.0,0.0,0.0,0.0
"[2.692750666669869e-05, 3.5141954599994336e-05, 3.573027131592611e-05, 4.067839562163442e-05, 5.4647186807979845e-05, 5.5886807872390966e-05, 4.27509683344235e-05, -1.0388297378857548e-05, -0.00010365726897440292]",0.0,0.0,0.0,0.0
"[2.1026685656293967e-05, 2.692750666669869e-05, 3.5141954599994336e-05, 3.76497380193094e-05, 5.202095827465881e-05, 5.295679601420933e-05, 4.487892885625198e-05, -4.178403680385196e-06, -0.00010895037327502759]",0.0,0.0,0.0,0.0
"[2.8593029356733128e-05, 2.1026685656293967e-05, 2.692750666669869e-05, 3.573027131592611e-05, 4.9266030155481836e-05, 4.7846614217253545e-05, 4.0136479248138106e-05, -2.4040313132615042e-06, -0.0001159405253771119]",0.0,0.0,0.0,0.0
"[3.902128156598319e-05, 2.8593029356733128e-05, 2.1026685656293967e-05, 3.5141954599994336e-05, 4.801577140407918e-05, 4.832879271358472e-05, 3.879939477754848e-05, 1.0137253562350298e-05, -0.00011708882556540165]",-0.00038856718489917175,-0.0,0.0,0.0029926422992177185
"[5.26469277567983e-05, 3.902128156598319e-05, 2.8593029356733128e-05, 2.692750666669869e-05, 4.067839562163442e-05, 4.9770505521822956e-05, 3.594206229828519e-05, 2.2161361708063563e-05, -0.00011522755745587546]",-0.00038856718489917175,-0.00038856718489917175,1.0,0.002572834698788885
"[7.151210608455033e-05, 5.26469277567983e-05, 3.902128156598319e-05, 2.1026685656293967e-05, 3.76497380193094e-05, 5.534640980603553e-05, 3.955730864370616e-05, 3.196254824322343e-05, -0.00011276992201471211]",-0.00038856718489917175,-0.0007771343697983435,2.0,0.0024590067643635825
"[6.297912866763149e-05, 7.151210608455033e-05, 5.26469277567983e-05, 2.8593029356733128e-05, 3.573027131592611e-05, 5.115238750914505e-05, 3.905963709054023e-05, 4.104629089123153e-05, -0.00010954599035796829]",-0.00038856718489917175,-0.0011657015546975152,3.0,0.0026833161210953202
"[5.570532933341161e-05, 6.297912866763149e-05, 7.151210608455033e-05, 3.902128156598319e-05, 3.5141954599994336e-05, 5.0566333691481344e-05, 3.847660755660971e-05, 5.20880624119977e-05, -0.00010928896776615237]",-0.00038856718489917175,-0.001554268739596687,4.0,0.0027787414794544704
"[6.179676292279944e-05, 5.570532933341161e-05, 6.297912866763149e-05, 5.26469277567983e-05, 2.692750666669869e-05, 5.4647186807979845e-05, 3.552031557095171e-05, 5.668806758469005e-05, -0.00010600566924641663]",-0.00038856718489917175,-0.0019428359244958587,5.0,0.002445662758805007
"[6.651364364259929e-05, 6.179676292279944e-05, 5.570532933341161e-05, 7.151210608455033e-05, 2.1026685656293967e-05, 5.202095827465881e-05, 3.856769783711987e-05, 6.688020770412416e-05, -0.0001018703701706655]",-0.00038856718489917175,-0.0023314031093950305,6.0,0.0021856584003282823
"[5.6623579858271625e-05, 6.651364364259929e-05, 6.179676292279944e-05, 6.297912866763149e-05, 2.8593029356733128e-05, 4.9266030155481836e-05, 3.304792017103041e-05, 6.930857677351956e-05, -0.00010664926043577993]",-0.00038856718489917175,-0.0027199702942942022,7.0,0.0020917595074627614
"[4.078315576239199e-05, 5.6623579858271625e-05, 6.651364364259929e-05, 5.570532933341161e-05, 3.902128156598319e-05, 4.801577140407918e-05, 2.867149672474729e-05, 6.837278441538793e-05, -9.641837780963682e-05]",-0.00038856718489917175,-0.003108537479193374,8.0,0.002142129605297882
"[2.718781354823122e-05, 4.078315576239199e-05, 5.6623579858271625e-05, 6.179676292279944e-05, 5.26469277567983e-05, 4.067839562163442e-05, 2.919714454107499e-05, 6.457195425355896e-05, -9.102733472061118e-05]",-0.00038856718489917175,-0.0034971046640925457,9.0,0.002092922406736627
"[2.6236612840923693e-05, 2.718781354823122e-05, 4.078315576239199e-05, 6.651364364259929e-05, 7.151210608455033e-05, 3.76497380193094e-05, 2.7716886672884268e-05, 6.257995791336548e-05, -8.923187379991208e-05]",-0.00038856718489917175,-0.0038856718489917175,10.0,0.0021239572375065458
"[2.117932603673048e-05, 2.6236612840923693e-05, 2.718781354823122e-05, 5.6623579858271625e-05, 6.297912866763149e-05, 3.573027131592611e-05, 3.103705554587334e-05, 5.721026986496907e-05, -8.730316142583377e-05]",-0.00038856718489917175,-0.004274239033890889,11.0,0.002036400676827851
"[2.3290804156495424e-05, 2.117932603673048e-05, 2.6236612840923693e-05, 4.078315576239199e-05, 5.570532933341161e-05, 3.5141954599994336e-05, 4.434839774556235e-05, 5.635899911867531e-05, -9.070879350191326e-05]",-0.00038856718489917175,-0.004662806218790061,12.0,0.002120407104444676
"[1.3441552715043217e-05, 2.3290804156495424e-05, 2.117932603673048e-05, 2.718781354823122e-05, 6.179676292279944e-05, 2.692750666669869e-05, 5.5886807872390966e-05, 5.301568469343719e-05, -9.72836597268025e-05]",-0.00038856718489917175,-0.005051373403689233,13.0,0.0022881063031585866
"[2.2439117752013157e-05, 1.3441552715043217e-05, 2.3290804156495424e-05, 2.6236612840923693e-05, 6.651364364259929e-05, 2.1026685656293967e-05, 5.295679601420933e-05, 4.407317985360513e-05, -0.00010387673325281417]",-0.00038856718489917175,-0.0054399405885884045,14.0,0.002425166031767688
"[3.7453659454490705e-05, 2.2439117752013157e-05, 1.3441552715043217e-05, 2.117932603673048e-05, 5.6623579858271625e-05, 2.8593029356733128e-05, 4.7846614217253545e-05, 3.1104564836379145e-05, -0.00010978850826887692]",-0.00038856718489917175,-0.005828507773487576,15.0,0.002462720613650391
"[4.698810643686911e-05, 3.7453659454490705e-05, 2.2439117752013157e-05, 2.3290804156495424e-05, 4.078315576239199e-05, 3.902128156598319e-05, 4.832879271358472e-05, 2.4417717754281472e-05, -0.00010997442061703858]",-0.00038856718489917175,-0.006217074958386748,16.0,0.0026097202016163415
"[5.070711730240592e-05, 4.698810643686911e-05, 3.7453659454490705e-05, 1.3441552715043217e-05, 2.718781354823122e-05, 5.26469277567983e-05, 4.9770505521822956e-05, 2.9742704130327207e-05, -0.00010234793220872977]",-0.00038856718489917175,-0.00660564214328592,17.0,0.002565859054432133
"[5.781292201414353e-05, 5.070711730240592e-05, 4.698810643686911e-05, 2.2439117752013157e-05, 2.6236612840923693e-05, 7.151210608455033e-05, 5.534640980603553e-05, 3.302010438506414e-05, -0.00010106693919429381]",-0.00038856718489917175,-0.0069942093281850914,18.0,0.002419650478584224
"[5.795235082303669e-05, 5.781292201414353e-05, 5.070711730240592e-05, 3.7453659454490705e-05, 2.117932603673048e-05, 6.297912866763149e-05, 5.115238750914505e-05, 3.509518190597133e-05, -0.00010340079855470139]",-0.00038856718489917175,-0.007382776513084263,19.0,0.0023495814893949316
"[5.218497319880036e-05, 5.795235082303669e-05, 5.781292201414353e-05, 4.698810643686911e-05, 2.3290804156495424e-05, 5.570532933341161e-05, 5.0566333691481344e-05, 4.571267332349001e-05, -0.00010375370649147283]",-0.00038856718489917175,-0.007771343697983435,20.0,0.00253617900627885
"[4.7049523911124e-05, 5.218497319880036e-05, 5.795235082303669e-05, 5.070711730240592e-05, 1.3441552715043217e-05, 6.179676292279944e-05, 5.4647186807979845e-05, 4.267295141311878e-05, -0.00010492585374879947]",-0.00038856718489917175,-0.008159910882882607,21.0,0.002200287271843139
"[5.411209188580008e-05, 4.7049523911124e-05, 5.218497319880036e-05, 5.781292201414353e-05, 2.2439117752013157e-05, 6.651364364259929e-05, 5.202095827465881e-05, 3.4451824201748056e-05, -0.00010338053463725475]",-0.00038856718489917175,-0.008548478067781778,22.0,0.0021946855604949396
"[4.0439130922534834e-05, 5.411209188580008e-05, 4.7049523911124e-05, 5.795235082303669e-05, 3.7453659454490705e-05, 5.6623579858271625e-05, 4.9266030155481836e-05, 3.6052260312301926e-05, -0.00010438987714036762]",-0.00038856718489917175,-0.00893704525268095,23.0,0.002137586428039924
"[3.428145329023875e-05, 4.0439130922534834e-05, 5.411209188580008e-05, 5.218497319880036e-05, 4.698810643686911e-05, 4.078315576239199e-05, 4.801577140407918e-05, 3.0384834361634412e-05, -9.587496682612638e-05]",-0.00038856718489917175,-0.009325612437580122,24.0,0.0020568261794236802
"[2.7824580147740876e-05, 3.428145329023875e-05, 4.0439130922534834e-05, 4.7049523911124e-05, 5.070711730240592e-05, 2.718781354823122e-05, 4.067839562163442e-05, 2.9298370274324958e-05, -8.735529065425338e-05]",-0.00038856718489917175,-0.009714179622479294,25.0,0.002067353795595638
"[1.7760075239345905e-05, 2.7824580147740876e-05, 3.428145329023875e-05, 5.411209188580008e-05, 5.781292201414353e-05, 2.6236612840923693e-05, 3.76497380193094e-05, 2.9037565368725398e-05, -8.175868967866594e-05]",-0.00038856718489917175,-0.010102746807378465,26.0,0.002005116038438929
"[1.5323954519634972e-05, 1.7760075239345905e-05, 2.7824580147740876e-05, 4.0439130922534834e-05, 5.795235082303669e-05, 2.117932603673048e-05, 3.573027131592611e-05, 3.024170371437848e-05, -8.6818306662149e-05]",-0.00038856718489917175,-0.010491313992277637,27.0,0.001994470344247073
"[3.985776791630422e-06, 1.5323954519634972e-05, 1.7760075239345905e-05, 3.428145329023875e-05, 5.218497319880036e-05, 2.3290804156495424e-05, 3.5141954599994336e-05, 3.904170299011486e-05, -0.00010018532280828857]",-0.00038856718489917175,-0.010879881177176809,28.0,0.00205738465798271
"[-1.2113018354953453e-05, 3.985776791630422e-06, 1.5323954519634972e-05, 2.7824580147740876e-05, 4.7049523911124e-05, 1.3441552715043217e-05, 2.692750666669869e-05, 4.27509683344235e-05, -0.00011442230454711148]",-0.00038856718489917175,-0.01126844836207598,29.0,0.00197300273438635
"[-2.829332511091064e-05, -1.2113018354953453e-05, 3.985776791630422e-06, 1.7760075239345905e-05, 5.411209188580008e-05, 2.2439117752013157e-05, 2.1026685656293967e-05, 4.487892885625198e-05, -0.00011701723804284662]",-0.00038856718489917175,-0.011657015546975152,30.0,0.001983956078278845
"[-2.1510176787564604e-05, -2.829332511091064e-05, -1.2113018354953453e-05, 1.5323954519634972e-05, 4.0439130922534834e-05, 3.7453659454490705e-05, 2.8593029356733128e-05, 4.0136479248138106e-05, -0.00010465121710289428]",-0.00038856718489917175,-0.012045582731874324,31.0,0.0020082631010577747
"[-1.783014495465193e-05, -2.1510176787564604e-05, -2.829332511091064e-05, 3.985776791630422e-06, 3.428145329023875e-05, 4.698810643686911e-05, 3.902128156598319e-05, 3.879939477754848e-05, -8.686191952844584e-05]",-0.00038856718489917175,-0.012434149916773496,32.0,0.0019941868068034884
"[-2.0269787560793827e-05, -1.783014495465193e-05, -2.1510176787564604e-05, -1.2113018354953453e-05, 2.7824580147740876e-05, 5.070711730240592e-05, 5.26469277567983e-05, 3.594206229828519e-05, -6.699421908425106e-05]",-0.00038856718489917175,-0.012822717101672668,33.0,0.0020140756628115888
"[-1.895907711512804e-05, -2.0269787560793827e-05, -1.783014495465193e-05, -2.829332511091064e-05, 1.7760075239345905e-05, 5.781292201414353e-05, 7.151210608455033e-05, 3.955730864370616e-05, -5.543553006640668e-05]",-0.00038856718489917175,-0.01321128428657184,34.0,0.001991956777498779
"[-2.1996649456586943e-05, -1.895907711512804e-05, -2.0269787560793827e-05, -2.1510176787564604e-05, 1.5323954519634972e-05, 5.795235082303669e-05, 6.297912866763149e-05, 3.905963709054023e-05, -5.4559368467488126e-05]",-0.00038856718489917175,-0.013599851471471011,35.0,0.0019742038353163086
"[-1.9729767498045858e-05, -2.1996649456586943e-05, -1.895907711512804e-05, -1.783014495465193e-05, 3.985776791630422e-06, 5.218497319880036e-05, 5.570532933341161e-05, 3.847660755660971e-05, -5.2286803299572714e-05]",-0.00038856718489917175,-0.013988418656370183,36.0,0.0019928964947381576
"[-1.3722072905754606e-05, -1.9729767498045858e-05, -2.1996649456586943e-05, -2.0269787560793827e-05, -1.2113018354953453e-05, 4.7049523911124e-05, 6.179676292279944e-05, 3.552031557095171e-05, -4.2980779690650766e-05]",-0.00038856718489917175,-0.014376985841269355,37.0,0.001980126021765545
"[-1.2932178688152055e-05, -1.3722072905754606e-05, -1.9729767498045858e-05, -1.895907711512804e-05, -2.829332511091064e-05, 5.411209188580008e-05, 6.651364364259929e-05, 3.856769783711987e-05, -3.616613060879089e-05]",-0.00038856718489917175,-0.014765553026168526,38.0,0.0020084427871371615
"[-6.067632715311258e-06, -1.2932178688152055e-05, -1.3722072905754606e-05, -2.1996649456586943e-05, -2.1510176787564604e-05, 4.0439130922534834e-05, 5.6623579858271625e-05, 3.304792017103041e-05, -3.469076663897177e-05]",-0.00038856718489917175,-0.015154120211067698,39.0,0.0020410340153198376
"[9.063678940345413e-06, -6.067632715311258e-06, -1.2932178688152055e-05, -1.9729767498045858e-05, -1.783014495465193e-05, 3.428145329023875e-05, 4.078315576239199e-05, 2.867149672474729e-05, -3.979350985633526e-05]",-0.00038856718489917175,-0.01554268739596687,40.0,0.002066578183866109
"[9.61144321519947e-06, 9.063678940345413e-06, -6.067632715311258e-06, -1.3722072905754606e-05, -2.0269787560793827e-05, 2.7824580147740876e-05, 2.718781354823122e-05, 2.919714454107499e-05, -4.311456924783446e-05]",-0.00038856718489917175,-0.01593125458086604,41.0,0.0020718297560813224
"[1.4584318602812072e-05, 9.61144321519947e-06, 9.063678940345413e-06, -1.2932178688152055e-05, -1.895907711512804e-05, 1.7760075239345905e-05, 2.6236612840923693e-05, 2.7716886672884268e-05, -4.253342746446568e-05]",-0.00038856718489917175,-0.016319821765765213,42.0,0.0020973726482534207
"[1.5546583383097682e-05, 1.4584318602812072e-05, 9.61144321519947e-06, -6.067632715311258e-06, -2.1996649456586943e-05, 1.5323954519634972e-05, 2.117932603673048e-05, 3.103705554587334e-05, -4.160311896622726e-05]",-0.00038856718489917175,-0.016708388950664385,43.0,0.0021329197932848693
"[1.91775767335681e-05, 1.5546583383097682e-05, 1.4584318602812072e-05, 9.063678940345413e-06, -1.9729767498045858e-05, 3.985776791630422e-06, 2.3290804156495424e-05, 4.434839774556235e-05, -4.621936772794167e-05]",-0.00038856718489917175,-0.017096956135563557,44.0,0.002185889539846892
"[2.363010127866129e-05, 1.91775767335681e-05, 1.5546583383097682e-05, 9.61144321519947e-06, -1.3722072905754606e-05, -1.2113018354953453e-05, 1.3441552715043217e-05, 5.5886807872390966e-05, -5.4637391334870154e-05]",-0.00038856718489917175,-0.01748552332046273,45.0,0.002275065468126551
"[2.928528200414591e-05, 2.363010127866129e-05, 1.91775767335681e-05, 1.4584318602812072e-05, -1.2932178688152055e-05, -2.829332511091064e-05, 2.2439117752013157e-05, 5.295679601420933e-05, -5.8106582496812e-05]",-0.00038856718489917175,-0.0178740905053619,46.0,0.00240424159480067
"[3.6903349464250576e-05, 2.928528200414591e-05, 2.363010127866129e-05, 1.5546583383097682e-05, -6.067632715311258e-06, -2.1510176787564604e-05, 3.7453659454490705e-05, 4.7846614217253545e-05, -6.778405192232905e-05]",-0.00038856718489917175,-0.018262657690261072,47.0,0.0026460888810662924
"[4.581782864420054e-05, 3.6903349464250576e-05, 2.928528200414591e-05, 1.91775767335681e-05, 9.063678940345413e-06, -1.783014495465193e-05, 4.698810643686911e-05, 4.832879271358472e-05, -6.418909150261048e-05]",-0.00038856718489917175,-0.018651224875160244,48.0,0.002603413454373414
"[5.830856123422988e-05, 4.581782864420054e-05, 3.6903349464250576e-05, 2.363010127866129e-05, 9.61144321519947e-06, -2.0269787560793827e-05, 5.070711730240592e-05, 4.9770505521822956e-05, -5.500354324542854e-05]",-0.00038856718489917175,-0.019039792060059416,49.0,0.0028056351867549057
"[5.949318448680731e-05, 5.830856123422988e-05, 4.581782864420054e-05, 2.928528200414591e-05, 1.4584318602812072e-05, -1.895907711512804e-05, 5.781292201414353e-05, 5.534640980603553e-05, -5.2618295817256877e-05]",-0.00038856718489917175,-0.019428359244958587,50.0,0.00272301818758241
"[6.669980805067831e-05, 5.949318448680731e-05, 5.830856123422988e-05, 3.6903349464250576e-05, 1.5546583383097682e-05, -2.1996649456586943e-05, 5.795235082303669e-05, 5.115238750914505e-05, -4.195082148300527e-05]",-0.00038856718489917175,-0.01981692642985776,51.0,0.002710146731274075
"[6.610717162016083e-05, 6.669980805067831e-05, 5.949318448680731e-05, 4.581782864420054e-05, 1.91775767335681e-05, -1.9729767498045858e-05, 5.218497319880036e-05, 5.0566333691481344e-05, -4.019151422674857e-05]",-0.00038856718489917175,-0.02020549361475693,52.0,0.0027619611130463555
"[6.555562653638593e-05, 6.610717162016083e-05, 6.669980805067831e-05, 5.830856123422988e-05, 2.363010127866129e-05, -1.3722072905754606e-05, 4.7049523911124e-05, 5.4647186807979845e-05, -3.5757383609471455e-05]",-0.00038856718489917175,-0.020594060799656103,53.0,0.0024269136307878752
"[6.703494238421077e-05, 6.555562653638593e-05, 6.610717162016083e-05, 5.949318448680731e-05, 2.928528200414591e-05, -1.2932178688152055e-05, 5.411209188580008e-05, 5.202095827465881e-05, -3.5776912330107685e-05]",-0.00038856718489917175,-0.020982627984555274,54.0,0.0025417113150265247
"[5.640109981314617e-05, 6.703494238421077e-05, 6.555562653638593e-05, 6.669980805067831e-05, 3.6903349464250576e-05, -6.067632715311258e-06, 4.0439130922534834e-05, 4.9266030155481836e-05, -3.9859517357039146e-05]",-0.00038856718489917175,-0.021371195169454446,55.0,0.0025287969093098057
"[5.6691479491234644e-05, 5.640109981314617e-05, 6.703494238421077e-05, 6.610717162016083e-05, 4.581782864420054e-05, 9.063678940345413e-06, 3.428145329023875e-05, 4.801577140407918e-05, -4.2498391868863034e-05]",-0.00038856718489917175,-0.021759762354353618,56.0,0.0024626301554686535
"[5.6329627463275235e-05, 5.6691479491234644e-05, 5.640109981314617e-05, 6.555562653638593e-05, 5.830856123422988e-05, 9.61144321519947e-06, 2.7824580147740876e-05, 4.067839562163442e-05, -4.078930056715003e-05]",-0.00038856718489917175,-0.02214832953925279,57.0,0.0026349933954915613
"[5.3626804271235485e-05, 5.6329627463275235e-05, 5.6691479491234644e-05, 6.703494238421077e-05, 5.949318448680731e-05, 1.4584318602812072e-05, 1.7760075239345905e-05, 3.76497380193094e-05, -3.3936951919771966e-05]",-0.00038856718489917175,-0.02253689672415196,58.0,0.00233412813883621
"[5.941201251787551e-05, 5.3626804271235485e-05, 5.6329627463275235e-05, 5.640109981314617e-05, 6.669980805067831e-05, 1.5546583383097682e-05, 1.5323954519634972e-05, 3.573027131592611e-05, -2.1295052983966226e-05]",-0.00038856718489917175,-0.022925463909051133,59.0,0.0024845655850623477
"[4.959547699314313e-05, 5.941201251787551e-05, 5.3626804271235485e-05, 5.6691479491234644e-05, 6.610717162016083e-05, 1.91775767335681e-05, 3.985776791630422e-06, 3.5141954599994336e-05, -1.5498025636412067e-05]",-0.00038856718489917175,-0.023314031093950305,60.0,0.0024569179449589985
"[5.2414752882738754e-05, 4.959547699314313e-05, 5.941201251787551e-05, 5.6329627463275235e-05, 6.555562653638593e-05, 2.363010127866129e-05, -1.2113018354953453e-05, 2.692750666669869e-05, -1.0388297378857548e-05]",-0.00038856718489917175,-0.023702598278849477,61.0,0.002469828446183973
"[5.214016025975525e-05, 5.2414752882738754e-05, 4.959547699314313e-05, 5.3626804271235485e-05, 6.703494238421077e-05, 2.928528200414591e-05, -2.829332511091064e-05, 2.1026685656293967e-05, -4.178403680385196e-06]",-0.00038856718489917175,-0.02409116546374865,62.0,0.002552606540434121
"[5.2558402415104176e-05, 5.214016025975525e-05, 5.2414752882738754e-05, 5.941201251787551e-05, 5.640109981314617e-05, 3.6903349464250576e-05, -2.1510176787564604e-05, 2.8593029356733128e-05, -2.4040313132615042e-06]",-0.00038856718489917175,-0.02447973264864782,63.0,0.002677389821949563
"[5.597647114149163e-05, 5.2558402415104176e-05, 5.214016025975525e-05, 4.959547699314313e-05, 5.6691479491234644e-05, 4.581782864420054e-05, -1.783014495465193e-05, 3.902128156598319e-05, 1.0137253562350298e-05]",-0.00038856718489917175,-0.024868299833546992,64.0,0.0026243059102841765
"[6.13905920143258e-05, 5.597647114149163e-05, 5.2558402415104176e-05, 5.2414752882738754e-05, 5.6329627463275235e-05, 5.830856123422988e-05, -2.0269787560793827e-05, 5.26469277567983e-05, 2.2161361708063563e-05]",-0.00038856718489917175,-0.025256867018446164,65.0,0.0024537237681871173
"[6.120781643250312e-05, 6.13905920143258e-05, 5.597647114149163e-05, 5.214016025975525e-05, 5.3626804271235485e-05, 5.949318448680731e-05, -1.895907711512804e-05, 7.151210608455033e-05, 3.196254824322343e-05]",-0.00038856718489917175,-0.025645434203345335,66.0,0.0023280631668026017
"[5.4948495308210614e-05, 6.120781643250312e-05, 6.13905920143258e-05, 5.2558402415104176e-05, 5.941201251787551e-05, 6.669980805067831e-05, -2.1996649456586943e-05, 6.297912866763149e-05, 4.104629089123153e-05]",-0.00038856718489917175,-0.026034001388244507,67.0,0.0023605462186521643
"[4.716399646861137e-05, 5.4948495308210614e-05, 6.120781643250312e-05, 5.597647114149163e-05, 4.959547699314313e-05, 6.610717162016083e-05, -1.9729767498045858e-05, 5.570532933341161e-05, 5.20880624119977e-05]",-0.00038856718489917175,-0.02642256857314368,68.0,0.0022801482515039267
"[4.591920201552225e-05, 4.716399646861137e-05, 5.4948495308210614e-05, 6.13905920143258e-05, 5.2414752882738754e-05, 6.555562653638593e-05, -1.3722072905754606e-05, 6.179676292279944e-05, 5.668806758469005e-05]",-0.00038856718489917175,-0.02681113575804285,69.0,0.002118285059609689
"[4.143855409277755e-05, 4.591920201552225e-05, 4.716399646861137e-05, 6.120781643250312e-05, 5.214016025975525e-05, 6.703494238421077e-05, -1.2932178688152055e-05, 6.651364364259929e-05, 6.688020770412416e-05]",-0.00038856718489917175,-0.027199702942942022,70.0,0.0019814642434559685
"[2.9884693916233516e-05, 4.143855409277755e-05, 4.591920201552225e-05, 5.4948495308210614e-05, 5.2558402415104176e-05, 5.640109981314617e-05, -6.067632715311258e-06, 5.6623579858271625e-05, 6.930857677351956e-05]",-0.00038856718489917175,-0.027588270127841194,71.0,0.0020104392799674136
"[1.124279888210451e-05, 2.9884693916233516e-05, 4.143855409277755e-05, 4.716399646861137e-05, 5.597647114149163e-05, 5.6691479491234644e-05, 9.063678940345413e-06, 4.078315576239199e-05, 6.837278441538793e-05]",-0.00038856718489917175,-0.027976837312740366,72.0,0.002006317765488906
"[3.881135555393954e-06, 1.124279888210451e-05, 2.9884693916233516e-05, 4.591920201552225e-05, 6.13905920143258e-05, 5.6329627463275235e-05, 9.61144321519947e-06, 2.718781354823122e-05, 6.457195425355896e-05]",-0.00038856718489917175,-0.028365404497639538,73.0,0.001996942051611483
"[1.525899345820617e-09, 3.881135555393954e-06, 1.124279888210451e-05, 4.143855409277755e-05, 6.120781643250312e-05, 5.3626804271235485e-05, 1.4584318602812072e-05, 2.6236612840923693e-05, 6.257995791336548e-05]",-0.00038856718489917175,-0.02875397168253871,74.0,0.0019997591785434615
"[-1.1044446377090706e-05, 1.525899345820617e-09, 3.881135555393954e-06, 2.9884693916233516e-05, 5.4948495308210614e-05, 5.941201251787551e-05, 1.5546583383097682e-05, 2.117932603673048e-05, 5.721026986496907e-05]",-0.00038856718489917175,-0.02914253886743788,75.0,0.001994706577090931
"[-1.418242700731897e-05, -1.1044446377090706e-05, 1.525899345820617e-09, 1.124279888210451e-05, 4.716399646861137e-05, 4.959547699314313e-05, 1.91775767335681e-05, 2.3290804156495424e-05, 5.635899911867531e-05]",-0.00038856718489917175,-0.029531106052337053,76.0,0.002010413827771176
"[-1.4341398778186066e-05, -1.418242700731897e-05, -1.1044446377090706e-05, 3.881135555393954e-06, 4.591920201552225e-05, 5.2414752882738754e-05, 2.363010127866129e-05, 1.3441552715043217e-05, 5.301568469343719e-05]",-0.00038856718489917175,-0.029919673237236225,77.0,0.002005442197555017
"[-1.9225682333286315e-05, -1.4341398778186066e-05, -1.418242700731897e-05, 1.525899345820617e-09, 4.143855409277755e-05, 5.214016025975525e-05, 2.928528200414591e-05, 2.2439117752013157e-05, 4.407317985360513e-05]",-0.00038856718489917175,-0.030308240422135396,78.0,0.0019983239287634674
"[-2.0764768997500365e-05, -1.9225682333286315e-05, -1.4341398778186066e-05, -1.1044446377090706e-05, 2.9884693916233516e-05, 5.2558402415104176e-05, 3.6903349464250576e-05, 3.7453659454490705e-05, 3.1104564836379145e-05]",-0.00038856718489917175,-0.030696807607034568,79.0,0.0020394590443513555
"[-2.0129990938601594e-05, -2.0764768997500365e-05, -1.9225682333286315e-05, -1.418242700731897e-05, 1.124279888210451e-05, 5.597647114149163e-05, 4.581782864420054e-05, 4.698810643686911e-05, 2.4417717754281472e-05]",-0.00038856718489917175,-0.03108537479193374,80.0,0.0021008252425728517
"[-2.7128858342989037e-05, -2.0129990938601594e-05, -2.0764768997500365e-05, -1.4341398778186066e-05, 3.881135555393954e-06, 6.13905920143258e-05, 5.830856123422988e-05, 5.070711730240592e-05, 2.9742704130327207e-05]",-0.00038856718489917175,-0.03147394197683291,81.0,0.0020679350187429533
"[-3.701000026187036e-05, -2.7128858342989037e-05, -2.0129990938601594e-05, -1.9225682333286315e-05, 1.525899345820617e-09, 6.120781643250312e-05, 5.949318448680731e-05, 5.781292201414353e-05, 3.302010438506414e-05]",-0.00038856718489917175,-0.03186250916173208,82.0,0.0021862945465451118
"[-3.7665252653836945e-05, -3.701000026187036e-05, -2.7128858342989037e-05, -2.0764768997500365e-05, -1.1044446377090706e-05, 5.4948495308210614e-05, 6.669980805067831e-05, 5.795235082303669e-05, 3.509518190597133e-05]",-0.00038856718489917175,-0.032251076346631255,83.0,0.0021705341390494746
"[-4.7551472286644715e-05, -3.7665252653836945e-05, -3.701000026187036e-05, -2.0129990938601594e-05, -1.418242700731897e-05, 4.716399646861137e-05, 6.610717162016083e-05, 5.218497319880036e-05, 4.571267332349001e-05]",-0.00038856718489917175,-0.03263964353153043,84.0,0.0022623262881832982
"[-5.010709598627837e-05, -4.7551472286644715e-05, -3.7665252653836945e-05, -2.7128858342989037e-05, -1.4341398778186066e-05, 4.591920201552225e-05, 6.555562653638593e-05, 4.7049523911124e-05, 4.267295141311878e-05]",-0.00038856718489917175,-0.0330282107164296,85.0,0.002145823798102302
"[-5.6498984666150625e-05, -5.010709598627837e-05, -4.7551472286644715e-05, -3.701000026187036e-05, -1.9225682333286315e-05, 4.143855409277755e-05, 6.703494238421077e-05, 5.411209188580008e-05, 3.4451824201748056e-05]",-0.00038856718489917175,-0.03341677790132877,86.0,0.0021202777362893206
"[-5.282650698370098e-05, -5.6498984666150625e-05, -5.010709598627837e-05, -3.7665252653836945e-05, -2.0764768997500365e-05, 2.9884693916233516e-05, 5.640109981314617e-05, 4.0439130922534834e-05, 3.6052260312301926e-05]",-0.00038856718489917175,-0.03380534508622794,87.0,0.0021007069870273747
"[-4.940232444915961e-05, -5.282650698370098e-05, -5.6498984666150625e-05, -4.7551472286644715e-05, -2.0129990938601594e-05, 1.124279888210451e-05, 5.6691479491234644e-05, 3.428145329023875e-05, 3.0384834361634412e-05]",-0.00038856718489917175,-0.034193912271127114,88.0,0.00219364575880453
"[-4.634941912538967e-05, -4.940232444915961e-05, -5.282650698370098e-05, -5.010709598627837e-05, -2.7128858342989037e-05, 3.881135555393954e-06, 5.6329627463275235e-05, 2.7824580147740876e-05, 2.9298370274324958e-05]",-0.00038856718489917175,-0.034582479456026285,89.0,0.0023894412022077553
"[-5.104896934225947e-05, -4.634941912538967e-05, -4.940232444915961e-05, -5.6498984666150625e-05, -3.701000026187036e-05, 1.525899345820617e-09, 5.3626804271235485e-05, 1.7760075239345905e-05, 2.9037565368725398e-05]",-0.00038856718489917175,-0.03497104664092546,90.0,0.0028964413387748086
"[-6.335659678448032e-05, -5.104896934225947e-05, -4.634941912538967e-05, -5.282650698370098e-05, -3.7665252653836945e-05, -1.1044446377090706e-05, 5.941201251787551e-05, 1.5323954519634972e-05, 3.024170371437848e-05]",-0.00038856718489917175,-0.03535961382582463,91.0,0.002878706672119459
"[-8.519250659397943e-05, -6.335659678448032e-05, -5.104896934225947e-05, -4.940232444915961e-05, -4.7551472286644715e-05, -1.418242700731897e-05, 4.959547699314313e-05, 3.985776791630422e-06, 3.904170299011486e-05]",-0.00038856718489917175,-0.0357481810107238,92.0,0.0030862432390619415
"[-9.145313613253154e-05, -8.519250659397943e-05, -6.335659678448032e-05, -4.634941912538967e-05, -5.010709598627837e-05, -1.4341398778186066e-05, 5.2414752882738754e-05, -1.2113018354953453e-05, 4.27509683344235e-05]",-0.00038856718489917175,-0.03613674819562297,93.0,0.003674538315072497
"[-9.851549190775483e-05, -9.145313613253154e-05, -8.519250659397943e-05, -5.104896934225947e-05, -5.6498984666150625e-05, -1.9225682333286315e-05, 5.214016025975525e-05, -2.829332511091064e-05, 4.487892885625198e-05]",-0.00038856718489917175,-0.036525315380522144,94.0,0.004042339750523466
"[-0.00011181732704734766, -9.851549190775483e-05, -9.145313613253154e-05, -6.335659678448032e-05, -5.282650698370098e-05, -2.0764768997500365e-05, 5.2558402415104176e-05, -2.1510176787564604e-05, 4.0136479248138106e-05]",-0.00038856718489917175,-0.036913882565421316,95.0,0.00443161239471622
"[-0.00012177324597473471, -0.00011181732704734766, -9.851549190775483e-05, -8.519250659397943e-05, -4.940232444915961e-05, -2.0129990938601594e-05, 5.597647114149163e-05, -1.783014495465193e-05, 3.879939477754848e-05]",-0.00038856718489917175,-0.03730244975032049,96.0,0.003524203243937751
"[-0.00013006755416909274, -0.00012177324597473471, -0.00011181732704734766, -9.145313613253154e-05, -4.634941912538967e-05, -2.7128858342989037e-05, 6.13905920143258e-05, -2.0269787560793827e-05, 3.594206229828519e-05]",-0.00038856718489917175,-0.03769101693521966,97.0,0.0037104185382943436
"[-0.00012230479187748213, -0.00013006755416909274, -0.00012177324597473471, -9.851549190775483e-05, -5.104896934225947e-05, -3.701000026187036e-05, 6.120781643250312e-05, -1.895907711512804e-05, 3.955730864370616e-05]",-0.00038856718489917175,-0.03807958412011883,98.0,0.004446890407190337
"[-0.0001214166974878931, -0.00012230479187748213, -0.00013006755416909274, -0.00011181732704734766, -6.335659678448032e-05, -3.7665252653836945e-05, 5.4948495308210614e-05, -2.1996649456586943e-05, 3.905963709054023e-05]",-0.00038856718489917175,-0.038468151305018,99.0,0.004214322555034874
"[-0.0001301475948200601, -0.0001214166974878931, -0.00012230479187748213, -0.00012177324597473471, -8.519250659397943e-05, -4.7551472286644715e-05, 4.716399646861137e-05, -1.9729767498045858e-05, 3.847660755660971e-05]",-0.00038856718489917175,-0.038856718489917175,100.0,0.00405768790695303
"[-0.0001309845498394586, -0.0001301475948200601, -0.0001214166974878931, -0.00013006755416909274, -9.145313613253154e-05, -5.010709598627837e-05, 4.591920201552225e-05, -1.3722072905754606e-05, 3.552031557095171e-05]",-0.00038856718489917175,-0.039245285674816346,101.0,0.003972650687046917
"[-0.0001295334088445681, -0.0001309845498394586, -0.0001301475948200601, -0.00012230479187748213, -9.851549190775483e-05, -5.6498984666150625e-05, 4.143855409277755e-05, -1.2932178688152055e-05, 3.856769783711987e-05]",-0.00038856718489917175,-0.03963385285971552,102.0,0.0037499537452399677
"[-0.0001279224593201713, -0.0001295334088445681, -0.0001309845498394586, -0.0001214166974878931, -0.00011181732704734766, -5.282650698370098e-05, 2.9884693916233516e-05, -6.067632715311258e-06, 3.304792017103041e-05]",-0.00038856718489917175,-0.04002242004461469,103.0,0.0028360940813419717
"[-0.00012452239988536642, -0.0001279224593201713, -0.0001295334088445681, -0.0001301475948200601, -0.00012177324597473471, -4.940232444915961e-05, 1.124279888210451e-05, 9.063678940345413e-06, 2.867149672474729e-05]",-0.00038856718489917175,-0.04041098722951386,104.0,0.003018198381420975
"[-0.00010895639356966636, -0.00012452239988536642, -0.0001279224593201713, -0.0001309845498394586, -0.00013006755416909274, -4.634941912538967e-05, 3.881135555393954e-06, 9.61144321519947e-06, 2.919714454107499e-05]",-0.00038856718489917175,-0.04079955441441303,105.0,0.0030798689264462456
"[-0.00010464004682333468, -0.00010895639356966636, -0.00012452239988536642, -0.0001295334088445681, -0.00012230479187748213, -5.104896934225947e-05, 1.525899345820617e-09, 1.4584318602812072e-05, 2.7716886672884268e-05]",-0.00038856718489917175,-0.041188121599312205,106.0,0.0032782372107984454
"[-0.00010382061305397336, -0.00010464004682333468, -0.00010895639356966636, -0.0001279224593201713, -0.0001214166974878931, -6.335659678448032e-05, -1.1044446377090706e-05, 1.5546583383097682e-05, 3.103705554587334e-05]",-0.00038856718489917175,-0.04157668878421138,107.0,0.0029251983815755706
"[-0.00010701367091539697, -0.00010382061305397336, -0.00010464004682333468, -0.00012452239988536642, -0.0001301475948200601, -8.519250659397943e-05, -1.418242700731897e-05, 1.91775767335681e-05, 4.434839774556235e-05]",-0.00038856718489917175,-0.04196525596911055,108.0,0.0029189335136734235
"[-0.00010200705222287667, -0.00010701367091539697, -0.00010382061305397336, -0.00010895639356966636, -0.0001309845498394586, -9.145313613253154e-05, -1.4341398778186066e-05, 2.363010127866129e-05, 5.5886807872390966e-05]",-0.00038856718489917175,-0.04235382315400972,109.0,0.003100004124313809
"[-9.949785252772963e-05, -0.00010200705222287667, -0.00010701367091539697, -0.00010464004682333468, -0.0001295334088445681, -9.851549190775483e-05, -1.9225682333286315e-05, 2.928528200414591e-05, 5.295679601420933e-05]",-0.00038856718489917175,-0.04274239033890889,110.0,0.0036936410910816146
"[-0.00010191509712529258, -9.949785252772963e-05, -0.00010200705222287667, -0.00010382061305397336, -0.0001279224593201713, -0.00011181732704734766, -2.0764768997500365e-05, 3.6903349464250576e-05, 4.7846614217253545e-05]",-0.00038856718489917175,-0.043130957523808064,111.0,0.0037747191147267144
"[-0.00011279498638533771, -0.00010191509712529258, -9.949785252772963e-05, -0.00010701367091539697, -0.00012452239988536642, -0.00012177324597473471, -2.0129990938601594e-05, 4.581782864420054e-05, 4.832879271358472e-05]",-0.00038856718489917175,-0.043519524708707236,112.0,0.004252536472048336
"[-0.00011830419572244373, -0.00011279498638533771, -0.00010191509712529258, -0.00010200705222287667, -0.00010895639356966636, -0.00013006755416909274, -2.7128858342989037e-05, 5.830856123422988e-05, 4.9770505521822956e-05]",-0.00038856718489917175,-0.04390809189360641,113.0,0.004128584731785448
"[-0.00012639082915348335, -0.00011830419572244373, -0.00011279498638533771, -9.949785252772963e-05, -0.00010464004682333468, -0.00012230479187748213, -3.701000026187036e-05, 5.949318448680731e-05, 5.534640980603553e-05]",-0.00038856718489917175,-0.04429665907850558,114.0,0.004071945185132603
"[-0.00012841951616648353, -0.00012639082915348335, -0.00011830419572244373, -0.00010191509712529258, -0.00010382061305397336, -0.0001214166974878931, -3.7665252653836945e-05, 6.669980805067831e-05, 5.115238750914505e-05]",-0.00038856718489917175,-0.04468522626340475,115.0,0.0037104704932275274
"[-0.0001286443629527032, -0.00012841951616648353, -0.00012639082915348335, -0.00011279498638533771, -0.00010701367091539697, -0.0001301475948200601, -4.7551472286644715e-05, 6.610717162016083e-05, 5.0566333691481344e-05]",-0.00038856718489917175,-0.04507379344830392,116.0,0.0030097761402049536
"[-0.0001244689086138074, -0.0001286443629527032, -0.00012841951616648353, -0.00011830419572244373, -0.00010200705222287667, -0.0001309845498394586, -5.010709598627837e-05, 6.555562653638593e-05, 5.4647186807979845e-05]",-0.00038856718489917175,-0.045462360633203094,117.0,0.0028493779698449046
"[-0.00011225380143425475, -0.0001244689086138074, -0.0001286443629527032, -0.00012639082915348335, -9.949785252772963e-05, -0.0001295334088445681, -5.6498984666150625e-05, 6.703494238421077e-05, 5.202095827465881e-05]",-0.00038856718489917175,-0.045850927818102266,118.0,0.0023899668664046315
"[-0.00010291424042354168, -0.00011225380143425475, -0.0001244689086138074, -0.00012841951616648353, -0.00010191509712529258, -0.0001279224593201713, -5.282650698370098e-05, 5.640109981314617e-05, 4.9266030155481836e-05]",-0.00038856718489917175,-0.04623949500300144,119.0,0.0021793903898835736
"[-8.733865006693169e-05, -0.00010291424042354168, -0.00011225380143425475, -0.0001286443629527032, -0.00011279498638533771, -0.00012452239988536642, -4.940232444915961e-05, 5.6691479491234644e-05, 4.801577140407918e-05]",-0.00038856718489917175,-0.04662806218790061,120.0,0.0020835444063189326
"[-7.196071061123e-05, -8.733865006693169e-05, -0.00010291424042354168, -0.0001244689086138074, -0.00011830419572244373, -0.00010895639356966636, -4.634941912538967e-05, 5.6329627463275235e-05, 4.067839562163442e-05]",-0.00038856718489917175,-0.04701662937279978,121.0,0.0020848527648836446
"[-5.901640888770949e-05, -7.196071061123e-05, -8.733865006693169e-05, -0.00011225380143425475, -0.00012639082915348335, -0.00010464004682333468, -5.104896934225947e-05, 5.3626804271235485e-05, 3.76497380193094e-05]",-0.00038856718489917175,-0.04740519655769895,122.0,0.002177823221882354
"[-5.1374281474245936e-05, -5.901640888770949e-05, -7.196071061123e-05, -0.00010291424042354168, -0.00012841951616648353, -0.00010382061305397336, -6.335659678448032e-05, 5.941201251787551e-05, 3.573027131592611e-05]",-0.00038856718489917175,-0.047793763742598125,123.0,0.002030405540748638
"[-5.21284382285077e-05, -5.1374281474245936e-05, -5.901640888770949e-05, -8.733865006693169e-05, -0.0001286443629527032, -0.00010701367091539697, -8.519250659397943e-05, 4.959547699314313e-05, 3.5141954599994336e-05]",-0.00038856718489917175,-0.0481823309274973,124.0,0.0020350927235933355
"[-4.404158187384283e-05, -5.21284382285077e-05, -5.1374281474245936e-05, -7.196071061123e-05, -0.0001244689086138074, -0.00010200705222287667, -9.145313613253154e-05, 5.2414752882738754e-05, 2.692750666669869e-05]",-0.00038856718489917175,-0.04857089811239647,125.0,0.0020369389569676846
"[-3.9277315629315934e-05, -4.404158187384283e-05, -5.21284382285077e-05, -5.901640888770949e-05, -0.00011225380143425475, -9.949785252772963e-05, -9.851549190775483e-05, 5.214016025975525e-05, 2.1026685656293967e-05]",-0.00038856718489917175,-0.04895946529729564,126.0,0.002040975324869863
"[-3.6372068117009575e-05, -3.9277315629315934e-05, -4.404158187384283e-05, -5.1374281474245936e-05, -0.00010291424042354168, -0.00010191509712529258, -0.00011181732704734766, 5.2558402415104176e-05, 2.8593029356733128e-05]",-0.00038856718489917175,-0.04934803248219481,127.0,0.002003350209337957
"[-3.486065676829895e-05, -3.6372068117009575e-05, -3.9277315629315934e-05, -5.21284382285077e-05, -8.733865006693169e-05, -0.00011279498638533771, -0.00012177324597473471, 5.597647114149163e-05, 3.902128156598319e-05]",-0.00038856718489917175,-0.049736599667093984,128.0,0.002057498663734393
"[-3.0494939258191992e-05, -3.486065676829895e-05, -3.6372068117009575e-05, -4.404158187384283e-05, -7.196071061123e-05, -0.00011830419572244373, -0.00013006755416909274, 6.13905920143258e-05, 5.26469277567983e-05]",-0.00038856718489917175,-0.050125166851993155,129.0,0.0020328356666020697
"[-3.3013460798776886e-05, -3.0494939258191992e-05, -3.486065676829895e-05, -3.9277315629315934e-05, -5.901640888770949e-05, -0.00012639082915348335, -0.00012230479187748213, 6.120781643250312e-05, 7.151210608455033e-05]",-0.00038856718489917175,-0.05051373403689233,130.0,0.0020714085489661194
"[-3.217276559454089e-05, -3.3013460798776886e-05, -3.0494939258191992e-05, -3.6372068117009575e-05, -5.1374281474245936e-05, -0.00012841951616648353, -0.0001214166974878931, 5.4948495308210614e-05, 6.297912866763149e-05]",-0.00038856718489917175,-0.0509023012217915,131.0,0.002000130287768817
"[-3.531851204504419e-05, -3.217276559454089e-05, -3.3013460798776886e-05, -3.486065676829895e-05, -5.21284382285077e-05, -0.0001286443629527032, -0.0001301475948200601, 4.716399646861137e-05, 5.570532933341161e-05]",-0.00038856718489917175,-0.05129086840669067,132.0,0.0019987182818164313
"[-3.060915794824796e-05, -3.531851204504419e-05, -3.217276559454089e-05, -3.0494939258191992e-05, -4.404158187384283e-05, -0.0001244689086138074, -0.0001309845498394586, 4.591920201552225e-05, 6.179676292279944e-05]",-0.00038856718489917175,-0.05167943559158984,133.0,0.0019417732455501244
"[-2.7275182022269137e-05, -3.060915794824796e-05, -3.531851204504419e-05, -3.3013460798776886e-05, -3.9277315629315934e-05, -0.00011225380143425475, -0.0001295334088445681, 4.143855409277755e-05, 6.651364364259929e-05]",-0.00038856718489917175,-0.052068002776489014,134.0,0.0019299305272482312
"[-1.738060589400186e-05, -2.7275182022269137e-05, -3.060915794824796e-05, -3.217276559454089e-05, -3.6372068117009575e-05, -0.00010291424042354168, -0.0001279224593201713, 2.9884693916233516e-05, 5.6623579858271625e-05]",-0.00038856718489917175,-0.052456569961388186,135.0,0.0020272090139349906
"[1.4370927213550215e-06, -1.738060589400186e-05, -2.7275182022269137e-05, -3.531851204504419e-05, -3.486065676829895e-05, -8.733865006693169e-05, -0.00012452239988536642, 1.124279888210451e-05, 4.078315576239199e-05]",-0.00038856718489917175,-0.05284513714628736,136.0,0.0021117976672426044
"[1.055569559643415e-05, 1.4370927213550215e-06, -1.738060589400186e-05, -3.060915794824796e-05, -3.0494939258191992e-05, -7.196071061123e-05, -0.00010895639356966636, 3.881135555393954e-06, 2.718781354823122e-05]",-0.00038856718489917175,-0.05323370433118653,137.0,0.0021840797912328243
"[2.2765133960881426e-05, 1.055569559643415e-05, 1.4370927213550215e-06, -2.7275182022269137e-05, -3.3013460798776886e-05, -5.901640888770949e-05, -0.00010464004682333468, 1.525899345820617e-09, 2.6236612840923693e-05]",-0.00038856718489917175,-0.0536222715160857,138.0,0.002184689378872873
"[2.947616206019383e-05, 2.2765133960881426e-05, 1.055569559643415e-05, -1.738060589400186e-05, -3.217276559454089e-05, -5.1374281474245936e-05, -0.00010382061305397336, -1.1044446377090706e-05, 2.117932603673048e-05]",-0.00038856718489917175,-0.05401083870098487,139.0,0.0021443001075668725
"[3.0227215916617834e-05, 2.947616206019383e-05, 2.2765133960881426e-05, 1.4370927213550215e-06, -3.531851204504419e-05, -5.21284382285077e-05, -0.00010701367091539697, -1.418242700731897e-05, 2.3290804156495424e-05]",-0.00038856718489917175,-0.054399405885884045,140.0,0.0021541155621251766
"[2.68151444122074e-05, 3.0227215916617834e-05, 2.947616206019383e-05, 1.055569559643415e-05, -3.060915794824796e-05, -4.404158187384283e-05, -0.00010200705222287667, -1.4341398778186066e-05, 1.3441552715043217e-05]",-0.00038856718489917175,-0.054787973070783216,141.0,0.00214098245982797
"[2.6977176589388318e-05, 2.68151444122074e-05, 3.0227215916617834e-05, 2.2765133960881426e-05, -2.7275182022269137e-05, -3.9277315629315934e-05, -9.949785252772963e-05, -1.9225682333286315e-05, 2.2439117752013157e-05]",-0.00038856718489917175,-0.05517654025568239,142.0,0.002154942389617841
"[2.585693568008639e-05, 2.6977176589388318e-05, 2.68151444122074e-05, 2.947616206019383e-05, -1.738060589400186e-05, -3.6372068117009575e-05, -0.00010191509712529258, -2.0764768997500365e-05, 3.7453659454490705e-05]",-0.00038856718489917175,-0.05556510744058156,143.0,0.0021425634978305985
"[2.7044757074792577e-05, 2.585693568008639e-05, 2.6977176589388318e-05, 3.0227215916617834e-05, 1.4370927213550215e-06, -3.486065676829895e-05, -0.00011279498638533771, -2.0129990938601594e-05, 4.698810643686911e-05]",-0.00038856718489917175,-0.05595367462548073,144.0,0.0020905240526844573
"[2.6128083715352024e-05, 2.7044757074792577e-05, 2.585693568008639e-05, 2.68151444122074e-05, 1.055569559643415e-05, -3.0494939258191992e-05, -0.00011830419572244373, -2.7128858342989037e-05, 5.070711730240592e-05]",-0.00038856718489917175,-0.0563422418103799,145.0,0.0021839637144795967
"[2.0575246279823577e-05, 2.6128083715352024e-05, 2.7044757074792577e-05, 2.6977176589388318e-05, 2.2765133960881426e-05, -3.3013460798776886e-05, -0.00012639082915348335, -3.701000026187036e-05, 5.781292201414353e-05]",-0.00038856718489917175,-0.056730808995279075,146.0,0.002273755169343166
"[2.9457100187448614e-05, 2.0575246279823577e-05, 2.6128083715352024e-05, 2.585693568008639e-05, 2.947616206019383e-05, -3.217276559454089e-05, -0.00012841951616648353, -3.7665252653836945e-05, 5.795235082303669e-05]",-0.00038856718489917175,-0.05711937618017825,147.0,0.0023223617727657366
"[3.717003859188466e-05, 2.9457100187448614e-05, 2.0575246279823577e-05, 2.7044757074792577e-05, 3.0227215916617834e-05, -3.531851204504419e-05, -0.0001286443629527032, -4.7551472286644715e-05, 5.218497319880036e-05]",-0.00038856718489917175,-0.05750794336507742,148.0,0.0023296801623689657
"[4.1479978453272805e-05, 3.717003859188466e-05, 2.9457100187448614e-05, 2.6128083715352024e-05, 2.68151444122074e-05, -3.060915794824796e-05, -0.0001244689086138074, -5.010709598627837e-05, 4.7049523911124e-05]",-0.00038856718489917175,-0.05789651054997659,149.0,0.002187344287909498
"[4.280659718133061e-05, 4.1479978453272805e-05, 3.717003859188466e-05, 2.0575246279823577e-05, 2.6977176589388318e-05, -2.7275182022269137e-05, -0.00011225380143425475, -5.6498984666150625e-05, 5.411209188580008e-05]",-0.00038856718489917175,-0.05828507773487576,150.0,0.0022976274969954153
"[3.4626055356797925e-05, 4.280659718133061e-05, 4.1479978453272805e-05, 2.9457100187448614e-05, 2.585693568008639e-05, -1.738060589400186e-05, -0.00010291424042354168, -5.282650698370098e-05, 4.0439130922534834e-05]",-0.00038856718489917175,-0.058673644919774934,151.0,0.002220719368928772
"[3.942959652829206e-05, 3.4626055356797925e-05, 4.280659718133061e-05, 3.717003859188466e-05, 2.7044757074792577e-05, 1.4370927213550215e-06, -8.733865006693169e-05, -4.940232444915961e-05, 3.428145329023875e-05]",-0.00038856718489917175,-0.059062212104674106,152.0,0.002111908337979839
"[3.564083559677269e-05, 3.942959652829206e-05, 3.4626055356797925e-05, 4.1479978453272805e-05, 2.6128083715352024e-05, 1.055569559643415e-05, -7.196071061123e-05, -4.634941912538967e-05, 2.7824580147740876e-05]",-0.00038856718489917175,-0.05945077928957328,153.0,0.002010793840639624
"[2.6182929938974043e-05, 3.564083559677269e-05, 3.942959652829206e-05, 4.280659718133061e-05, 2.0575246279823577e-05, 2.2765133960881426e-05, -5.901640888770949e-05, -5.104896934225947e-05, 1.7760075239345905e-05]",-0.00038856718489917175,-0.05983934647447245,154.0,0.0019935021872217315
"[1.0632626074419178e-05, 2.6182929938974043e-05, 3.564083559677269e-05, 3.4626055356797925e-05, 2.9457100187448614e-05, 2.947616206019383e-05, -5.1374281474245936e-05, -6.335659678448032e-05, 1.5323954519634972e-05]",-0.00038856718489917175,-0.06022791365937162,155.0,0.0020150720591096435
"[-1.2747717419333449e-05, 1.0632626074419178e-05, 2.6182929938974043e-05, 3.942959652829206e-05, 3.717003859188466e-05, 3.0227215916617834e-05, -5.21284382285077e-05, -8.519250659397943e-05, 3.985776791630422e-06]",-0.00038856718489917175,-0.06061648084427079,156.0,0.002077605258028815
"[-1.873639049830866e-05, -1.2747717419333449e-05, 1.0632626074419178e-05, 3.564083559677269e-05, 4.1479978453272805e-05, 2.68151444122074e-05, -4.404158187384283e-05, -9.145313613253154e-05, -1.2113018354953453e-05]",-0.00038856718489917175,-0.061005048029169964,157.0,0.0021305237542937187
"[-3.0086541031279046e-05, -1.873639049830866e-05, -1.2747717419333449e-05, 2.6182929938974043e-05, 4.280659718133061e-05, 2.6977176589388318e-05, -3.9277315629315934e-05, -9.851549190775483e-05, -2.829332511091064e-05]",-0.00038856718489917175,-0.061393615214069136,158.0,0.002095912938684533
"[-3.920000909752044e-05, -3.0086541031279046e-05, -1.873639049830866e-05, 1.0632626074419178e-05, 3.4626055356797925e-05, 2.585693568008639e-05, -3.6372068117009575e-05, -0.00011181732704734766, -2.1510176787564604e-05]",-0.00038856718489917175,-0.06178218239896831,159.0,0.002105880668136148
"[-4.107491298877772e-05, -3.920000909752044e-05, -3.0086541031279046e-05, -1.2747717419333449e-05, 3.942959652829206e-05, 2.7044757074792577e-05, -3.486065676829895e-05, -0.00012177324597473471, -1.783014495465193e-05]",-0.00038856718489917175,-0.06217074958386748,160.0,0.002280596730703683
"[-4.276753358696815e-05, -4.107491298877772e-05, -3.920000909752044e-05, -1.873639049830866e-05, 3.564083559677269e-05, 2.6128083715352024e-05, -3.0494939258191992e-05, -0.00013006755416909274, -2.0269787560793827e-05]",-0.00038856718489917175,-0.06255931676876665,161.0,0.0022991867044443656
"[-5.3494279576573555e-05, -4.276753358696815e-05, -4.107491298877772e-05, -3.0086541031279046e-05, 2.6182929938974043e-05, 2.0575246279823577e-05, -3.3013460798776886e-05, -0.00012230479187748213, -1.895907711512804e-05]",-0.00038856718489917175,-0.06294788395366582,162.0,0.001954217237753131
"[-5.9054994846905174e-05, -5.3494279576573555e-05, -4.276753358696815e-05, -3.920000909752044e-05, 1.0632626074419178e-05, 2.9457100187448614e-05, -3.217276559454089e-05, -0.0001214166974878931, -2.1996649456586943e-05]",-0.00038856718489917175,-0.063336451138565,163.0,0.0020464854455021233
"[-4.521432836091718e-05, -5.9054994846905174e-05, -5.3494279576573555e-05, -4.107491298877772e-05, -1.2747717419333449e-05, 3.717003859188466e-05, -3.531851204504419e-05, -0.0001301475948200601, -1.9729767498045858e-05]",-0.00038856718489917175,-0.06372501832346417,164.0,0.0020715270755420397
"[-4.139604833202029e-05, -4.521432836091718e-05, -5.9054994846905174e-05, -4.276753358696815e-05, -1.873639049830866e-05, 4.1479978453272805e-05, -3.060915794824796e-05, -0.0001309845498394586, -1.3722072905754606e-05]",-0.00038856718489917175,-0.06411358550836334,165.0,0.002332624780270512
"[-4.068625674433889e-05, -4.139604833202029e-05, -4.521432836091718e-05, -5.3494279576573555e-05, -3.0086541031279046e-05, 4.280659718133061e-05, -2.7275182022269137e-05, -0.0001295334088445681, -1.2932178688152055e-05]",-0.00038856718489917175,-0.06450215269326251,166.0,0.002408669155477184
"[-5.5046669542333496e-05, -4.068625674433889e-05, -4.139604833202029e-05, -5.9054994846905174e-05, -3.920000909752044e-05, 3.4626055356797925e-05, -1.738060589400186e-05, -0.0001279224593201713, -6.067632715311258e-06]",-0.00038856718489917175,-0.06489071987816168,167.0,0.0029414274488610104
"[-6.404828586506578e-05, -5.5046669542333496e-05, -4.068625674433889e-05, -4.521432836091718e-05, -4.107491298877772e-05, 3.942959652829206e-05, 1.4370927213550215e-06, -0.00012452239988536642, 9.063678940345413e-06]",-0.00038856718489917175,-0.06527928706306085,168.0,0.0030096464459947645
"[-8.353625830371427e-05, -6.404828586506578e-05, -5.5046669542333496e-05, -4.139604833202029e-05, -4.276753358696815e-05, 3.564083559677269e-05, 1.055569559643415e-05, -0.00010895639356966636, 9.61144321519947e-06]",-0.00038856718489917175,-0.06566785424796003,169.0,0.003724917278073535
"[-9.276149090366748e-05, -8.353625830371427e-05, -6.404828586506578e-05, -4.068625674433889e-05, -5.3494279576573555e-05, 2.6182929938974043e-05, 2.2765133960881426e-05, -0.00010464004682333468, 1.4584318602812072e-05]",-0.00038856718489917175,-0.0660564214328592,170.0,0.004446641085820395
"[-0.00010897053470243235, -9.276149090366748e-05, -8.353625830371427e-05, -5.5046669542333496e-05, -5.9054994846905174e-05, 1.0632626074419178e-05, 2.947616206019383e-05, -0.00010382061305397336, 1.5546583383097682e-05]",-0.00038856718489917175,-0.06644498861775837,171.0,0.005006958913927454
"[-0.00012431821607542307, -0.00010897053470243235, -9.276149090366748e-05, -6.404828586506578e-05, -4.521432836091718e-05, -1.2747717419333449e-05, 3.0227215916617834e-05, -0.00010701367091539697, 1.91775767335681e-05]",-0.00038856718489917175,-0.06683355580265754,172.0,0.00449110693614054
"[-0.000135835230454278, -0.00012431821607542307, -0.00010897053470243235, -8.353625830371427e-05, -4.139604833202029e-05, -1.873639049830866e-05, 2.68151444122074e-05, -0.00010200705222287667, 2.363010127866129e-05]",-0.00038856718489917175,-0.06722212298755671,173.0,0.004275470838827133
"[-0.0001362080330756368, -0.000135835230454278, -0.00012431821607542307, -9.276149090366748e-05, -4.068625674433889e-05, -3.0086541031279046e-05, 2.6977176589388318e-05, -9.949785252772963e-05, 2.928528200414591e-05]",-0.00038856718489917175,-0.06761069017245588,174.0,0.005379976851191401
"[-0.0001343776383618877, -0.0001362080330756368, -0.000135835230454278, -0.00010897053470243235, -5.5046669542333496e-05, -3.920000909752044e-05, 2.585693568008639e-05, -0.00010191509712529258, 3.6903349464250576e-05]",-0.00038856718489917175,-0.06799925735735506,175.0,0.004418344041049227
"[-0.000142885460540685, -0.0001343776383618877, -0.0001362080330756368, -0.00012431821607542307, -6.404828586506578e-05, -4.107491298877772e-05, 2.7044757074792577e-05, -0.00011279498638533771, 4.581782864420054e-05]",-0.00038856718489917175,-0.06838782454225423,176.0,0.003730637160517459
"[-0.0001389312640019919, -0.000142885460540685, -0.0001343776383618877, -0.000135835230454278, -8.353625830371427e-05, -4.276753358696815e-05, 2.6128083715352024e-05, -0.00011830419572244373, 5.830856123422988e-05]",-0.00038856718489917175,-0.0687763917271534,177.0,0.004127241665885981
"[-0.0001300583598895848, -0.0001389312640019919, -0.000142885460540685, -0.0001362080330756368, -9.276149090366748e-05, -5.3494279576573555e-05, 2.0575246279823577e-05, -0.00012639082915348335, 5.949318448680731e-05]",-0.00038856718489917175,-0.06916495891205257,178.0,0.003225461633857239
"[-0.00012992676866681476, -0.0001300583598895848, -0.0001389312640019919, -0.0001343776383618877, -0.00010897053470243235, -5.9054994846905174e-05, 2.9457100187448614e-05, -0.00012841951616648353, 6.669980805067831e-05]",-0.00038856718489917175,-0.06955352609695174,179.0,0.0030801432127508226
"[-0.00011896331789719753, -0.00012992676866681476, -0.0001300583598895848, -0.000142885460540685, -0.00012431821607542307, -4.521432836091718e-05, 3.717003859188466e-05, -0.0001286443629527032, 6.610717162016083e-05]",-0.00038856718489917175,-0.06994209328185091,180.0,0.0033785228873069516
"[-0.00011094995866176706, -0.00011896331789719753, -0.00012992676866681476, -0.0001389312640019919, -0.000135835230454278, -4.139604833202029e-05, 4.1479978453272805e-05, -0.0001244689086138074, 6.555562653638593e-05]",-0.00038856718489917175,-0.07033066046675009,181.0,0.003251233272577403
"[-0.00011164167703177798, -0.00011094995866176706, -0.00011896331789719753, -0.0001300583598895848, -0.0001362080330756368, -4.068625674433889e-05, 4.280659718133061e-05, -0.00011225380143425475, 6.703494238421077e-05]",-0.00038856718489917175,-0.07071922765164926,182.0,0.003701732397929191
"[-0.00011005473045382156, -0.00011164167703177798, -0.00011094995866176706, -0.00012992676866681476, -0.0001343776383618877, -5.5046669542333496e-05, 3.4626055356797925e-05, -0.00010291424042354168, 5.640109981314617e-05]",-0.00038856718489917175,-0.07110779483654843,183.0,0.003272232527205494
"[-0.00011569038611344612, -0.00011005473045382156, -0.00011164167703177798, -0.00011896331789719753, -0.000142885460540685, -6.404828586506578e-05, 3.942959652829206e-05, -8.733865006693169e-05, 5.6691479491234644e-05]",-0.00038856718489917175,-0.0714963620214476,184.0,0.0031711607390602125
"[-0.00011234388762269777, -0.00011569038611344612, -0.00011005473045382156, -0.00011094995866176706, -0.0001389312640019919, -8.353625830371427e-05, 3.564083559677269e-05, -7.196071061123e-05, 5.6329627463275235e-05]",-0.00038856718489917175,-0.07188492920634677,185.0,0.003582335439779551
"[-0.00010910716748118789, -0.00011234388762269777, -0.00011569038611344612, -0.00011164167703177798, -0.0001300583598895848, -9.276149090366748e-05, 2.6182929938974043e-05, -5.901640888770949e-05, 5.3626804271235485e-05]",-0.00038856718489917175,-0.07227349639124594,186.0,0.0035656434666088135
"[-0.00011366057550168429, -0.00010910716748118789, -0.00011234388762269777, -0.00011005473045382156, -0.00012992676866681476, -0.00010897053470243235, 1.0632626074419178e-05, -5.1374281474245936e-05, 5.941201251787551e-05]",-0.00038856718489917175,-0.07266206357614512,187.0,0.003644466364347055
"[-0.00011552090697676038, -0.00011366057550168429, -0.00010910716748118789, -0.00011569038611344612, -0.00011896331789719753, -0.00012431821607542307, -1.2747717419333449e-05, -5.21284382285077e-05, 4.959547699314313e-05]",-0.00038856718489917175,-0.07305063076104429,188.0,0.0038552563806069353
"[-0.00011743112001294913, -0.00011552090697676038, -0.00011366057550168429, -0.00011234388762269777, -0.00011094995866176706, -0.000135835230454278, -1.873639049830866e-05, -4.404158187384283e-05, 5.2414752882738754e-05]",-0.00038856718489917175,-0.07343919794594346,189.0,0.0038221587212230596
"[-0.00012092498391458729, -0.00011743112001294913, -0.00011552090697676038, -0.00010910716748118789, -0.00011164167703177798, -0.0001362080330756368, -3.0086541031279046e-05, -3.9277315629315934e-05, 5.214016025975525e-05]",-0.00038856718489917175,-0.07382776513084263,190.0,0.0037985353861443943
"[-0.0001221337332473328, -0.00012092498391458729, -0.00011743112001294913, -0.00011366057550168429, -0.00011005473045382156, -0.0001343776383618877, -3.920000909752044e-05, -3.6372068117009575e-05, 5.2558402415104176e-05]",-0.00038856718489917175,-0.0742163323157418,191.0,0.0037678606052045276
"[-0.00012239354248878834, -0.0001221337332473328, -0.00012092498391458729, -0.00011552090697676038, -0.00011569038611344612, -0.000142885460540685, -4.107491298877772e-05, -3.486065676829895e-05, 5.597647114149163e-05]",-0.00038856718489917175,-0.07460489950064098,192.0,0.00403852749900732
"[-0.00012214191078361954, -0.00012239354248878834, -0.0001221337332473328, -0.00011743112001294913, -0.00011234388762269777, -0.0001389312640019919, -4.276753358696815e-05, -3.0494939258191992e-05, 6.13905920143258e-05]",-0.00038856718489917175,-0.07499346668554015,193.0,0.00301759783541576
"[-0.00012521816362019069, -0.00012214191078361954, -0.00012239354248878834, -0.00012092498391458729, -0.00010910716748118789, -0.0001300583598895848, -5.3494279576573555e-05, -3.3013460798776886e-05, 6.120781643250312e-05]",-0.00038856718489917175,-0.07538203387043932,194.0,0.003354161567597702
"[-0.00011326311946189214, -0.00012521816362019069, -0.00012214191078361954, -0.0001221337332473328, -0.00011366057550168429, -0.00012992676866681476, -5.9054994846905174e-05, -3.217276559454089e-05, 5.4948495308210614e-05]",-0.00038856718489917175,-0.07577060105533849,195.0,0.004866151875666784
"[-0.00011228023659444582, -0.00011326311946189214, -0.00012521816362019069, -0.00012239354248878834, -0.00011552090697676038, -0.00011896331789719753, -4.521432836091718e-05, -3.531851204504419e-05, 4.716399646861137e-05]",-0.00038856718489917175,-0.07615916824023766,196.0,0.004988236901686361
"[-0.00012949826036767452, -0.00011228023659444582, -0.00011326311946189214, -0.00012214191078361954, -0.00011743112001294913, -0.00011094995866176706, -4.139604833202029e-05, -3.060915794824796e-05, 4.591920201552225e-05]",-0.00038856718489917175,-0.07654773542513683,197.0,0.006803420354263565
"[-0.0001375627136358357, -0.00012949826036767452, -0.00011228023659444582, -0.00012521816362019069, -0.00012092498391458729, -0.00011164167703177798, -4.068625674433889e-05, -2.7275182022269137e-05, 4.143855409277755e-05]",-0.00038856718489917175,-0.076936302610036,198.0,0.005567672368220935
"[-0.0001529815123511543, -0.0001375627136358357, -0.00012949826036767452, -0.00011326311946189214, -0.0001221337332473328, -0.00011005473045382156, -5.5046669542333496e-05, -1.738060589400186e-05, 2.9884693916233516e-05]",-0.00038856718489917175,-0.07732486979493518,199.0,0.00538765085401537
"[-0.00015238970478333148, -0.0001529815123511543, -0.0001375627136358357, -0.00011228023659444582, -0.00012239354248878834, -0.00011569038611344612, -6.404828586506578e-05, 1.4370927213550215e-06, 1.124279888210451e-05]",-0.00038856718489917175,-0.07771343697983435,200.0,0.0072634344360372255
"[-0.00015089179566223863, -0.00015238970478333148, -0.0001529815123511543, -0.00012949826036767452, -0.00012214191078361954, -0.00011234388762269777, -8.353625830371427e-05, 1.055569559643415e-05, 3.881135555393954e-06]",-0.00038856718489917175,-0.07810200416473352,201.0,0.007059713914053981
"[-0.0001609286542810946, -0.00015089179566223863, -0.00015238970478333148, -0.0001375627136358357, -0.00012521816362019069, -0.00010910716748118789, -9.276149090366748e-05, 2.2765133960881426e-05, 1.525899345820617e-09]",-0.00038856718489917175,-0.07849057134963269,202.0,0.008299790177407533
"[-0.00016435012377772934, -0.0001609286542810946, -0.00015089179566223863, -0.0001529815123511543, -0.00011326311946189214, -0.00011366057550168429, -0.00010897053470243235, 2.947616206019383e-05, -1.1044446377090706e-05]",-0.00038856718489917175,-0.07887913853453186,203.0,0.006204559213205916
"[-0.00017131655107286307, -0.00016435012377772934, -0.0001609286542810946, -0.00015238970478333148, -0.00011228023659444582, -0.00011552090697676038, -0.00012431821607542307, 3.0227215916617834e-05, -1.418242700731897e-05]",-0.00038856718489917175,-0.07926770571943104,204.0,0.006871866098562863
"[-0.0001649825982908149, -0.00017131655107286307, -0.00016435012377772934, -0.00015089179566223863, -0.00012949826036767452, -0.00011743112001294913, -0.000135835230454278, 2.68151444122074e-05, -1.4341398778186066e-05]",-0.00038856718489917175,-0.07965627290433021,205.0,0.005876766628590754
"[-0.00016532619622718325, -0.0001649825982908149, -0.00017131655107286307, -0.0001609286542810946, -0.0001375627136358357, -0.00012092498391458729, -0.0001362080330756368, 2.6977176589388318e-05, -1.9225682333286315e-05]",-0.00038856718489917175,-0.08004484008922938,206.0,0.004228871861441643
"[-0.00016028219388973316, -0.00016532619622718325, -0.0001649825982908149, -0.00016435012377772934, -0.0001529815123511543, -0.0001221337332473328, -0.0001343776383618877, 2.585693568008639e-05, -2.0764768997500365e-05]",-0.00038856718489917175,-0.08043340727412855,207.0,0.002747997117255552
"[-0.00014634922896240683, -0.00016028219388973316, -0.00016532619622718325, -0.00017131655107286307, -0.00015238970478333148, -0.00012239354248878834, -0.000142885460540685, 2.7044757074792577e-05, -2.0129990938601594e-05]",-0.00038856718489917175,-0.08082197445902772,208.0,0.0025077086916071804
"[-0.000122136983539857, -0.00014634922896240683, -0.00016028219388973316, -0.0001649825982908149, -0.00015089179566223863, -0.00012214191078361954, -0.0001389312640019919, 2.6128083715352024e-05, -2.7128858342989037e-05]",-0.00038856718489917175,-0.0812105416439269,209.0,0.002895681111691809
"[-0.00010358336358763686, -0.000122136983539857, -0.00014634922896240683, -0.00016532619622718325, -0.0001609286542810946, -0.00012521816362019069, -0.0001300583598895848, 2.0575246279823577e-05, -3.701000026187036e-05]",-0.00038856718489917175,-0.08159910882882607,210.0,0.002554539728559411
"[-0.00010011576541971291, -0.00010358336358763686, -0.000122136983539857, -0.00016028219388973316, -0.00016435012377772934, -0.00011326311946189214, -0.00012992676866681476, 2.9457100187448614e-05, -3.7665252653836945e-05]",-0.00038856718489917175,-0.08198767601372524,211.0,0.003133976233038873
"[-9.1501576599628e-05, -0.00010011576541971291, -0.00010358336358763686, -0.00014634922896240683, -0.00017131655107286307, -0.00011228023659444582, -0.00011896331789719753, 3.717003859188466e-05, -4.7551472286644715e-05]",-0.00038856718489917175,-0.08237624319862441,212.0,0.0024463954743832663
"[-9.813562758329005e-05, -9.1501576599628e-05, -0.00010011576541971291, -0.000122136983539857, -0.0001649825982908149, -0.00012949826036767452, -0.00011094995866176706, 4.1479978453272805e-05, -5.010709598627837e-05]",-0.00038856718489917175,-0.08276481038352358,213.0,0.002444810562339898
"[-8.793943385091891e-05, -9.813562758329005e-05, -9.1501576599628e-05, -0.00010358336358763686, -0.00016532619622718325, -0.0001375627136358357, -0.00011164167703177798, 4.280659718133061e-05, -5.6498984666150625e-05]",-0.00038856718489917175,-0.08315337756842275,214.0,0.002783478444678793
"[-8.194981888014557e-05, -8.793943385091891e-05, -9.813562758329005e-05, -0.00010011576541971291, -0.00016028219388973316, -0.0001529815123511543, -0.00011005473045382156, 3.4626055356797925e-05, -5.282650698370098e-05]",-0.00038856718489917175,-0.08354194475332193,215.0,0.002666771569694633
"[-8.663333855196791e-05, -8.194981888014557e-05, -8.793943385091891e-05, -9.1501576599628e-05, -0.00014634922896240683, -0.00015238970478333148, -0.00011569038611344612, 3.942959652829206e-05, -4.940232444915961e-05]",-0.00038856718489917175,-0.0839305119382211,216.0,0.003012898252899228
"[-8.649432513526743e-05, -8.663333855196791e-05, -8.194981888014557e-05, -9.813562758329005e-05, -0.000122136983539857, -0.00015089179566223863, -0.00011234388762269777, 3.564083559677269e-05, -4.634941912538967e-05]",-0.00038856718489917175,-0.08431907912312027,217.0,0.002947089344271492
"[-9.347198128932175e-05, -8.649432513526743e-05, -8.663333855196791e-05, -8.793943385091891e-05, -0.00010358336358763686, -0.0001609286542810946, -0.00010910716748118789, 2.6182929938974043e-05, -5.104896934225947e-05]",-0.00038856718489917175,-0.08470764630801944,218.0,0.0033635527861746372
"[-9.570576224862039e-05, -9.347198128932175e-05, -8.649432513526743e-05, -8.194981888014557e-05, -0.00010011576541971291, -0.00016435012377772934, -0.00011366057550168429, 1.0632626074419178e-05, -6.335659678448032e-05]",-0.00038856718489917175,-0.08509621349291861,219.0,0.0030452911030992274
"[-0.00010372448277793755, -9.570576224862039e-05, -9.347198128932175e-05, -8.663333855196791e-05, -9.1501576599628e-05, -0.00017131655107286307, -0.00011552090697676038, -1.2747717419333449e-05, -8.519250659397943e-05]",-0.00038856718489917175,-0.08548478067781778,220.0,0.0031041185819286445
"[-0.00010263307642691359, -0.00010372448277793755, -9.570576224862039e-05, -8.649432513526743e-05, -9.813562758329005e-05, -0.0001649825982908149, -0.00011743112001294913, -1.873639049830866e-05, -9.145313613253154e-05]",-0.00038856718489917175,-0.08587334786271696,221.0,0.0032574657947101035
"[-0.00010297026738680305, -0.00010263307642691359, -0.00010372448277793755, -9.347198128932175e-05, -8.793943385091891e-05, -0.00016532619622718325, -0.00012092498391458729, -3.0086541031279046e-05, -9.851549190775483e-05]",-0.00038856718489917175,-0.08626191504761613,222.0,0.003248830282460746
"[-0.00010562526644178506, -0.00010297026738680305, -0.00010263307642691359, -9.570576224862039e-05, -8.194981888014557e-05, -0.00016028219388973316, -0.0001221337332473328, -3.920000909752044e-05, -0.00011181732704734766]",-0.00038856718489917175,-0.0866504822325153,223.0,0.003476120559220219
"[-0.00010680757270154047, -0.00010562526644178506, -0.00010297026738680305, -0.00010372448277793755, -8.663333855196791e-05, -0.00014634922896240683, -0.00012239354248878834, -4.107491298877772e-05, -0.00012177324597473471]",-0.00038856718489917175,-0.08703904941741447,224.0,0.003670437543728539
"[-0.00011083112436319126, -0.00010680757270154047, -0.00010562526644178506, -0.00010263307642691359, -8.649432513526743e-05, -0.000122136983539857, -0.00012214191078361954, -4.276753358696815e-05, -0.00013006755416909274]",-0.00038856718489917175,-0.08742761660231364,225.0,0.0034251674137156566
"[-0.00011538147307436194, -0.00011083112436319126, -0.00010680757270154047, -0.00010297026738680305, -9.347198128932175e-05, -0.00010358336358763686, -0.00012521816362019069, -5.3494279576573555e-05, -0.00012230479187748213]",-0.00038856718489917175,-0.08781618378721281,226.0,0.0032383785723795865
"[-0.00011431955828764566, -0.00011538147307436194, -0.00011083112436319126, -0.00010562526644178506, -9.570576224862039e-05, -0.00010011576541971291, -0.00011326311946189214, -5.9054994846905174e-05, -0.0001214166974878931]",-0.00038856718489917175,-0.08820475097211199,227.0,0.003035638864664196
"[-0.00011117996301528472, -0.00011431955828764566, -0.00011538147307436194, -0.00010680757270154047, -0.00010372448277793755, -9.1501576599628e-05, -0.00011228023659444582, -4.521432836091718e-05, -0.0001301475948200601]",-0.00038856718489917175,-0.08859331815701116,228.0,0.002758608894060416
"[-0.00010644523026576226, -0.00011117996301528472, -0.00011431955828764566, -0.00011083112436319126, -0.00010263307642691359, -9.813562758329005e-05, -0.00012949826036767452, -4.139604833202029e-05, -0.0001309845498394586]",-0.00038856718489917175,-0.08898188534191033,229.0,0.0029272063425174514
"[-9.907360084296247e-05, -0.00010644523026576226, -0.00011117996301528472, -0.00011538147307436194, -0.00010297026738680305, -8.793943385091891e-05, -0.0001375627136358357, -4.068625674433889e-05, -0.0001295334088445681]",-0.00038856718489917175,-0.0893704525268095,230.0,0.0026988745148658314
"[-9.813315662586117e-05, -9.907360084296247e-05, -0.00010644523026576226, -0.00011431955828764566, -0.00010562526644178506, -8.194981888014557e-05, -0.0001529815123511543, -5.5046669542333496e-05, -0.0001279224593201713]",-0.00038856718489917175,-0.08975901971170867,231.0,0.0026781115215350035
"[-9.32202463041899e-05, -9.813315662586117e-05, -9.907360084296247e-05, -0.00011117996301528472, -0.00010680757270154047, -8.663333855196791e-05, -0.00015238970478333148, -6.404828586506578e-05, -0.00012452239988536642]",-0.00038856718489917175,-0.09014758689660785,232.0,0.0029201673084706353
"[-9.002029896194845e-05, -9.32202463041899e-05, -9.813315662586117e-05, -0.00010644523026576226, -0.00011083112436319126, -8.649432513526743e-05, -0.00015089179566223863, -8.353625830371427e-05, -0.00010895639356966636]",-0.00038856718489917175,-0.09053615408150702,233.0,0.0030901332968234934
"[-9.334915780604562e-05, -9.002029896194845e-05, -9.32202463041899e-05, -9.907360084296247e-05, -0.00011538147307436194, -9.347198128932175e-05, -0.0001609286542810946, -9.276149090366748e-05, -0.00010464004682333468]",-0.00038856718489917175,-0.09092472126640619,234.0,0.002962436453882158
"[-9.81675963743594e-05, -9.334915780604562e-05, -9.002029896194845e-05, -9.813315662586117e-05, -0.00011431955828764566, -9.570576224862039e-05, -0.00016435012377772934, -0.00010897053470243235, -0.00010382061305397336]",-0.00038856718489917175,-0.09131328845130536,235.0,0.0027827054262282115
"[-9.824123442713426e-05, -9.81675963743594e-05, -9.334915780604562e-05, -9.32202463041899e-05, -0.00011117996301528472, -0.00010372448277793755, -0.00017131655107286307, -0.00012431821607542307, -0.00010701367091539697]",-0.00038856718489917175,-0.09170185563620453,236.0,0.0029440506079157175
"[-9.487615841649698e-05, -9.824123442713426e-05, -9.81675963743594e-05, -9.002029896194845e-05, -0.00010644523026576226, -0.00010263307642691359, -0.0001649825982908149, -0.000135835230454278, -0.00010200705222287667]",-0.00038856718489917175,-0.0920904228211037,237.0,0.0035434688820804683
"[-9.627143596697586e-05, -9.487615841649698e-05, -9.824123442713426e-05, -9.334915780604562e-05, -9.907360084296247e-05, -0.00010297026738680305, -0.00016532619622718325, -0.0001362080330756368, -9.949785252772963e-05]",-0.00038856718489917175,-0.09247899000600288,238.0,0.0035248847709389705
"[-0.00010674450982825635, -9.627143596697586e-05, -9.487615841649698e-05, -9.81675963743594e-05, -9.813315662586117e-05, -0.00010562526644178506, -0.00016028219388973316, -0.0001343776383618877, -0.00010191509712529258]",-0.00038856718489917175,-0.09286755719090205,239.0,0.004030650351309752
"[-0.00011132601026817011, -0.00010674450982825635, -9.627143596697586e-05, -9.824123442713426e-05, -9.32202463041899e-05, -0.00010680757270154047, -0.00014634922896240683, -0.000142885460540685, -0.00011279498638533771]",-0.00038856718489917175,-0.09325612437580122,240.0,0.003854642191156519
"[-0.00011970074044352611, -0.00011132601026817011, -0.00010674450982825635, -9.487615841649698e-05, -9.002029896194845e-05, -0.00011083112436319126, -0.000122136983539857, -0.0001389312640019919, -0.00011830419572244373]",-0.00038856718489917175,-0.09364469156070039,241.0,0.003843451999360573
"[-0.00012163786985071591, -0.00011970074044352611, -0.00011132601026817011, -9.627143596697586e-05, -9.334915780604562e-05, -0.00011538147307436194, -0.00010358336358763686, -0.0001300583598895848, -0.00012639082915348335]",-0.00038856718489917175,-0.09403325874559956,242.0,0.003843663617625163
"[-0.00012240486867869313, -0.00012163786985071591, -0.00011970074044352611, -0.00010674450982825635, -9.81675963743594e-05, -0.00011431955828764566, -0.00010011576541971291, -0.00012992676866681476, -0.00012841951616648353]",-0.00038856718489917175,-0.09442182593049873,243.0,0.0029882078982069057
"[-0.0001227941201253102, -0.00012240486867869313, -0.00012163786985071591, -0.00011132601026817011, -9.824123442713426e-05, -0.00011117996301528472, -9.1501576599628e-05, -0.00011896331789719753, -0.0001286443629527032]",-0.00038856718489917175,-0.0948103931153979,244.0,0.003238654958279042
"[-0.00011154445788635881, -0.0001227941201253102, -0.00012240486867869313, -0.00011970074044352611, -9.487615841649698e-05, -0.00010644523026576226, -9.813562758329005e-05, -0.00011094995866176706, -0.0001244689086138074]",-0.00038856718489917175,-0.09519896030029708,245.0,0.003139055420208769
"[-0.00010952396643107174, -0.00011154445788635881, -0.0001227941201253102, -0.00012163786985071591, -9.627143596697586e-05, -9.907360084296247e-05, -8.793943385091891e-05, -0.00011164167703177798, -0.00011225380143425475]",-0.00038856718489917175,-0.09558752748519625,246.0,0.002995362981369135
"[-0.00010696643587513609, -0.00010952396643107174, -0.00011154445788635881, -0.00012240486867869313, -0.00010674450982825635, -9.813315662586117e-05, -8.194981888014557e-05, -0.00011005473045382156, -0.00010291424042354168]",-0.00038856718489917175,-0.09597609467009542,247.0,0.0031881260804433793
"[-0.00010330773575053305, -0.00010696643587513609, -0.00010952396643107174, -0.0001227941201253102, -0.00011132601026817011, -9.32202463041899e-05, -8.663333855196791e-05, -0.00011569038611344612, -8.733865006693169e-05]",-0.00038856718489917175,-0.0963646618549946,248.0,0.003669854150127766
"[-0.00010467795234631071, -0.00010330773575053305, -0.00010696643587513609, -0.00011154445788635881, -0.00011970074044352611, -9.002029896194845e-05, -8.649432513526743e-05, -0.00011234388762269777, -7.196071061123e-05]",-0.00038856718489917175,-0.09675322903989376,249.0,0.004807986884934818
"[-0.00011228073972540352, -0.00010467795234631071, -0.00010330773575053305, -0.00010952396643107174, -0.00012163786985071591, -9.334915780604562e-05, -9.347198128932175e-05, -0.00010910716748118789, -5.901640888770949e-05]",-0.00038856718489917175,-0.09714179622479294,250.0,0.004460975518051907
"[-0.00012797916575517745, -0.00011228073972540352, -0.00010467795234631071, -0.00010696643587513609, -0.00012240486867869313, -9.81675963743594e-05, -9.570576224862039e-05, -0.00011366057550168429, -5.1374281474245936e-05]",-0.00038856718489917175,-0.09753036340969211,251.0,0.0040334311509221425
"[-0.00013181489002537828, -0.00012797916575517745, -0.00011228073972540352, -0.00010330773575053305, -0.0001227941201253102, -9.824123442713426e-05, -0.00010372448277793755, -0.00011552090697676038, -5.21284382285077e-05]",-0.00038856718489917175,-0.09791893059459128,252.0,0.004480908201580078
"[-0.00012959583811317205, -0.00013181489002537828, -0.00012797916575517745, -0.00010467795234631071, -0.00011154445788635881, -9.487615841649698e-05, -0.00010263307642691359, -0.00011743112001294913, -4.404158187384283e-05]",-0.00038856718489917175,-0.09830749777949045,253.0,0.0044792582649954065
"[-0.00013272002790170231, -0.00012959583811317205, -0.00013181489002537828, -0.00011228073972540352, -0.00010952396643107174, -9.627143596697586e-05, -0.00010297026738680305, -0.00012092498391458729, -3.9277315629315934e-05]",-0.00038856718489917175,-0.09869606496438962,254.0,0.004359161059002044
"[-0.00013425004159735141, -0.00013272002790170231, -0.00012959583811317205, -0.00012797916575517745, -0.00010696643587513609, -0.00010674450982825635, -0.00010562526644178506, -0.0001221337332473328, -3.6372068117009575e-05]",-0.00038856718489917175,-0.0990846321492888,255.0,0.0056951488432100145
"[-0.00013396744947810393, -0.00013425004159735141, -0.00013272002790170231, -0.00013181489002537828, -0.00010330773575053305, -0.00011132601026817011, -0.00010680757270154047, -0.00012239354248878834, -3.486065676829895e-05]",-0.00038856718489917175,-0.09947319933418797,256.0,0.006077867765282255
"[-0.00014412601032725786, -0.00013396744947810393, -0.00013425004159735141, -0.00012959583811317205, -0.00010467795234631071, -0.00011970074044352611, -0.00011083112436319126, -0.00012214191078361954, -3.0494939258191992e-05]",-0.00038856718489917175,-0.09986176651908714,257.0,0.006317602853768488
"[-0.0001510691488307054, -0.00014412601032725786, -0.00013396744947810393, -0.00013272002790170231, -0.00011228073972540352, -0.00012163786985071591, -0.00011538147307436194, -0.00012521816362019069, -3.3013460798776886e-05]",-0.00038856718489917175,-0.10025033370398631,258.0,0.0053281852601536435
"[-0.0001556761260316333, -0.0001510691488307054, -0.00014412601032725786, -0.00013425004159735141, -0.00012797916575517745, -0.00012240486867869313, -0.00011431955828764566, -0.00011326311946189214, -3.217276559454089e-05]",-0.00038856718489917175,-0.10063890088888548,259.0,0.005161929997356225
"[-0.00015215804330589785, -0.0001556761260316333, -0.0001510691488307054, -0.00013396744947810393, -0.00013181489002537828, -0.0001227941201253102, -0.00011117996301528472, -0.00011228023659444582, -3.531851204504419e-05]",-0.00038856718489917175,-0.10102746807378465,260.0,0.006179242999760605
"[-0.00014927957668138197, -0.00015215804330589785, -0.0001556761260316333, -0.00014412601032725786, -0.00012959583811317205, -0.00011154445788635881, -0.00010644523026576226, -0.00012949826036767452, -3.060915794824796e-05]",-0.00038856718489917175,-0.10141603525868383,261.0,0.006321898447870971
"[-0.00015401637097353426, -0.00014927957668138197, -0.00015215804330589785, -0.0001510691488307054, -0.00013272002790170231, -0.00010952396643107174, -9.907360084296247e-05, -0.0001375627136358357, -2.7275182022269137e-05]",-0.00038856718489917175,-0.101804602443583,262.0,0.007640289456820766
"[-0.00015706181174243543, -0.00015401637097353426, -0.00014927957668138197, -0.0001556761260316333, -0.00013425004159735141, -0.00010696643587513609, -9.813315662586117e-05, -0.0001529815123511543, -1.738060589400186e-05]",-0.00038856718489917175,-0.10219316962848217,263.0,0.007203035067439219
"[-0.00016470493993430292, -0.00015706181174243543, -0.00015401637097353426, -0.00015215804330589785, -0.00013396744947810393, -0.00010330773575053305, -9.32202463041899e-05, -0.00015238970478333148, 1.4370927213550215e-06]",-0.00038856718489917175,-0.10258173681338134,264.0,0.005408898162964244
"[-0.00016653488796656253, -0.00016470493993430292, -0.00015706181174243543, -0.00014927957668138197, -0.00014412601032725786, -0.00010467795234631071, -9.002029896194845e-05, -0.00015089179566223863, 1.055569559643415e-05]",-0.00038856718489917175,-0.10297030399828051,265.0,0.004666551395661068
"[-0.00015851663058809667, -0.00016653488796656253, -0.00016470493993430292, -0.00015401637097353426, -0.0001510691488307054, -0.00011228073972540352, -9.334915780604562e-05, -0.0001609286542810946, 2.2765133960881426e-05]",-0.00038856718489917175,-0.10335887118317968,266.0,0.003499201201072528
"[-0.00014939602489450938, -0.00015851663058809667, -0.00016653488796656253, -0.00015706181174243543, -0.0001556761260316333, -0.00012797916575517745, -9.81675963743594e-05, -0.00016435012377772934, 2.947616206019383e-05]",-0.00038856718489917175,-0.10374743836807886,267.0,0.0036263404072064496
"[-0.0001343155105242256, -0.00014939602489450938, -0.00015851663058809667, -0.00016470493993430292, -0.00015215804330589785, -0.00013181489002537828, -9.824123442713426e-05, -0.00017131655107286307, 3.0227215916617834e-05]",-0.00038856718489917175,-0.10413600555297803,268.0,0.0037470750494367363
"[-0.00013225936082829267, -0.00013390371870823035, -0.0001303654948859228, -0.00012393241553645485, -0.00011624759245024614, -0.00015838357691622487, -0.00013668261646604485, -0.0001641666308745116, -0.0001389779599108448]",0.0,0.0,0.0,0.0
"[-0.0001250659706736064, -0.00013225936082829267, -0.00013390371870823035, -0.00012600062759910357, -0.0001238917236786806, -0.00015715543715975108, -0.00011411575080987654, -0.00016547810370052326, -0.00014666092020165246]",0.0,0.0,0.0,0.0
"[-0.00012281071253055078, -0.0001250659706736064, -0.00013225936082829267, -0.0001303654948859228, -0.00012493980198349626, -0.0001535490436638721, -9.910339272152399e-05, -0.0001667606375888848, -0.00015100201383602853]",0.0,0.0,0.0,0.0
"[-0.00011682174533100103, -0.00012281071253055078, -0.0001250659706736064, -0.00013390371870823035, -0.00011860562918924218, -0.00014561798731722641, -9.244422268844605e-05, -0.00016080687996760613, -0.0001496117924295969]",0.0,0.0,0.0,0.0
"[-0.00011969041391990836, -0.00011682174533100103, -0.00012281071253055078, -0.00013225936082829267, -0.00012393241553645485, -0.00014055660392033346, -9.273099293323482e-05, -0.00015286619584111612, -0.00013887103436676843]",0.0,0.0,0.0,0.0
"[-0.00011443669261209952, -0.00011969041391990836, -0.00011682174533100103, -0.0001250659706736064, -0.00012600062759910357, -0.00012838607737395056, -8.881985655921844e-05, -0.00015189878430897064, -0.00013165826406763277]",0.0,0.0,0.0,0.0
"[-0.0001153387609245168, -0.00011443669261209952, -0.00011969041391990836, -0.00012281071253055078, -0.0001303654948859228, -0.00011349247151500563, -8.978175120501143e-05, -0.00014135495323243952, -0.00013371262492496694]",0.0,0.0,0.0,0.0
"[-0.00011425136741497464, -0.0001153387609245168, -0.00011443669261209952, -0.00011682174533100103, -0.00013390371870823035, -0.00011231419851652892, -9.437535717367134e-05, -0.00012632442211024113, -0.0001364128577834308]",0.0,0.0,0.0,0.0
"[-0.00011406541994441271, -0.00011425136741497464, -0.0001153387609245168, -0.00011969041391990836, -0.00013225936082829267, -0.00011624759245024614, -0.0001029196340084272, -0.00012250201822464266, -0.000134914585911408]",0.0,0.0,0.0,0.0
"[-0.0001057725612182024, -0.00011406541994441271, -0.00011425136741497464, -0.00011443669261209952, -0.0001250659706736064, -0.0001238917236786806, -0.0001095800015462501, -0.00011466600520680478, -0.00013420442904358274]",0.0,0.0,0.0,0.0
"[-0.0001005285214353544, -0.0001057725612182024, -0.00011406541994441271, -0.0001153387609245168, -0.00012281071253055078, -0.00012493980198349626, -0.00012002822542489451, -0.00010800669488536599, -0.00013648731118854764]",0.0,0.0,0.0,0.0
"[-9.067843126088214e-05, -0.0001005285214353544, -0.0001057725612182024, -0.00011425136741497464, -0.00011682174533100103, -0.00011860562918924218, -0.00012513463293786767, -0.00010860754705179048, -0.0001407046770440572]",0.0,0.0,0.0,0.0
"[-7.824815149584246e-05, -9.067843126088214e-05, -0.0001005285214353544, -0.00011406541994441271, -0.00011969041391990836, -0.00012393241553645485, -0.00012665614253794, -0.0001062529038581894, -0.0001411794633576363]",0.0,0.0,0.0,0.0
"[-6.691571334093028e-05, -7.824815149584246e-05, -9.067843126088214e-05, -0.0001057725612182024, -0.00011443669261209952, -0.00012600062759910357, -0.00013100314583073077, -0.00010179240723984374, -0.00013498569439168292]",0.0,0.0,0.0,0.0
"[-5.6678137763371635e-05, -6.691571334093028e-05, -7.824815149584246e-05, -0.0001005285214353544, -0.0001153387609245168, -0.0001303654948859228, -0.00014097811669299095, -0.00010659464515764911, -0.00012866115530220845]",0.0,0.0,0.0,0.0
"[-4.6169352312867375e-05, -5.6678137763371635e-05, -6.691571334093028e-05, -9.067843126088214e-05, -0.00011425136741497464, -0.00013390371870823035, -0.000148486608230957, -0.0001074528606822958, -0.00012150417147029285]",0.0,0.0,0.0,0.0
"[-4.055806921239234e-05, -4.6169352312867375e-05, -5.6678137763371635e-05, -7.824815149584246e-05, -0.00011406541994441271, -0.00013225936082829267, -0.00015838357691622487, -0.00010819533319635528, -0.00012264953046113347]",0.0,0.0,0.0,0.0
"[-4.402802119189006e-05, -4.055806921239234e-05, -4.6169352312867375e-05, -6.691571334093028e-05, -0.0001057725612182024, -0.0001250659706736064, -0.00015715543715975108, -0.00011305167375799819, -0.0001239841708215043]",0.0,0.0,0.0,0.0
"[-4.4268460820145555e-05, -4.402802119189006e-05, -4.055806921239234e-05, -5.6678137763371635e-05, -0.0001005285214353544, -0.00012281071253055078, -0.0001535490436638721, -0.00011708627044704575, -0.00011302196059660537]",0.0,0.0,0.0,0.0
"[-3.9034783079509846e-05, -4.4268460820145555e-05, -4.402802119189006e-05, -4.6169352312867375e-05, -9.067843126088214e-05, -0.00011682174533100103, -0.00014561798731722641, -0.00012506127445123893, -0.00010760944402999526]",0.0,0.0,0.0,0.0
"[-3.3156930909669505e-05, -3.9034783079509846e-05, -4.4268460820145555e-05, -4.055806921239234e-05, -7.824815149584246e-05, -0.00011969041391990836, -0.00014055660392033346, -0.00012996684658182281, -0.00010515066329656273]",0.0,0.0,0.0,0.0
"[-3.158130114280656e-05, -3.3156930909669505e-05, -3.9034783079509846e-05, -4.402802119189006e-05, -6.691571334093028e-05, -0.00011443669261209952, -0.00012838607737395056, -0.00013701852220419065, -0.00010668433875239973]",0.0,0.0,0.0,0.0
"[-4.4973299635994135e-05, -3.158130114280656e-05, -3.3156930909669505e-05, -4.4268460820145555e-05, -5.6678137763371635e-05, -0.0001153387609245168, -0.00011349247151500563, -0.00014142012948412276, -0.00011360419690804941]",0.0,0.0,0.0,0.0
"[-3.4285088747195486e-05, -4.4973299635994135e-05, -3.158130114280656e-05, -3.9034783079509846e-05, -4.6169352312867375e-05, -0.00011425136741497464, -0.00011231419851652892, -0.0001467833234242755, -0.00011838423037139359]",0.0,0.0,0.0,0.0
"[-2.4599798290172535e-05, -3.4285088747195486e-05, -4.4973299635994135e-05, -3.3156930909669505e-05, -4.055806921239234e-05, -0.00011406541994441271, -0.00011624759245024614, -0.00015373524190474605, -0.00012264999271010182]",0.0,0.0,0.0,0.0
"[-3.955931254256304e-05, -2.4599798290172535e-05, -3.4285088747195486e-05, -3.158130114280656e-05, -4.402802119189006e-05, -0.0001057725612182024, -0.0001238917236786806, -0.00016227515624721647, -0.0001248474590160781]",0.0,0.0,0.0,0.0
"[-4.107337588739606e-05, -3.955931254256304e-05, -2.4599798290172535e-05, -4.4973299635994135e-05, -4.4268460820145555e-05, -0.0001005285214353544, -0.00012493980198349626, -0.0001673035909982909, -0.00011921721382315907]",0.0,0.0,0.0,0.0
"[-5.104685758901853e-05, -4.107337588739606e-05, -3.955931254256304e-05, -3.4285088747195486e-05, -3.9034783079509846e-05, -9.067843126088214e-05, -0.00011860562918924218, -0.0001710371989851586, -0.00011861231259442515]",0.0,0.0,0.0,0.0
"[-5.26906176387089e-05, -5.104685758901853e-05, -4.107337588739606e-05, -2.4599798290172535e-05, -3.3156930909669505e-05, -7.824815149584246e-05, -0.00012393241553645485, -0.00017402356144853007, -0.00011569639277297126]",0.0,0.0,0.0,0.0
"[-5.707590558845968e-05, -5.26906176387089e-05, -5.104685758901853e-05, -3.955931254256304e-05, -3.158130114280656e-05, -6.691571334093028e-05, -0.00012600062759910357, -0.00017466572968554968, -0.00010931434134943742]",0.0,0.0,0.0,0.0
"[-5.3802561171009934e-05, -5.707590558845968e-05, -5.26906176387089e-05, -4.107337588739606e-05, -4.4973299635994135e-05, -5.6678137763371635e-05, -0.0001303654948859228, -0.0001673990926281802, -0.00010799204813091193]",0.0,0.0,0.0,0.0
"[-4.11709423157759e-05, -5.3802561171009934e-05, -5.707590558845968e-05, -5.104685758901853e-05, -3.4285088747195486e-05, -4.6169352312867375e-05, -0.00013390371870823035, -0.00015441023404642014, -0.00010809113403106933]",0.0,0.0,0.0,0.0
"[-3.683186619390203e-05, -4.11709423157759e-05, -5.3802561171009934e-05, -5.26906176387089e-05, -2.4599798290172535e-05, -4.055806921239234e-05, -0.00013225936082829267, -0.00013668261646604485, -0.00010816415652429379]",0.0,0.0,0.0,0.0
"[-2.877965525152503e-05, -3.683186619390203e-05, -4.11709423157759e-05, -5.707590558845968e-05, -3.955931254256304e-05, -4.402802119189006e-05, -0.0001250659706736064, -0.00011411575080987654, -0.0001127250651614253]",0.0,0.0,0.0,0.0
"[-1.8816514103818704e-05, -2.877965525152503e-05, -3.683186619390203e-05, -5.3802561171009934e-05, -4.107337588739606e-05, -4.4268460820145555e-05, -0.00012281071253055078, -9.910339272152399e-05, -0.00011975933419354102]",0.0,0.0,0.0,0.0
"[-2.0042034051894133e-06, -1.8816514103818704e-05, -2.877965525152503e-05, -4.11709423157759e-05, -5.104685758901853e-05, -3.9034783079509846e-05, -0.00011682174533100103, -9.244422268844605e-05, -0.00011984935036997123]",0.0,0.0,0.0,0.0
"[1.2890348966165987e-05, -2.0042034051894133e-06, -1.8816514103818704e-05, -3.683186619390203e-05, -5.26906176387089e-05, -3.3156930909669505e-05, -0.00011969041391990836, -9.273099293323482e-05, -0.00012201792951318548]",0.0,0.0,0.0,0.0
"[2.4357866658634957e-05, 1.2890348966165987e-05, -2.0042034051894133e-06, -2.877965525152503e-05, -5.707590558845968e-05, -3.158130114280656e-05, -0.00011443669261209952, -8.881985655921844e-05, -0.00012435631507808393]",0.0,0.0,0.0,0.0
"[3.5371424315695614e-05, 2.4357866658634957e-05, 1.2890348966165987e-05, -1.8816514103818704e-05, -5.3802561171009934e-05, -4.4973299635994135e-05, -0.0001153387609245168, -8.978175120501143e-05, -0.0001327740344437837]",0.0,0.0,0.0,0.0
"[3.362689027127436e-05, 3.5371424315695614e-05, 2.4357866658634957e-05, -2.0042034051894133e-06, -4.11709423157759e-05, -3.4285088747195486e-05, -0.00011425136741497464, -9.437535717367134e-05, -0.00013590566686402285]",0.0,0.0,0.0,0.0
"[3.0158962079682175e-05, 3.362689027127436e-05, 3.5371424315695614e-05, 1.2890348966165987e-05, -3.683186619390203e-05, -2.4599798290172535e-05, -0.00011406541994441271, -0.0001029196340084272, -0.0001423664214714105]",0.0,0.0,0.0,0.0
"[2.7502075558008335e-05, 3.0158962079682175e-05, 3.362689027127436e-05, 2.4357866658634957e-05, -2.877965525152503e-05, -3.955931254256304e-05, -0.0001057725612182024, -0.0001095800015462501, -0.000146748280728497]",0.0,0.0,0.0,0.0
"[2.263186139005915e-05, 2.7502075558008335e-05, 3.0158962079682175e-05, 3.5371424315695614e-05, -1.8816514103818704e-05, -4.107337588739606e-05, -0.0001005285214353544, -0.00012002822542489451, -0.00014752401959370473]",0.0,0.0,0.0,0.0
"[1.4437867808738395e-05, 2.263186139005915e-05, 2.7502075558008335e-05, 3.362689027127436e-05, -2.0042034051894133e-06, -5.104685758901853e-05, -9.067843126088214e-05, -0.00012513463293786767, -0.00014828589814630395]",0.0,0.0,0.0,0.0
"[7.1344356087171695e-06, 1.4437867808738395e-05, 2.263186139005915e-05, 3.0158962079682175e-05, 1.2890348966165987e-05, -5.26906176387089e-05, -7.824815149584246e-05, -0.00012665614253794, -0.00015058496069472299]",0.0,0.0,0.0,0.0
"[3.907235995570965e-06, 7.1344356087171695e-06, 1.4437867808738395e-05, 2.7502075558008335e-05, 2.4357866658634957e-05, -5.707590558845968e-05, -6.691571334093028e-05, -0.00013100314583073077, -0.00014507468652707274]",0.0,0.0,0.0,0.0
"[-3.9819187699470054e-06, 3.907235995570965e-06, 7.1344356087171695e-06, 2.263186139005915e-05, 3.5371424315695614e-05, -5.3802561171009934e-05, -5.6678137763371635e-05, -0.00014097811669299095, -0.00014636340158403064]",0.0,0.0,0.0,0.0
"[-7.468293176897586e-07, -3.9819187699470054e-06, 3.907235995570965e-06, 1.4437867808738395e-05, 3.362689027127436e-05, -4.11709423157759e-05, -4.6169352312867375e-05, -0.000148486608230957, -0.00014733204183797071]",0.0,0.0,0.0,0.0
"[9.106907400550681e-06, -7.468293176897586e-07, -3.9819187699470054e-06, 7.1344356087171695e-06, 3.0158962079682175e-05, -3.683186619390203e-05, -4.055806921239234e-05, -0.00015838357691622487, -0.0001457037653759901]",0.0,0.0,0.0,0.0
"[1.8854453108146563e-05, 9.106907400550681e-06, -7.468293176897586e-07, 3.907235995570965e-06, 2.7502075558008335e-05, -2.877965525152503e-05, -4.402802119189006e-05, -0.00015715543715975108, -0.00014435701754054707]",0.0,0.0,0.0,0.0
"[2.469499011977443e-05, 1.8854453108146563e-05, 9.106907400550681e-06, -3.9819187699470054e-06, 2.263186139005915e-05, -1.8816514103818704e-05, -4.4268460820145555e-05, -0.0001535490436638721, -0.00012984165423391022]",0.0,0.0,0.0,0.0
"[2.1253677077630058e-05, 2.469499011977443e-05, 1.8854453108146563e-05, -7.468293176897586e-07, 1.4437867808738395e-05, -2.0042034051894133e-06, -3.9034783079509846e-05, -0.00014561798731722641, -0.00012350490371060876]",0.0,0.0,0.0,0.0
"[1.4371530944609516e-05, 2.1253677077630058e-05, 2.469499011977443e-05, 9.106907400550681e-06, 7.1344356087171695e-06, 1.2890348966165987e-05, -3.3156930909669505e-05, -0.00014055660392033346, -0.00012923691587158993]",0.0,0.0,0.0,0.0
"[1.3651170047525853e-05, 1.4371530944609516e-05, 2.1253677077630058e-05, 1.8854453108146563e-05, 3.907235995570965e-06, 2.4357866658634957e-05, -3.158130114280656e-05, -0.00012838607737395056, -0.00013078385687737194]",0.0,0.0,0.0,0.0
"[1.382190675737891e-05, 1.3651170047525853e-05, 1.4371530944609516e-05, 2.469499011977443e-05, -3.9819187699470054e-06, 3.5371424315695614e-05, -4.4973299635994135e-05, -0.00011349247151500563, -0.0001286515509677305]",0.0,0.0,0.0,0.0
"[1.1731189334844218e-05, 1.382190675737891e-05, 1.3651170047525853e-05, 2.1253677077630058e-05, -7.468293176897586e-07, 3.362689027127436e-05, -3.4285088747195486e-05, -0.00011231419851652892, -0.00013376628431446122]",0.0,0.0,0.0,0.0
"[8.471476616369478e-06, 1.1731189334844218e-05, 1.382190675737891e-05, 1.4371530944609516e-05, 9.106907400550681e-06, 3.0158962079682175e-05, -2.4599798290172535e-05, -0.00011624759245024614, -0.00014461857923144862]",0.0,0.0,0.0,0.0
"[4.272653836975253e-06, 8.471476616369478e-06, 1.1731189334844218e-05, 1.3651170047525853e-05, 1.8854453108146563e-05, 2.7502075558008335e-05, -3.955931254256304e-05, -0.0001238917236786806, -0.0001563170305285528]",0.0,0.0,0.0,0.0
"[-3.5690537712234146e-07, 4.272653836975253e-06, 8.471476616369478e-06, 1.382190675737891e-05, 2.469499011977443e-05, 2.263186139005915e-05, -4.107337588739606e-05, -0.00012493980198349626, -0.00016177137523418894]",-0.013835384956124156,-0.0,0.0,0.0021941907599687064
"[-1.5258373838573621e-05, -3.5690537712234146e-07, 4.272653836975253e-06, 1.1731189334844218e-05, 2.1253677077630058e-05, 1.4437867808738395e-05, -5.104685758901853e-05, -0.00011860562918924218, -0.00016971141778585375]",-0.013835384956124156,-0.013835384956124156,1.0,0.002292995580100196
"[-3.748454449085256e-05, -1.5258373838573621e-05, -3.5690537712234146e-07, 8.471476616369478e-06, 1.4371530944609516e-05, 7.1344356087171695e-06, -5.26906176387089e-05, -0.00012393241553645485, -0.00017318259931242575]",-0.013835384956124156,-0.027670769912248313,2.0,0.0024101204593315034
"[-5.119515665164714e-05, -3.748454449085256e-05, -1.5258373838573621e-05, 4.272653836975253e-06, 1.3651170047525853e-05, 3.907235995570965e-06, -5.707590558845968e-05, -0.00012600062759910357, -0.00017344823432147185]",-0.013835384956124156,-0.04150615486837247,3.0,0.0024296914865933185
"[-6.214384475131282e-05, -5.119515665164714e-05, -3.748454449085256e-05, -3.5690537712234146e-07, 1.382190675737891e-05, -3.9819187699470054e-06, -5.3802561171009934e-05, -0.0001303654948859228, -0.00016834965440494713]",-0.013835384956124156,-0.055341539824496626,4.0,0.002334031681521507
"[-6.770264238884658e-05, -6.214384475131282e-05, -5.119515665164714e-05, -1.5258373838573621e-05, 1.1731189334844218e-05, -7.468293176897586e-07, -4.11709423157759e-05, -0.00013390371870823035, -0.00016590125690686078]",-0.013835384956124156,-0.06917692478062078,5.0,0.002633331863693672
"[-6.702571413946434e-05, -6.770264238884658e-05, -6.214384475131282e-05, -3.748454449085256e-05, 8.471476616369478e-06, 9.106907400550681e-06, -3.683186619390203e-05, -0.00013225936082829267, -0.0001641666308745116]",-0.013835384956124156,-0.08301230973674494,6.0,0.002734748720254064
"[-7.652510444191981e-05, -6.702571413946434e-05, -6.770264238884658e-05, -5.119515665164714e-05, 4.272653836975253e-06, 1.8854453108146563e-05, -2.877965525152503e-05, -0.0001250659706736064, -0.00016547810370052326]",-0.013835384956124156,-0.0968476946928691,7.0,0.002632320914736057
"[-8.334657352326455e-05, -7.652510444191981e-05, -6.702571413946434e-05, -6.214384475131282e-05, -3.5690537712234146e-07, 2.469499011977443e-05, -1.8816514103818704e-05, -0.00012281071253055078, -0.0001667606375888848]",-0.013835384956124156,-0.11068307964899325,8.0,0.0025581587822325
"[-8.384275785223611e-05, -8.334657352326455e-05, -7.652510444191981e-05, -6.770264238884658e-05, -1.5258373838573621e-05, 2.1253677077630058e-05, -2.0042034051894133e-06, -0.00011682174533100103, -0.00016080687996760613]",-0.013835384956124156,-0.12451846460511741,9.0,0.002489013977307399
"[-8.217186724688362e-05, -8.384275785223611e-05, -8.334657352326455e-05, -6.702571413946434e-05, -3.748454449085256e-05, 1.4371530944609516e-05, 1.2890348966165987e-05, -0.00011969041391990836, -0.00015286619584111612]",-0.013835384956124156,-0.13835384956124155,10.0,0.0023828564008062103
"[-7.946777706171745e-05, -8.217186724688362e-05, -8.384275785223611e-05, -7.652510444191981e-05, -5.119515665164714e-05, 1.3651170047525853e-05, 2.4357866658634957e-05, -0.00011443669261209952, -0.00015189878430897064]",-0.013835384956124156,-0.1521892345173657,11.0,0.0028304968680037314
"[-7.497968606583597e-05, -7.946777706171745e-05, -8.217186724688362e-05, -8.334657352326455e-05, -6.214384475131282e-05, 1.382190675737891e-05, 3.5371424315695614e-05, -0.0001153387609245168, -0.00014135495323243952]",-0.013835384956124156,-0.16602461947348987,12.0,0.0033684109640254156
"[-8.504171173948723e-05, -7.497968606583597e-05, -7.946777706171745e-05, -8.384275785223611e-05, -6.770264238884658e-05, 1.1731189334844218e-05, 3.362689027127436e-05, -0.00011425136741497464, -0.00012632442211024113]",-0.013835384956124156,-0.17986000442961403,13.0,0.004070602675407007
"[-0.00010023035872963558, -8.504171173948723e-05, -7.497968606583597e-05, -8.217186724688362e-05, -6.702571413946434e-05, 8.471476616369478e-06, 3.0158962079682175e-05, -0.00011406541994441271, -0.00012250201822464266]",-0.013835384956124156,-0.1936953893857382,14.0,0.005074747042943552
"[-0.00011646410776762002, -0.00010023035872963558, -8.504171173948723e-05, -7.946777706171745e-05, -7.652510444191981e-05, 4.272653836975253e-06, 2.7502075558008335e-05, -0.0001057725612182024, -0.00011466600520680478]",-0.013835384956124156,-0.20753077434186235,15.0,0.005707446142859343
"[-0.00013310437414326286, -0.00011646410776762002, -0.00010023035872963558, -7.497968606583597e-05, -8.334657352326455e-05, -3.5690537712234146e-07, 2.263186139005915e-05, -0.0001005285214353544, -0.00010800669488536599]",-0.013835384956124156,-0.2213661592979865,16.0,0.007734857103486895
"[-0.00014471465389668444, -0.00013310437414326286, -0.00011646410776762002, -8.504171173948723e-05, -8.384275785223611e-05, -1.5258373838573621e-05, 1.4437867808738395e-05, -9.067843126088214e-05, -0.00010860754705179048]",-0.013835384956124156,-0.23520154425411066,17.0,0.006882055155306829
"[-0.00016098428349756267, -0.00014471465389668444, -0.00013310437414326286, -0.00010023035872963558, -8.217186724688362e-05, -3.748454449085256e-05, 7.1344356087171695e-06, -7.824815149584246e-05, -0.0001062529038581894]",-0.013835384956124156,-0.24903692921023482,18.0,0.006029879809622766
"[-0.00016370094915570013, -0.00016098428349756267, -0.00014471465389668444, -0.00011646410776762002, -7.946777706171745e-05, -5.119515665164714e-05, 3.907235995570965e-06, -6.691571334093028e-05, -0.00010179240723984374]",-0.013835384956124156,-0.262872314166359,19.0,0.006617799616618269
"[-0.00016039904155351723, -0.00016370094915570013, -0.00016098428349756267, -0.00013310437414326286, -7.497968606583597e-05, -6.214384475131282e-05, -3.9819187699470054e-06, -5.6678137763371635e-05, -0.00010659464515764911]",-0.013835384956124156,-0.2767076991224831,20.0,0.005559391068791612
"[-0.0001620410424464809, -0.00016039904155351723, -0.00016370094915570013, -0.00014471465389668444, -8.504171173948723e-05, -6.770264238884658e-05, -7.468293176897586e-07, -4.6169352312867375e-05, -0.0001074528606822958]",-0.013835384956124156,-0.2905430840786073,21.0,0.00590431971010887
"[-0.0001567951680129291, -0.0001620410424464809, -0.00016039904155351723, -0.00016098428349756267, -0.00010023035872963558, -6.702571413946434e-05, 9.106907400550681e-06, -4.055806921239234e-05, -0.00010819533319635528]",-0.013835384956124156,-0.3043784690347314,22.0,0.0056927863540165895
"[-0.00015640009249380575, -0.0001567951680129291, -0.0001620410424464809, -0.00016370094915570013, -0.00011646410776762002, -7.652510444191981e-05, 1.8854453108146563e-05, -4.402802119189006e-05, -0.00011305167375799819]",-0.013835384956124156,-0.3182138539908556,23.0,0.004010029921292466
"[-0.00015491874792868967, -0.00015640009249380575, -0.0001567951680129291, -0.00016039904155351723, -0.00013310437414326286, -8.334657352326455e-05, 2.469499011977443e-05, -4.4268460820145555e-05, -0.00011708627044704575]",-0.013835384956124156,-0.33204923894697974,24.0,0.00573619332462026
"[-0.00014144046205090733, -0.00015491874792868967, -0.00015640009249380575, -0.0001620410424464809, -0.00014471465389668444, -8.384275785223611e-05, 2.1253677077630058e-05, -3.9034783079509846e-05, -0.00012506127445123893]",-0.013835384956124156,-0.3458846239031039,25.0,0.007488182218201842
"[-0.00014822029321848377, -0.00014144046205090733, -0.00015491874792868967, -0.0001567951680129291, -0.00016098428349756267, -8.217186724688362e-05, 1.4371530944609516e-05, -3.3156930909669505e-05, -0.00012996684658182281]",-0.013835384956124156,-0.35972000885922806,26.0,0.008650980639677211
"[-0.0001609053013809394, -0.00014822029321848377, -0.00014144046205090733, -0.00015640009249380575, -0.00016370094915570013, -7.946777706171745e-05, 1.3651170047525853e-05, -3.158130114280656e-05, -0.00013701852220419065]",-0.013835384956124156,-0.37355539381535224,27.0,0.014103265037730219
"[-0.00017124900562360924, -0.0001609053013809394, -0.00014822029321848377, -0.00015491874792868967, -0.00016039904155351723, -7.497968606583597e-05, 1.382190675737891e-05, -4.4973299635994135e-05, -0.00014142012948412276]",-0.013835384956124156,-0.3873907787714764,28.0,0.020873843048413835
"[-0.00019130514578464045, -0.00017124900562360924, -0.0001609053013809394, -0.00014144046205090733, -0.0001620410424464809, -8.504171173948723e-05, 1.1731189334844218e-05, -3.4285088747195486e-05, -0.0001467833234242755]",-0.013835384956124156,-0.40122616372760056,29.0,0.02496130991462719
"[-0.00021089005584846304, -0.00019130514578464045, -0.00017124900562360924, -0.00014822029321848377, -0.0001567951680129291, -0.00010023035872963558, 8.471476616369478e-06, -2.4599798290172535e-05, -0.00015373524190474605]",-0.013835384956124156,-0.4150615486837247,30.0,0.022359433166252968
"[-0.00022347387553657528, -0.00021089005584846304, -0.00019130514578464045, -0.0001609053013809394, -0.00015640009249380575, -0.00011646410776762002, 4.272653836975253e-06, -3.955931254256304e-05, -0.00016227515624721647]",-0.013835384956124156,-0.4288969336398489,31.0,0.021138173404326048
"[-0.00022573594239471784, -0.00022347387553657528, -0.00021089005584846304, -0.00017124900562360924, -0.00015491874792868967, -0.00013310437414326286, -3.5690537712234146e-07, -4.107337588739606e-05, -0.0001673035909982909]",-0.013835384956124156,-0.442732318595973,32.0,0.02685909066443618
"[-0.00022527119604044525, -0.00022573594239471784, -0.00022347387553657528, -0.00019130514578464045, -0.00014144046205090733, -0.00014471465389668444, -1.5258373838573621e-05, -5.104685758901853e-05, -0.0001710371989851586]",-0.013835384956124156,-0.45656770355209714,33.0,0.030811333557971814
"[-0.00023116798949477475, -0.00022527119604044525, -0.00022573594239471784, -0.00021089005584846304, -0.00014822029321848377, -0.00016098428349756267, -3.748454449085256e-05, -5.26906176387089e-05, -0.00017402356144853007]",-0.013835384956124156,-0.4704030885082213,34.0,0.038752718102484256
"[-0.00023707408730417752, -0.00023116798949477475, -0.00022527119604044525, -0.00022347387553657528, -0.0001609053013809394, -0.00016370094915570013, -5.119515665164714e-05, -5.707590558845968e-05, -0.00017466572968554968]",-0.013835384956124156,-0.48423847346434545,35.0,0.030484086351026386
"[-0.00024517244791700887, -0.00023707408730417752, -0.00023116798949477475, -0.00022573594239471784, -0.00017124900562360924, -0.00016039904155351723, -6.214384475131282e-05, -5.3802561171009934e-05, -0.0001673990926281802]",-0.013835384956124156,-0.49807385842046964,36.0,0.022667730385595893
"[-0.00024284630360971477, -0.00024517244791700887, -0.00023707408730417752, -0.00022527119604044525, -0.00019130514578464045, -0.0001620410424464809, -6.770264238884658e-05, -4.11709423157759e-05, -0.00015441023404642014]",-0.013835384956124156,-0.5119092433765938,37.0,0.015197764650967139
"[-0.00023467170613959872, -0.00024284630360971477, -0.00024517244791700887, -0.00023116798949477475, -0.00021089005584846304, -0.0001567951680129291, -6.702571413946434e-05, -3.683186619390203e-05, -0.00013668261646604485]",-0.013835384956124156,-0.525744628332718,38.0,0.013709757838807488
"[-0.00022099797841200917, -0.00023467170613959872, -0.00024284630360971477, -0.00023707408730417752, -0.00022347387553657528, -0.00015640009249380575, -7.652510444191981e-05, -2.877965525152503e-05, -0.00011411575080987654]",-0.013835384956124156,-0.5395800132888421,39.0,0.012169613379940741
"[-0.00021181710111327218, -0.00022099797841200917, -0.00023467170613959872, -0.00024517244791700887, -0.00022573594239471784, -0.00015491874792868967, -8.334657352326455e-05, -1.8816514103818704e-05, -9.910339272152399e-05]",-0.013835384956124156,-0.5534153982449662,40.0,0.010584968165992418
"[-0.00020428162633350357, -0.00021181710111327218, -0.00022099797841200917, -0.00024284630360971477, -0.00022527119604044525, -0.00014144046205090733, -8.384275785223611e-05, -2.0042034051894133e-06, -9.244422268844605e-05]",-0.013835384956124156,-0.5672507832010905,41.0,0.01617809834850172
"[-0.00019688378424068836, -0.00020428162633350357, -0.00021181710111327218, -0.00023467170613959872, -0.00023116798949477475, -0.00014822029321848377, -8.217186724688362e-05, 1.2890348966165987e-05, -9.273099293323482e-05]",-0.013835384956124156,-0.5810861681572146,42.0,0.023960785744376788
"[-0.0002055561708925293, -0.00019688378424068836, -0.00020428162633350357, -0.00022099797841200917, -0.00023707408730417752, -0.0001609053013809394, -7.946777706171745e-05, 2.4357866658634957e-05, -8.881985655921844e-05]",-0.013835384956124156,-0.5949215531133387,43.0,0.022648375380527976
"[-0.00021983716562473608, -0.0002055561708925293, -0.00019688378424068836, -0.00021181710111327218, -0.00024517244791700887, -0.00017124900562360924, -7.497968606583597e-05, 3.5371424315695614e-05, -8.978175120501143e-05]",-0.013835384956124156,-0.6087569380694628,44.0,0.018696918220575613
"[-0.00022435569575019056, -0.00021983716562473608, -0.0002055561708925293, -0.00020428162633350357, -0.00024284630360971477, -0.00019130514578464045, -8.504171173948723e-05, 3.362689027127436e-05, -9.437535717367134e-05]",-0.013835384956124156,-0.6225923230255871,45.0,0.015297829854923947
"[-0.00022143386842515882, -0.00022435569575019056, -0.00021983716562473608, -0.00019688378424068836, -0.00023467170613959872, -0.00021089005584846304, -0.00010023035872963558, 3.0158962079682175e-05, -0.0001029196340084272]",-0.013835384956124156,-0.6364277079817112,46.0,0.020934861433450105
"[-0.00021487503546757308, -0.00022143386842515882, -0.00022435569575019056, -0.0002055561708925293, -0.00022099797841200917, -0.00022347387553657528, -0.00011646410776762002, 2.7502075558008335e-05, -0.0001095800015462501]",-0.013835384956124156,-0.6502630929378354,47.0,0.019067464470987134
"[-0.0002200972344368774, -0.00021487503546757308, -0.00022143386842515882, -0.00021983716562473608, -0.00021181710111327218, -0.00022573594239471784, -0.00013310437414326286, 2.263186139005915e-05, -0.00012002822542489451]",-0.013835384956124156,-0.6640984778939595,48.0,0.02261083695717498
"[-0.00021993106622302186, -0.0002200972344368774, -0.00021487503546757308, -0.00022435569575019056, -0.00020428162633350357, -0.00022527119604044525, -0.00014471465389668444, 1.4437867808738395e-05, -0.00012513463293786767]",-0.013835384956124156,-0.6779338628500836,49.0,0.026654265535275137
"[-0.00022431836019614802, -0.00021993106622302186, -0.0002200972344368774, -0.00022143386842515882, -0.00019688378424068836, -0.00023116798949477475, -0.00016098428349756267, 7.1344356087171695e-06, -0.00012665614253794]",-0.013835384956124156,-0.6917692478062079,50.0,0.03569164618164328
"[-0.0002304939136064902, -0.00022431836019614802, -0.00021993106622302186, -0.00021487503546757308, -0.0002055561708925293, -0.00023707408730417752, -0.00016370094915570013, 3.907235995570965e-06, -0.00013100314583073077]",-0.013835384956124156,-0.705604632762332,51.0,0.06903060819949425
"[-0.00024043665277131426, -0.0002304939136064902, -0.00022431836019614802, -0.0002200972344368774, -0.00021983716562473608, -0.00024517244791700887, -0.00016039904155351723, -3.9819187699470054e-06, -0.00014097811669299095]",-0.013835384956124156,-0.7194400177184561,52.0,0.08132346545263673
"[-0.0002603628021339966, -0.00024043665277131426, -0.0002304939136064902, -0.00021993106622302186, -0.00022435569575019056, -0.00024284630360971477, -0.0001620410424464809, -7.468293176897586e-07, -0.000148486608230957]",-0.013835384956124156,-0.7332754026745802,53.0,0.09687752312142858
"[-0.000272056221417115, -0.0002603628021339966, -0.00024043665277131426, -0.00022431836019614802, -0.00022143386842515882, -0.00023467170613959872, -0.0001567951680129291, 9.106907400550681e-06, -0.00015838357691622487]",-0.013835384956124156,-0.7471107876307045,54.0,0.1333822873816896
"[-0.0002808226327983447, -0.000272056221417115, -0.0002603628021339966, -0.0002304939136064902, -0.00021487503546757308, -0.00022099797841200917, -0.00015640009249380575, 1.8854453108146563e-05, -0.00015715543715975108]",-0.013835384956124156,-0.7609461725868286,55.0,0.11699145324167079
"[-0.0002916215813491062, -0.0002808226327983447, -0.000272056221417115, -0.00024043665277131426, -0.0002200972344368774, -0.00021181710111327218, -0.00015491874792868967, 2.469499011977443e-05, -0.0001535490436638721]",-0.013835384956124156,-0.7747815575429527,56.0,0.13102572434536292
"[-0.00029325580420755485, -0.0002916215813491062, -0.0002808226327983447, -0.0002603628021339966, -0.00021993106622302186, -0.00020428162633350357, -0.00014144046205090733, 2.1253677077630058e-05, -0.00014561798731722641]",-0.013835384956124156,-0.7886169424990769,57.0,0.15635574839781444
"[-0.00029639971531669296, -0.00029325580420755485, -0.0002916215813491062, -0.000272056221417115, -0.00022431836019614802, -0.00019688378424068836, -0.00014822029321848377, 1.4371530944609516e-05, -0.00014055660392033346]",-0.013835384956124156,-0.8024523274552011,58.0,0.22905955642894588
"[-0.00030161487031109903, -0.00029639971531669296, -0.00029325580420755485, -0.0002808226327983447, -0.0002304939136064902, -0.0002055561708925293, -0.0001609053013809394, 1.3651170047525853e-05, -0.00012838607737395056]",-0.013835384956124156,-0.8162877124113253,59.0,0.41556607238200827
"[-0.0003126816073927467, -0.00030161487031109903, -0.00029639971531669296, -0.0002916215813491062, -0.00024043665277131426, -0.00021983716562473608, -0.00017124900562360924, 1.382190675737891e-05, -0.00011349247151500563]",-0.013835384956124156,-0.8301230973674494,60.0,0.5718982117499593
"[-0.000332763959144358, -0.0003126816073927467, -0.00030161487031109903, -0.00029325580420755485, -0.0002603628021339966, -0.00022435569575019056, -0.00019130514578464045, 1.1731189334844218e-05, -0.00011231419851652892]",-0.013835384956124156,-0.8439584823235735,61.0,0.5332909274692775
"[-0.00035124850264771503, -0.000332763959144358, -0.0003126816073927467, -0.00029639971531669296, -0.000272056221417115, -0.00022143386842515882, -0.00021089005584846304, 8.471476616369478e-06, -0.00011624759245024614]",-0.013835384956124156,-0.8577938672796978,62.0,0.6818813925410382
"[-0.00035619535192549505, -0.00035124850264771503, -0.000332763959144358, -0.00030161487031109903, -0.0002808226327983447, -0.00021487503546757308, -0.00022347387553657528, 4.272653836975253e-06, -0.0001238917236786806]",-0.013835384956124156,-0.8716292522358219,63.0,0.7532442599298256
"[-0.0003679767666022196, -0.00035619535192549505, -0.00035124850264771503, -0.0003126816073927467, -0.0002916215813491062, -0.0002200972344368774, -0.00022573594239471784, -3.5690537712234146e-07, -0.00012493980198349626]",-0.013835384956124156,-0.885464637191946,64.0,0.7386451553438238
"[-0.0003781909327136176, -0.0003679767666022196, -0.00035619535192549505, -0.000332763959144358, -0.00029325580420755485, -0.00021993106622302186, -0.00022527119604044525, -1.5258373838573621e-05, -0.00011860562918924218]",-0.013835384956124156,-0.8993000221480701,65.0,0.7737369605722489
"[-0.00038139217670232637, -0.0003781909327136176, -0.0003679767666022196, -0.00035124850264771503, -0.00029639971531669296, -0.00022431836019614802, -0.00023116798949477475, -3.748454449085256e-05, -0.00012393241553645485]",-0.013835384956124156,-0.9131354071041943,66.0,0.8751592263571247
"[-0.0003855346689940085, -0.00038139217670232637, -0.0003781909327136176, -0.00035619535192549505, -0.00030161487031109903, -0.0002304939136064902, -0.00023707408730417752, -5.119515665164714e-05, -0.00012600062759910357]",-0.013835384956124156,-0.9269707920603185,67.0,0.8960555655916096
"[-0.0003974007566664203, -0.0003855346689940085, -0.00038139217670232637, -0.0003679767666022196, -0.0003126816073927467, -0.00024043665277131426, -0.00024517244791700887, -6.214384475131282e-05, -0.0001303654948859228]",-0.013835384956124156,-0.9408061770164426,68.0,0.8960597481431622
"[-0.0004053647306164099, -0.0003974007566664203, -0.0003855346689940085, -0.0003781909327136176, -0.000332763959144358, -0.0002603628021339966, -0.00024284630360971477, -6.770264238884658e-05, -0.00013390371870823035]",-0.013835384956124156,-0.9546415619725668,69.0,0.9424990622529004
"[-0.0004088301344367459, -0.0004053647306164099, -0.0003974007566664203, -0.00038139217670232637, -0.00035124850264771503, -0.000272056221417115, -0.00023467170613959872, -6.702571413946434e-05, -0.00013225936082829267]",-0.013835384956124156,-0.9684769469286909,70.0,0.9735562744879834
"[-0.000418765111418867, -0.0004088301344367459, -0.0004053647306164099, -0.0003855346689940085, -0.00035619535192549505, -0.0002808226327983447, -0.00022099797841200917, -7.652510444191981e-05, -0.0001250659706736064]",-0.013835384956124156,-0.9823123318848151,71.0,0.9844508837196334
"[-0.0004334130921696708, -0.000418765111418867, -0.0004088301344367459, -0.0003974007566664203, -0.0003679767666022196, -0.0002916215813491062, -0.00021181710111327218, -8.334657352326455e-05, -0.00012281071253055078]",-0.013835384956124156,-0.9961477168409393,72.0,0.9908181078895696
"[-0.00044644435246937595, -0.0004334130921696708, -0.000418765111418867, -0.0004053647306164099, -0.0003781909327136176, -0.00029325580420755485, -0.00020428162633350357, -8.384275785223611e-05, -0.00011682174533100103]",-0.013835384956124156,-1.0099831017970635,73.0,0.9973117568327746
"[-0.0004585091724584144, -0.00044644435246937595, -0.0004334130921696708, -0.0004088301344367459, -0.00038139217670232637, -0.00029639971531669296, -0.00019688378424068836, -8.217186724688362e-05, -0.00011969041391990836]",-0.013835384956124156,-1.0238184867531877,74.0,0.9982664095838248
"[-0.0004780542410835145, -0.0004585091724584144, -0.00044644435246937595, -0.000418765111418867, -0.0003855346689940085, -0.00030161487031109903, -0.0002055561708925293, -7.946777706171745e-05, -0.00011443669261209952]",-0.013835384956124156,-1.0376538717093118,75.0,0.9984040056945893
"[-0.0004913254742651595, -0.0004780542410835145, -0.0004585091724584144, -0.0004334130921696708, -0.0003974007566664203, -0.0003126816073927467, -0.00021983716562473608, -7.497968606583597e-05, -0.0001153387609245168]",-0.013835384956124156,-1.051489256665436,76.0,0.9991853586044153
"[-0.0004980260706928176, -0.0004913254742651595, -0.0004780542410835145, -0.00044644435246937595, -0.0004053647306164099, -0.000332763959144358, -0.00022435569575019056, -8.504171173948723e-05, -0.00011425136741497464]",-0.013835384956124156,-1.06532464162156,77.0,0.999639586515365
"[-0.0005080514581684202, -0.0004980260706928176, -0.0004913254742651595, -0.0004585091724584144, -0.0004088301344367459, -0.00035124850264771503, -0.00022143386842515882, -0.00010023035872963558, -0.00011406541994441271]",-0.013835384956124156,-1.0791600265776842,78.0,0.9999119833643093
"[-0.0005209272370032416, -0.0005080514581684202, -0.0004980260706928176, -0.0004780542410835145, -0.000418765111418867, -0.00035619535192549505, -0.00021487503546757308, -0.00011646410776762002, -0.0001057725612182024]",-0.013835384956124156,-1.0929954115338083,79.0,0.9999564255918069
"[-0.0005410327159294789, -0.0005209272370032416, -0.0005080514581684202, -0.0004913254742651595, -0.0004334130921696708, -0.0003679767666022196, -0.0002200972344368774, -0.00013310437414326286, -0.0001005285214353544]",-0.013835384956124156,-1.1068307964899324,80.0,0.9999931340891894
"[-0.0005568402167089102, -0.0005410327159294789, -0.0005209272370032416, -0.0004980260706928176, -0.00044644435246937595, -0.0003781909327136176, -0.00021993106622302186, -0.00014471465389668444, -9.067843126088214e-05]",-0.013835384956124156,-1.1206661814460566,81.0,0.9999840602013156
"[-0.0005816669653576935, -0.0005568402167089102, -0.0005410327159294789, -0.0005080514581684202, -0.0004585091724584144, -0.00038139217670232637, -0.00022431836019614802, -0.00016098428349756267, -7.824815149584246e-05]",-0.013835384956124156,-1.134501566402181,82.0,0.9999844295643195
"[-0.0005839327820746623, -0.0005816669653576935, -0.0005568402167089102, -0.0005209272370032416, -0.0004780542410835145, -0.0003855346689940085, -0.0002304939136064902, -0.00016370094915570013, -6.691571334093028e-05]",-0.013835384956124156,-1.148336951358305,83.0,0.9999866818344947
"[-0.0005850923585466504, -0.0005839327820746623, -0.0005816669653576935, -0.0005410327159294789, -0.0004913254742651595, -0.0003974007566664203, -0.00024043665277131426, -0.00016039904155351723, -5.6678137763371635e-05]",-0.013835384956124156,-1.1621723363144292,84.0,0.9999956343721279
"[-0.0005870701094728253, -0.0005850923585466504, -0.0005839327820746623, -0.0005568402167089102, -0.0004980260706928176, -0.0004053647306164099, -0.0002603628021339966, -0.0001620410424464809, -4.6169352312867375e-05]",-0.013835384956124156,-1.1760077212705533,85.0,0.9999975364652068
"[-0.0005982878706076853, -0.0005870701094728253, -0.0005850923585466504, -0.0005816669653576935, -0.0005080514581684202, -0.0004088301344367459, -0.000272056221417115, -0.0001567951680129291, -4.055806921239234e-05]",-0.013835384956124156,-1.1898431062266774,86.0,0.999998331071457
"[-0.0006084767217371465, -0.0005982878706076853, -0.0005870701094728253, -0.0005839327820746623, -0.0005209272370032416, -0.000418765111418867, -0.0002808226327983447, -0.00015640009249380575, -4.402802119189006e-05]",-0.013835384956124156,-1.2036784911828016,87.0,0.9999985779793236
"[-0.0006162763906398365, -0.0006084767217371465, -0.0005982878706076853, -0.0005850923585466504, -0.0005410327159294789, -0.0004334130921696708, -0.0002916215813491062, -0.00015491874792868967, -4.4268460820145555e-05]",-0.013835384956124156,-1.2175138761389257,88.0,0.9999996877628788
"[-0.0006209911524378741, -0.0006162763906398365, -0.0006084767217371465, -0.0005870701094728253, -0.0005568402167089102, -0.00044644435246937595, -0.00029325580420755485, -0.00014144046205090733, -3.9034783079509846e-05]",-0.013835384956124156,-1.2313492610950498,89.0,0.9999999594541717
"[-0.0006362459836076382, -0.0006209911524378741, -0.0006162763906398365, -0.0005982878706076853, -0.0005816669653576935, -0.0004585091724584144, -0.00029639971531669296, -0.00014822029321848377, -3.3156930909669505e-05]",-0.013835384956124156,-1.2451846460511742,90.0,0.9999999930872377
"[-0.00065997425875113, -0.0006362459836076382, -0.0006209911524378741, -0.0006084767217371465, -0.0005839327820746623, -0.0004780542410835145, -0.00030161487031109903, -0.0001609053013809394, -3.158130114280656e-05]",-0.013835384956124156,-1.2590200310072983,91.0,0.9999999984201532
"[-0.0006843439954062325, -0.00065997425875113, -0.0006362459836076382, -0.0006162763906398365, -0.0005850923585466504, -0.0004913254742651595, -0.0003126816073927467, -0.00017124900562360924, -4.4973299635994135e-05]",-0.013835384956124156,-1.2728554159634224,92.0,0.9999999998378669
"[-0.0007062363956884412, -0.0006843439954062325, -0.00065997425875113, -0.0006209911524378741, -0.0005870701094728253, -0.0004980260706928176, -0.000332763959144358, -0.00019130514578464045, -3.4285088747195486e-05]",-0.013835384956124156,-1.2866908009195466,93.0,0.9999999999660587
"[-0.0007329921142484686, -0.0007062363956884412, -0.0006843439954062325, -0.0006362459836076382, -0.0005982878706076853, -0.0005080514581684202, -0.00035124850264771503, -0.00021089005584846304, -2.4599798290172535e-05]",-0.013835384956124156,-1.3005261858756707,94.0,0.9999999999782667
"[-0.0007557948301296344, -0.0007329921142484686, -0.0007062363956884412, -0.00065997425875113, -0.0006084767217371465, -0.0005209272370032416, -0.00035619535192549505, -0.00022347387553657528, -3.955931254256304e-05]",-0.013835384956124156,-1.3143615708317948,95.0,0.9999999999945404
"[-0.000780084587308901, -0.0007557948301296344, -0.0007329921142484686, -0.0006843439954062325, -0.0006162763906398365, -0.0005410327159294789, -0.0003679767666022196, -0.00022573594239471784, -4.107337588739606e-05]",-0.013835384956124156,-1.328196955787919,96.0,0.9999999999989808
"[-0.0007992832471653053, -0.000780084587308901, -0.0007557948301296344, -0.0007062363956884412, -0.0006209911524378741, -0.0005568402167089102, -0.0003781909327136176, -0.00022527119604044525, -5.104685758901853e-05]",-0.013835384956124156,-1.342032340744043,97.0,0.9999999999960091
"[-0.0008082326235732163, -0.0007992832471653053, -0.000780084587308901, -0.0007329921142484686, -0.0006362459836076382, -0.0005816669653576935, -0.00038139217670232637, -0.00023116798949477475, -5.26906176387089e-05]",-0.013835384956124156,-1.3558677257001672,98.0,0.9999999999964297
"[-0.0008231943076922578, -0.0008082326235732163, -0.0007992832471653053, -0.0007557948301296344, -0.00065997425875113, -0.0005839327820746623, -0.0003855346689940085, -0.00023707408730417752, -5.707590558845968e-05]",-0.013835384956124156,-1.3697031106562916,99.0,0.9999999999921938
"[-0.0008359017913437147, -0.0008231943076922578, -0.0008082326235732163, -0.000780084587308901, -0.0006843439954062325, -0.0005850923585466504, -0.0003974007566664203, -0.00024517244791700887, -5.3802561171009934e-05]",-0.013835384956124156,-1.3835384956124157,100.0,0.9999999999993662
"[-0.0008514215471651039, -0.0008359017913437147, -0.0008231943076922578, -0.0007992832471653053, -0.0007062363956884412, -0.0005870701094728253, -0.0004053647306164099, -0.00024284630360971477, -4.11709423157759e-05]",-0.013835384956124156,-1.3973738805685398,101.0,0.9999999999997252
"[-0.0008588198527208836, -0.0008514215471651039, -0.0008359017913437147, -0.0008082326235732163, -0.0007329921142484686, -0.0005982878706076853, -0.0004088301344367459, -0.00023467170613959872, -3.683186619390203e-05]",-0.013835384956124156,-1.411209265524664,102.0,0.9999999999995823
"[-0.0008623668550248746, -0.0008588198527208836, -0.0008514215471651039, -0.0008231943076922578, -0.0007557948301296344, -0.0006084767217371465, -0.000418765111418867, -0.00022099797841200917, -2.877965525152503e-05]",-0.013835384956124156,-1.425044650480788,103.0,0.9999999999996926
"[-0.0008687596003289427, -0.0008623668550248746, -0.0008588198527208836, -0.0008359017913437147, -0.000780084587308901, -0.0006162763906398365, -0.0004334130921696708, -0.00021181710111327218, -1.8816514103818704e-05]",-0.013835384956124156,-1.4388800354369122,104.0,0.9999999999989315
"[-0.0008729652969183284, -0.0008687596003289427, -0.0008623668550248746, -0.0008514215471651039, -0.0007992832471653053, -0.0006209911524378741, -0.00044644435246937595, -0.00020428162633350357, -2.0042034051894133e-06]",-0.013835384956124156,-1.4527154203930364,105.0,0.9999999999995614
"[-0.0008833109387438911, -0.0008729652969183284, -0.0008687596003289427, -0.0008588198527208836, -0.0008082326235732163, -0.0006362459836076382, -0.0004585091724584144, -0.00019688378424068836, 1.2890348966165987e-05]",-0.013835384956124156,-1.4665508053491605,106.0,0.9999999999991791
"[-0.0008896237009493249, -0.0008833109387438911, -0.0008729652969183284, -0.0008623668550248746, -0.0008231943076922578, -0.00065997425875113, -0.0004780542410835145, -0.0002055561708925293, 2.4357866658634957e-05]",-0.013835384956124156,-1.4803861903052848,107.0,0.9999999999995426
"[-0.0009009057499150452, -0.0008896237009493249, -0.0008833109387438911, -0.0008687596003289427, -0.0008359017913437147, -0.0006843439954062325, -0.0004913254742651595, -0.00021983716562473608, 3.5371424315695614e-05]",-0.013835384956124156,-1.494221575261409,108.0,0.9999999999997302
"[-0.0009085724987508884, -0.0009009057499150452, -0.0008896237009493249, -0.0008729652969183284, -0.0008514215471651039, -0.0007062363956884412, -0.0004980260706928176, -0.00022435569575019056, 3.362689027127436e-05]",-0.013835384956124156,-1.508056960217533,109.0,0.999999999999828
"[-0.0009102566541525849, -0.0009085724987508884, -0.0009009057499150452, -0.0008833109387438911, -0.0008588198527208836, -0.0007329921142484686, -0.0005080514581684202, -0.00022143386842515882, 3.0158962079682175e-05]",-0.013835384956124156,-1.5218923451736572,110.0,0.9999999999997734
"[-0.0009036321783769418, -0.0009102566541525849, -0.0009085724987508884, -0.0008896237009493249, -0.0008623668550248746, -0.0007557948301296344, -0.0005209272370032416, -0.00021487503546757308, 2.7502075558008335e-05]",-0.013835384956124156,-1.5357277301297814,111.0,0.9999999999991959
"[-0.0009042901062880298, -0.0009036321783769418, -0.0009102566541525849, -0.0009009057499150452, -0.0008687596003289427, -0.000780084587308901, -0.0005410327159294789, -0.0002200972344368774, 2.263186139005915e-05]",-0.013835384956124156,-1.5495631150859055,112.0,0.9999999999997207
"[-0.0009144407896173013, -0.0009042901062880298, -0.0009036321783769418, -0.0009085724987508884, -0.0008729652969183284, -0.0007992832471653053, -0.0005568402167089102, -0.00021993106622302186, 1.4437867808738395e-05]",-0.013835384956124156,-1.5633985000420296,113.0,0.9999999999996597
"[-0.000916862264857474, -0.0009144407896173013, -0.0009042901062880298, -0.0009102566541525849, -0.0008833109387438911, -0.0008082326235732163, -0.0005816669653576935, -0.00022431836019614802, 7.1344356087171695e-06]",-0.013835384956124156,-1.5772338849981538,114.0,0.9999999999995509
"[-0.0009214469241932895, -0.000916862264857474, -0.0009144407896173013, -0.0009036321783769418, -0.0008896237009493249, -0.0008231943076922578, -0.0005839327820746623, -0.0002304939136064902, 3.907235995570965e-06]",-0.013835384956124156,-1.5910692699542779,115.0,0.9999999999996382
"[-0.0009287806424300215, -0.0009214469241932895, -0.000916862264857474, -0.0009042901062880298, -0.0009009057499150452, -0.0008359017913437147, -0.0005850923585466504, -0.00024043665277131426, -3.9819187699470054e-06]",-0.013835384956124156,-1.6049046549104022,116.0,0.9999999999988163
"[-0.0009352660034572653, -0.0009287806424300215, -0.0009214469241932895, -0.0009144407896173013, -0.0009085724987508884, -0.0008514215471651039, -0.0005870701094728253, -0.0002603628021339966, -7.468293176897586e-07]",-0.013835384956124156,-1.6187400398665264,117.0,0.9999999999979677
"[-0.0009488231079773262, -0.0009352660034572653, -0.0009287806424300215, -0.000916862264857474, -0.0009102566541525849, -0.0008588198527208836, -0.0005982878706076853, -0.000272056221417115, 9.106907400550681e-06]",-0.013835384956124156,-1.6325754248226505,118.0,0.999999999999216
"[-0.0009654696697459391, -0.0009488231079773262, -0.0009352660034572653, -0.0009214469241932895, -0.0009036321783769418, -0.0008623668550248746, -0.0006084767217371465, -0.0002808226327983447, 1.8854453108146563e-05]",-0.013835384956124156,-1.6464108097787746,119.0,0.9999999999988866
"[-0.0009783387878478603, -0.0009654696697459391, -0.0009488231079773262, -0.0009287806424300215, -0.0009042901062880298, -0.0008687596003289427, -0.0006162763906398365, -0.0002916215813491062, 2.469499011977443e-05]",-0.013835384956124156,-1.6602461947348988,120.0,0.9999999999997787
"[-0.000993122226074368, -0.0009783387878478603, -0.0009654696697459391, -0.0009352660034572653, -0.0009144407896173013, -0.0008729652969183284, -0.0006209911524378741, -0.00029325580420755485, 2.1253677077630058e-05]",-0.013835384956124156,-1.674081579691023,121.0,0.9999999999996192
"[-0.0009972436599533655, -0.000993122226074368, -0.0009783387878478603, -0.0009488231079773262, -0.000916862264857474, -0.0008833109387438911, -0.0006362459836076382, -0.00029639971531669296, 1.4371530944609516e-05]",-0.013835384956124156,-1.687916964647147,122.0,0.9999999999998113
"[-0.0010060845570006734, -0.0009972436599533655, -0.000993122226074368, -0.0009654696697459391, -0.0009214469241932895, -0.0008896237009493249, -0.00065997425875113, -0.00030161487031109903, 1.3651170047525853e-05]",-0.013835384956124156,-1.7017523496032712,123.0,0.9999999999997926
"[-0.0010069860193857086, -0.0010060845570006734, -0.0009972436599533655, -0.0009783387878478603, -0.0009287806424300215, -0.0009009057499150452, -0.0006843439954062325, -0.0003126816073927467, 1.382190675737891e-05]",-0.013835384956124156,-1.7155877345593955,124.0,0.9999999999997692
"[-0.0010095065627281317, -0.0010069860193857086, -0.0010060845570006734, -0.000993122226074368, -0.0009352660034572653, -0.0009085724987508884, -0.0007062363956884412, -0.000332763959144358, 1.1731189334844218e-05]",-0.013835384956124156,-1.7294231195155196,125.0,0.9999999999997998
"[-0.00101348610266829, -0.0010095065627281317, -0.0010069860193857086, -0.0009972436599533655, -0.0009488231079773262, -0.0009102566541525849, -0.0007329921142484686, -0.00035124850264771503, 8.471476616369478e-06]",-0.013835384956124156,-1.7432585044716438,126.0,0.9999999999998089
"[-0.0010165587502485346, -0.00101348610266829, -0.0010095065627281317, -0.0010060845570006734, -0.0009654696697459391, -0.0009036321783769418, -0.0007557948301296344, -0.00035619535192549505, 4.272653836975253e-06]",-0.013835384956124156,-1.757093889427768,127.0,0.9999999999997383
"[-0.0010173518230287668, -0.0010165587502485346, -0.00101348610266829, -0.0010069860193857086, -0.0009783387878478603, -0.0009042901062880298, -0.000780084587308901, -0.0003679767666022196, -3.5690537712234146e-07]",-0.013835384956124156,-1.770929274383892,128.0,0.9999999999993743
"[-0.0010200401659275341, -0.0010173518230287668, -0.0010165587502485346, -0.0010095065627281317, -0.000993122226074368, -0.0009144407896173013, -0.0007992832471653053, -0.0003781909327136176, -1.5258373838573621e-05]",-0.013835384956124156,-1.7847646593400162,129.0,0.9999999999957732
"[-0.001027667809950772, -0.0010200401659275341, -0.0010173518230287668, -0.00101348610266829, -0.0009972436599533655, -0.000916862264857474, -0.0008082326235732163, -0.00038139217670232637, -3.748454449085256e-05]",-0.013835384956124156,-1.7986000442961403,130.0,0.9999999999804141
"[-0.0010419550979708008, -0.001027667809950772, -0.0010200401659275341, -0.0010165587502485346, -0.0010060845570006734, -0.0009214469241932895, -0.0008231943076922578, -0.0003855346689940085, -5.119515665164714e-05]",-0.013835384956124156,-1.8124354292522644,131.0,0.9999999997668058
"[-0.0010591752960964753, -0.0010419550979708008, -0.001027667809950772, -0.0010173518230287668, -0.0010069860193857086, -0.0009287806424300215, -0.0008359017913437147, -0.0003974007566664203, -6.214384475131282e-05]",-0.013835384956124156,-1.8262708142083885,132.0,0.9999999999742908
"[-0.001084079355383068, -0.0010591752960964753, -0.0010419550979708008, -0.0010200401659275341, -0.0010095065627281317, -0.0009352660034572653, -0.0008514215471651039, -0.0004053647306164099, -6.770264238884658e-05]",-0.013835384956124156,-1.840106199164513,133.0,0.9999999999980952
"[-0.0011043064909096161, -0.001084079355383068, -0.0010591752960964753, -0.001027667809950772, -0.00101348610266829, -0.0009488231079773262, -0.0008588198527208836, -0.0004088301344367459, -6.702571413946434e-05]",-0.013835384956124156,-1.853941584120637,134.0,0.9999999999997305
"[-0.0011144109772292098, -0.0011043064909096161, -0.001084079355383068, -0.0010419550979708008, -0.0010165587502485346, -0.0009654696697459391, -0.0008623668550248746, -0.000418765111418867, -7.652510444191981e-05]",-0.013835384956124156,-1.8677769690767612,135.0,0.9999999999996432
"[-0.001112523408153867, -0.0011144109772292098, -0.0011043064909096161, -0.0010591752960964753, -0.0010173518230287668, -0.0009783387878478603, -0.0008687596003289427, -0.0004334130921696708, -8.334657352326455e-05]",-0.013835384956124156,-1.8816123540328853,136.0,0.9999999999993605
"[-0.0011124918044052542, -0.001112523408153867, -0.0011144109772292098, -0.001084079355383068, -0.0010200401659275341, -0.000993122226074368, -0.0008729652969183284, -0.00044644435246937595, -8.384275785223611e-05]",-0.013835384956124156,-1.8954477389890094,137.0,0.999999999999467
"[-0.0011159897462667003, -0.0011124918044052542, -0.001112523408153867, -0.0011043064909096161, -0.001027667809950772, -0.0009972436599533655, -0.0008833109387438911, -0.0004585091724584144, -8.217186724688362e-05]",-0.013835384956124156,-1.9092831239451336,138.0,0.9999999999989628
"[-0.001118381145093209, -0.0011159897462667003, -0.0011124918044052542, -0.0011144109772292098, -0.0010419550979708008, -0.0010060845570006734, -0.0008896237009493249, -0.0004780542410835145, -7.946777706171745e-05]",-0.013835384956124156,-1.9231185089012577,139.0,0.9999999999986057
"[-0.0011239430667224913, -0.001118381145093209, -0.0011159897462667003, -0.001112523408153867, -0.0010591752960964753, -0.0010069860193857086, -0.0009009057499150452, -0.0004913254742651595, -7.497968606583597e-05]",-0.013835384956124156,-1.9369538938573818,140.0,0.9999999999991626
"[-0.0011309286581329138, -0.0011239430667224913, -0.001118381145093209, -0.0011124918044052542, -0.001084079355383068, -0.0010095065627281317, -0.0009085724987508884, -0.0004980260706928176, -8.504171173948723e-05]",-0.013835384956124156,-1.9507892788135062,141.0,0.9999999999996093
"[-0.0011345506585612893, -0.0011309286581329138, -0.0011239430667224913, -0.0011159897462667003, -0.0011043064909096161, -0.00101348610266829, -0.0009102566541525849, -0.0005080514581684202, -0.00010023035872963558]",-0.013835384956124156,-1.9646246637696303,142.0,0.9999999999990994
"[-0.0011339331319425896, -0.0011345506585612893, -0.0011309286581329138, -0.001118381145093209, -0.0011144109772292098, -0.0010165587502485346, -0.0009036321783769418, -0.0005209272370032416, -0.00011646410776762002]",-0.013835384956124156,-1.9784600487257544,143.0,0.9999999999969409
"[-0.0011377977299765652, -0.0011339331319425896, -0.0011345506585612893, -0.0011239430667224913, -0.001112523408153867, -0.0010173518230287668, -0.0009042901062880298, -0.0005410327159294789, -0.00013310437414326286]",-0.013835384956124156,-1.9922954336818786,144.0,0.99999999999862
"[-0.001148361880300284, -0.0011377977299765652, -0.0011339331319425896, -0.0011309286581329138, -0.0011124918044052542, -0.0010200401659275341, -0.0009144407896173013, -0.0005568402167089102, -0.00014471465389668444]",-0.013835384956124156,-2.0061308186380025,145.0,0.9999999999989521
"[-0.001156540653004249, -0.001148361880300284, -0.0011377977299765652, -0.0011345506585612893, -0.0011159897462667003, -0.001027667809950772, -0.000916862264857474, -0.0005816669653576935, -0.00016098428349756267]",-0.013835384956124156,-2.019966203594127,146.0,0.9999999999925449
"[-0.0011613055795207348, -0.001156540653004249, -0.001148361880300284, -0.0011339331319425896, -0.001118381145093209, -0.0010419550979708008, -0.0009214469241932895, -0.0005839327820746623, -0.00016370094915570013]",-0.013835384956124156,-2.033801588550251,147.0,0.9999999997944349
"[-0.0011734873872820746, -0.0011613055795207348, -0.001156540653004249, -0.0011377977299765652, -0.0011239430667224913, -0.0010591752960964753, -0.0009287806424300215, -0.0005850923585466504, -0.00016039904155351723]",-0.013835384956124156,-2.0476369735063753,148.0,0.9999999999822902
"[-0.0011957950918252804, -0.0011734873872820746, -0.0011613055795207348, -0.001148361880300284, -0.0011309286581329138, -0.001084079355383068, -0.0009352660034572653, -0.0005870701094728253, -0.0001620410424464809]",-0.013835384956124156,-2.0614723584624994,149.0,0.9999999999814098
"[-0.0012124952063630012, -0.0011957950918252804, -0.0011734873872820746, -0.001156540653004249, -0.0011345506585612893, -0.0011043064909096161, -0.0009488231079773262, -0.0005982878706076853, -0.0001567951680129291]",-0.013835384956124156,-2.0753077434186236,150.0,0.9999999999869459
"[-0.0012289201732512025, -0.0012124952063630012, -0.0011957950918252804, -0.0011613055795207348, -0.0011339331319425896, -0.0011144109772292098, -0.0009654696697459391, -0.0006084767217371465, -0.00015640009249380575]",-0.013835384956124156,-2.0891431283747477,151.0,0.9999999999935484
"[-0.001242113335190206, -0.0012289201732512025, -0.0012124952063630012, -0.0011734873872820746, -0.0011377977299765652, -0.001112523408153867, -0.0009783387878478603, -0.0006162763906398365, -0.00015491874792868967]",-0.013835384956124156,-2.102978513330872,152.0,0.9999999999985829
"[-0.0012535028276149107, -0.001242113335190206, -0.0012289201732512025, -0.0011957950918252804, -0.001148361880300284, -0.0011124918044052542, -0.000993122226074368, -0.0006209911524378741, -0.00014144046205090733]",-0.013835384956124156,-2.116813898286996,153.0,0.9999999999987988
"[-0.0012588212518408926, -0.0012535028276149107, -0.001242113335190206, -0.0012124952063630012, -0.001156540653004249, -0.0011159897462667003, -0.0009972436599533655, -0.0006362459836076382, -0.00014822029321848377]",-0.013835384956124156,-2.13064928324312,154.0,0.9999999999935575
"[-0.0012648276395239248, -0.0012588212518408926, -0.0012535028276149107, -0.0012289201732512025, -0.0011613055795207348, -0.001118381145093209, -0.0010060845570006734, -0.00065997425875113, -0.0001609053013809394]",-0.013835384956124156,-2.144484668199244,155.0,0.9999999999901383
"[-0.0012789473212676593, -0.0012648276395239248, -0.0012588212518408926, -0.001242113335190206, -0.0011734873872820746, -0.0011239430667224913, -0.0010069860193857086, -0.0006843439954062325, -0.00017124900562360924]",-0.013835384956124156,-2.1583200531553683,156.0,0.9999999999940589
"[-0.0012933039610945065, -0.0012789473212676593, -0.0012648276395239248, -0.0012535028276149107, -0.0011957950918252804, -0.0011309286581329138, -0.0010095065627281317, -0.0007062363956884412, -0.00019130514578464045]",-0.013835384956124156,-2.1721554381114925,157.0,0.9999999998782492
"[-0.00130479702085841, -0.0012933039610945065, -0.0012789473212676593, -0.0012588212518408926, -0.0012124952063630012, -0.0011345506585612893, -0.00101348610266829, -0.0007329921142484686, -0.00021089005584846304]",-0.013835384956124156,-2.1859908230676166,158.0,0.9999999999331454
"[-0.0013254222624670944, -0.00130479702085841, -0.0012933039610945065, -0.0012648276395239248, -0.0012289201732512025, -0.0011339331319425896, -0.0010165587502485346, -0.0007557948301296344, -0.00022347387553657528]",-0.013835384956124156,-2.1998262080237407,159.0,0.9999999997813893
"[-0.0013447297303768805, -0.0013254222624670944, -0.00130479702085841, -0.0012789473212676593, -0.001242113335190206, -0.0011377977299765652, -0.0010173518230287668, -0.000780084587308901, -0.00022573594239471784]",-0.013835384956124156,-2.213661592979865,160.0,0.9999999995054956
"[-0.0013665671454149012, -0.0013447297303768805, -0.0013254222624670944, -0.0012933039610945065, -0.0012535028276149107, -0.001148361880300284, -0.0010200401659275341, -0.0007992832471653053, -0.00022527119604044525]",-0.013835384956124156,-2.227496977935989,161.0,0.9999999996298413
"[-0.001389019586418851, -0.0013665671454149012, -0.0013447297303768805, -0.00130479702085841, -0.0012588212518408926, -0.001156540653004249, -0.001027667809950772, -0.0008082326235732163, -0.00023116798949477475]",-0.013835384956124156,-2.241332362892113,162.0,0.9999999998967851
"[-0.001410964507862069, -0.001389019586418851, -0.0013665671454149012, -0.0013254222624670944, -0.0012648276395239248, -0.0011613055795207348, -0.0010419550979708008, -0.0008231943076922578, -0.00023707408730417752]",-0.013835384956124156,-2.2551677478482377,163.0,0.9999999999984848
"[-0.0014282573982032567, -0.001410964507862069, -0.001389019586418851, -0.0013447297303768805, -0.0012789473212676593, -0.0011734873872820746, -0.0010591752960964753, -0.0008359017913437147, -0.00024517244791700887]",-0.013835384956124156,-2.269003132804362,164.0,0.9999999999992342
"[-0.0014325068812448725, -0.0014282573982032567, -0.001410964507862069, -0.0013665671454149012, -0.0012933039610945065, -0.0011957950918252804, -0.001084079355383068, -0.0008514215471651039, -0.00024284630360971477]",-0.013835384956124156,-2.282838517760486,165.0,0.99999999999898
"[-0.0014344004611683374, -0.0014325068812448725, -0.0014282573982032567, -0.001389019586418851, -0.00130479702085841, -0.0012124952063630012, -0.0011043064909096161, -0.0008588198527208836, -0.00023467170613959872]",-0.013835384956124156,-2.29667390271661,166.0,0.9999999999997279
"[-0.0014370695299347597, -0.0014344004611683374, -0.0014325068812448725, -0.001410964507862069, -0.0013254222624670944, -0.0012289201732512025, -0.0011144109772292098, -0.0008623668550248746, -0.00022099797841200917]",-0.013835384956124156,-2.3105092876727342,167.0,0.9999999999997835
"[-0.0014306160809164858, -0.0014370695299347597, -0.0014344004611683374, -0.0014282573982032567, -0.0013447297303768805, -0.001242113335190206, -0.001112523408153867, -0.0008687596003289427, -0.00021181710111327218]",-0.013835384956124156,-2.3243446726288584,168.0,0.999999999999648
"[-0.0014194370278773354, -0.0014306160809164858, -0.0014370695299347597, -0.0014325068812448725, -0.0013665671454149012, -0.0012535028276149107, -0.0011124918044052542, -0.0008729652969183284, -0.00020428162633350357]",-0.013835384956124156,-2.3381800575849825,169.0,0.9999999999992085
"[-0.0014137147801507762, -0.0014194370278773354, -0.0014306160809164858, -0.0014344004611683374, -0.001389019586418851, -0.0012588212518408926, -0.0011159897462667003, -0.0008833109387438911, -0.00019688378424068836]",-0.013835384956124156,-2.3520154425411066,170.0,0.9999999999978779
"[-0.0014142734236042176, -0.0014137147801507762, -0.0014194370278773354, -0.0014370695299347597, -0.001410964507862069, -0.0012648276395239248, -0.001118381145093209, -0.0008896237009493249, -0.0002055561708925293]",-0.013835384956124156,-2.3658508274972307,171.0,0.9999999999986913
"[-0.0014190538018629937, -0.0014142734236042176, -0.0014137147801507762, -0.0014306160809164858, -0.0014282573982032567, -0.0012789473212676593, -0.0011239430667224913, -0.0009009057499150452, -0.00021983716562473608]",-0.013835384956124156,-2.379686212453355,172.0,0.9999999999964256
"[-0.0014222311722843284, -0.0014190538018629937, -0.0014142734236042176, -0.0014194370278773354, -0.0014325068812448725, -0.0012933039610945065, -0.0011309286581329138, -0.0009085724987508884, -0.00022435569575019056]",-0.013835384956124156,-2.393521597409479,173.0,0.9999999999986396
"[-0.0014293656687726247, -0.0014222311722843284, -0.0014190538018629937, -0.0014137147801507762, -0.0014344004611683374, -0.00130479702085841, -0.0011345506585612893, -0.0009102566541525849, -0.00022143386842515882]",-0.013835384956124156,-2.407356982365603,174.0,0.9999999999996181
"[-0.0014322477859580814, -0.0014293656687726247, -0.0014222311722843284, -0.0014142734236042176, -0.0014370695299347597, -0.0013254222624670944, -0.0011339331319425896, -0.0009036321783769418, -0.00021487503546757308]",-0.013835384956124156,-2.4211923673217273,175.0,0.9999999999997502
"[-0.0014278932323993235, -0.0014322477859580814, -0.0014293656687726247, -0.0014190538018629937, -0.0014306160809164858, -0.0013447297303768805, -0.0011377977299765652, -0.0009042901062880298, -0.0002200972344368774]",-0.013835384956124156,-2.4350277522778514,176.0,0.9999999999997277
"[-0.0014197693527512089, -0.0014278932323993235, -0.0014322477859580814, -0.0014222311722843284, -0.0014194370278773354, -0.0013665671454149012, -0.001148361880300284, -0.0009144407896173013, -0.00021993106622302186]",-0.013835384956124156,-2.4488631372339755,177.0,0.9999999999997652
"[-0.0014140956965772319, -0.0014197693527512089, -0.0014278932323993235, -0.0014293656687726247, -0.0014137147801507762, -0.001389019586418851, -0.001156540653004249, -0.000916862264857474, -0.00022431836019614802]",-0.013835384956124156,-2.4626985221900997,178.0,0.999999999999011
"[-0.0014069607602786266, -0.0014140956965772319, -0.0014197693527512089, -0.0014322477859580814, -0.0014142734236042176, -0.001410964507862069, -0.0011613055795207348, -0.0009214469241932895, -0.0002304939136064902]",-0.013835384956124156,-2.476533907146224,179.0,0.9999999999862209
"[-0.0014112217568131504, -0.0014069607602786266, -0.0014140956965772319, -0.0014278932323993235, -0.0014190538018629937, -0.0014282573982032567, -0.0011734873872820746, -0.0009287806424300215, -0.00024043665277131426]",-0.013835384956124156,-2.4903692921023484,180.0,0.9999999996804688
"[-0.0014242793243128674, -0.0014112217568131504, -0.0014069607602786266, -0.0014197693527512089, -0.0014222311722843284, -0.0014325068812448725, -0.0011957950918252804, -0.0009352660034572653, -0.0002603628021339966]",-0.013835384956124156,-2.5042046770584725,181.0,0.999999999640855
"[-0.0014418497069069898, -0.0014242793243128674, -0.0014112217568131504, -0.0014140956965772319, -0.0014293656687726247, -0.0014344004611683374, -0.0012124952063630012, -0.0009488231079773262, -0.000272056221417115]",-0.013835384956124156,-2.5180400620145966,182.0,0.999999999782982
"[-0.0014545078261765589, -0.0014418497069069898, -0.0014242793243128674, -0.0014069607602786266, -0.0014322477859580814, -0.0014370695299347597, -0.0012289201732512025, -0.0009654696697459391, -0.0002808226327983447]",-0.013835384956124156,-2.5318754469707208,183.0,0.9999999992836373
"[-0.0014647756124184191, -0.0014545078261765589, -0.0014418497069069898, -0.0014112217568131504, -0.0014278932323993235, -0.0014306160809164858, -0.001242113335190206, -0.0009783387878478603, -0.0002916215813491062]",-0.013835384956124156,-2.545710831926845,184.0,0.9999999961995119
"[-0.001477304179372658, -0.0014647756124184191, -0.0014545078261765589, -0.0014242793243128674, -0.0014197693527512089, -0.0014194370278773354, -0.0012535028276149107, -0.000993122226074368, -0.00029325580420755485]",-0.013835384956124156,-2.559546216882969,185.0,0.9999999999153935
"[-0.0014933765233227678, -0.001477304179372658, -0.0014647756124184191, -0.0014418497069069898, -0.0014140956965772319, -0.0014137147801507762, -0.0012588212518408926, -0.0009972436599533655, -0.00029639971531669296]",-0.013835384956124156,-2.573381601839093,186.0,0.9999999999413299
"[-0.0015028617171677725, -0.0014933765233227678, -0.001477304179372658, -0.0014545078261765589, -0.0014069607602786266, -0.0014142734236042176, -0.0012648276395239248, -0.0010060845570006734, -0.00030161487031109903]",-0.013835384956124156,-2.5872169867952173,187.0,0.9999999996490835
"[-0.0015109485218739616, -0.0015028617171677725, -0.0014933765233227678, -0.0014647756124184191, -0.0014112217568131504, -0.0014190538018629937, -0.0012789473212676593, -0.0010069860193857086, -0.0003126816073927467]",-0.013835384956124156,-2.6010523717513414,188.0,0.9999999999726201
"[-0.001522040742356151, -0.0015109485218739616, -0.0015028617171677725, -0.001477304179372658, -0.0014242793243128674, -0.0014222311722843284, -0.0012933039610945065, -0.0010095065627281317, -0.000332763959144358]",-0.013835384956124156,-2.6148877567074655,189.0,0.9999999999982704
"[-0.001525745866269831, -0.001522040742356151, -0.0015109485218739616, -0.0014933765233227678, -0.0014418497069069898, -0.0014293656687726247, -0.00130479702085841, -0.00101348610266829, -0.00035124850264771503]",-0.013835384956124156,-2.6287231416635897,190.0,0.9999999999861557
"[-0.0015208276749681879, -0.001525745866269831, -0.001522040742356151, -0.0015028617171677725, -0.0014545078261765589, -0.0014322477859580814, -0.0013254222624670944, -0.0010165587502485346, -0.00035619535192549505]",-0.013835384956124156,-2.642558526619714,191.0,0.9999999999420491
"[-0.001522594543240318, -0.0015208276749681879, -0.001525745866269831, -0.0015109485218739616, -0.0014647756124184191, -0.0014278932323993235, -0.0013447297303768805, -0.0010173518230287668, -0.0003679767666022196]",-0.013835384956124156,-2.656393911575838,192.0,0.9999999974089583
"[-0.0015293216243114885, -0.001522594543240318, -0.0015208276749681879, -0.001522040742356151, -0.001477304179372658, -0.0014197693527512089, -0.0013665671454149012, -0.0010200401659275341, -0.0003781909327136176]",-0.013835384956124156,-2.670229296531962,193.0,0.9999999996970659
"[-0.0015436952261986025, -0.0015293216243114885, -0.001522594543240318, -0.001525745866269831, -0.0014933765233227678, -0.0014140956965772319, -0.001389019586418851, -0.001027667809950772, -0.00038139217670232637]",-0.013835384956124156,-2.684064681488086,194.0,0.999999999853319
"[-0.0015553771916114617, -0.0015436952261986025, -0.0015293216243114885, -0.0015208276749681879, -0.0015028617171677725, -0.0014069607602786266, -0.001410964507862069, -0.0010419550979708008, -0.0003855346689940085]",-0.013835384956124156,-2.6979000664442103,195.0,0.9999999989134687
"[-0.0015651748822296718, -0.0015553771916114617, -0.0015436952261986025, -0.001522594543240318, -0.0015109485218739616, -0.0014112217568131504, -0.0014282573982032567, -0.0010591752960964753, -0.0003974007566664203]",-0.013835384956124156,-2.7117354514003345,196.0,0.9999998312780605
"[-0.0015789729643398741, -0.0015651748822296718, -0.0015553771916114617, -0.0015293216243114885, -0.001522040742356151, -0.0014242793243128674, -0.0014325068812448725, -0.001084079355383068, -0.0004053647306164099]",-0.013835384956124156,-2.725570836356459,197.0,0.9999997801279867
"[-0.0016014218316630568, -0.0015789729643398741, -0.0015651748822296718, -0.0015436952261986025, -0.001525745866269831, -0.0014418497069069898, -0.0014344004611683374, -0.0011043064909096161, -0.0004088301344367459]",-0.013835384956124156,-2.739406221312583,198.0,0.999999998141259
"[-0.0016233815820045122, -0.0016014218316630568, -0.0015789729643398741, -0.0015553771916114617, -0.0015208276749681879, -0.0014545078261765589, -0.0014370695299347597, -0.0011144109772292098, -0.000418765111418867]",-0.013835384956124156,-2.7532416062687073,199.0,0.9999999982011694
"[-0.0016328775624751743, -0.0016233815820045122, -0.0016014218316630568, -0.0015651748822296718, -0.001522594543240318, -0.0014647756124184191, -0.0014306160809164858, -0.001112523408153867, -0.0004334130921696708]",-0.013835384956124156,-2.7670769912248314,200.0,0.9999999997728035
"[-0.0016430877063034438, -0.0016328775624751743, -0.0016233815820045122, -0.0015789729643398741, -0.0015293216243114885, -0.001477304179372658, -0.0014194370278773354, -0.0011124918044052542, -0.00044644435246937595]",-0.013835384956124156,-2.7809123761809555,201.0,0.9999999981992063
"[-0.0016489614417241258, -0.0016430877063034438, -0.0016328775624751743, -0.0016014218316630568, -0.0015436952261986025, -0.0014933765233227678, -0.0014137147801507762, -0.0011159897462667003, -0.0004585091724584144]",-0.013835384956124156,-2.7947477611370797,202.0,0.9999999998125347
"[-0.001656814929097682, -0.0016489614417241258, -0.0016430877063034438, -0.0016233815820045122, -0.0015553771916114617, -0.0015028617171677725, -0.0014142734236042176, -0.001118381145093209, -0.0004780542410835145]",-0.013835384956124156,-2.808583146093204,203.0,0.9999999999851792
"[-0.0016570662888445921, -0.001656814929097682, -0.0016489614417241258, -0.0016328775624751743, -0.0015651748822296718, -0.0015109485218739616, -0.0014190538018629937, -0.0011239430667224913, -0.0004913254742651595]",-0.013835384956124156,-2.822418531049328,204.0,0.9999999999316749
"[-0.001651059663222862, -0.0016570662888445921, -0.001656814929097682, -0.0016430877063034438, -0.0015789729643398741, -0.001522040742356151, -0.0014222311722843284, -0.0011309286581329138, -0.0004980260706928176]",-0.013835384956124156,-2.836253916005452,205.0,0.99999999992132
"[-0.0016508225596287265, -0.001651059663222862, -0.0016570662888445921, -0.0016489614417241258, -0.0016014218316630568, -0.001525745866269831, -0.0014293656687726247, -0.0011345506585612893, -0.0005080514581684202]",-0.013835384956124156,-2.850089300961576,206.0,0.9999999999717006
"[-0.0016533300416159181, -0.0016508225596287265, -0.001651059663222862, -0.001656814929097682, -0.0016233815820045122, -0.0015208276749681879, -0.0014322477859580814, -0.0011339331319425896, -0.0005209272370032416]",-0.013835384956124156,-2.8639246859177003,207.0,0.9999999999063377
"[-0.0016494622973851438, -0.0016533300416159181, -0.0016508225596287265, -0.0016570662888445921, -0.0016328775624751743, -0.001522594543240318, -0.0014278932323993235, -0.0011377977299765652, -0.0005410327159294789]",-0.013835384956124156,-2.8777600708738245,208.0,0.9999999999529026
"[-0.0016485251586160095, -0.0016494622973851438, -0.0016533300416159181, -0.001651059663222862, -0.0016430877063034438, -0.0015293216243114885, -0.0014197693527512089, -0.001148361880300284, -0.0005568402167089102]",-0.013835384956124156,-2.8915954558299486,209.0,0.9999999998550727
"[-0.0016463912839890713, -0.0016485251586160095, -0.0016494622973851438, -0.0016508225596287265, -0.0016489614417241258, -0.0015436952261986025, -0.0014140956965772319, -0.001156540653004249, -0.0005816669653576935]",-0.013835384956124156,-2.9054308407860727,210.0,0.9999999999809666
"[-0.001646945436852643, -0.0016463912839890713, -0.0016485251586160095, -0.0016533300416159181, -0.001656814929097682, -0.0015553771916114617, -0.0014069607602786266, -0.0011613055795207348, -0.0005839327820746623]",-0.013835384956124156,-2.919266225742197,211.0,0.9999999999948235
"[-0.0016400190213905512, -0.001646945436852643, -0.0016463912839890713, -0.0016494622973851438, -0.0016570662888445921, -0.0015651748822296718, -0.0014112217568131504, -0.0011734873872820746, -0.0005850923585466504]",-0.013835384956124156,-2.933101610698321,212.0,0.9999999999959662
"[-0.0016267651843258396, -0.0016400190213905512, -0.001646945436852643, -0.0016485251586160095, -0.001651059663222862, -0.0015789729643398741, -0.0014242793243128674, -0.0011957950918252804, -0.0005870701094728253]",-0.013835384956124156,-2.946936995654445,213.0,0.9999999999984112
"[-0.0016116002568169118, -0.0016267651843258396, -0.0016400190213905512, -0.0016463912839890713, -0.0016508225596287265, -0.0016014218316630568, -0.0014418497069069898, -0.0012124952063630012, -0.0005982878706076853]",-0.013835384956124156,-2.9607723806105697,214.0,0.9999999999984985
"[-0.0015946524084496582, -0.0016116002568169118, -0.0016267651843258396, -0.001646945436852643, -0.0016533300416159181, -0.0016233815820045122, -0.0014545078261765589, -0.0012289201732512025, -0.0006084767217371465]",-0.013835384956124156,-2.974607765566694,215.0,0.9999999999993244
"[-0.0015786883892916852, -0.0015946524084496582, -0.0016116002568169118, -0.0016400190213905512, -0.0016494622973851438, -0.0016328775624751743, -0.0014647756124184191, -0.001242113335190206, -0.0006162763906398365]",-0.013835384956124156,-2.988443150522818,216.0,0.9999999999995333
"[-0.0015600400250494275, -0.0015786883892916852, -0.0015946524084496582, -0.0016267651843258396, -0.0016485251586160095, -0.0016430877063034438, -0.001477304179372658, -0.0012535028276149107, -0.0006209911524378741]",-0.013835384956124156,-3.002278535478942,217.0,0.9999999999995367
"[-0.0015411212147887327, -0.0015600400250494275, -0.0015786883892916852, -0.0016116002568169118, -0.0016463912839890713, -0.0016489614417241258, -0.0014933765233227678, -0.0012588212518408926, -0.0006362459836076382]",-0.013835384956124156,-3.016113920435066,218.0,0.9999999999995696
"[-0.0015244253989798466, -0.0015411212147887327, -0.0015600400250494275, -0.0015946524084496582, -0.001646945436852643, -0.001656814929097682, -0.0015028617171677725, -0.0012648276395239248, -0.00065997425875113]",-0.013835384956124156,-3.0299493053911903,219.0,0.9999999999996372
"[-0.0015070793120086745, -0.0015244253989798466, -0.0015411212147887327, -0.0015786883892916852, -0.0016400190213905512, -0.0016570662888445921, -0.0015109485218739616, -0.0012789473212676593, -0.0006843439954062325]",-0.013835384956124156,-3.0437846903473145,220.0,0.9999999999995545
"[-0.0014849648018519612, -0.0015070793120086745, -0.0015244253989798466, -0.0015600400250494275, -0.0016267651843258396, -0.001651059663222862, -0.001522040742356151, -0.0012933039610945065, -0.0007062363956884412]",-0.013835384956124156,-3.0576200753034386,221.0,0.9999999999994222
"[-0.0014651432965664252, -0.0014849648018519612, -0.0015070793120086745, -0.0015411212147887327, -0.0016116002568169118, -0.0016508225596287265, -0.001525745866269831, -0.00130479702085841, -0.0007329921142484686]",-0.013835384956124156,-3.0714554602595627,222.0,0.9999999999993019
"[-0.0014475273121018998, -0.0014651432965664252, -0.0014849648018519612, -0.0015244253989798466, -0.0015946524084496582, -0.0016533300416159181, -0.0015208276749681879, -0.0013254222624670944, -0.0007557948301296344]",-0.013835384956124156,-3.085290845215687,223.0,0.9999999999982371
"[-0.0014312767832048237, -0.0014475273121018998, -0.0014651432965664252, -0.0015070793120086745, -0.0015786883892916852, -0.0016494622973851438, -0.001522594543240318, -0.0013447297303768805, -0.000780084587308901]",-0.013835384956124156,-3.099126230171811,224.0,0.9999999999982365
"[-0.0014196057300736138, -0.0014312767832048237, -0.0014475273121018998, -0.0014849648018519612, -0.0015600400250494275, -0.0016485251586160095, -0.0015293216243114885, -0.0013665671454149012, -0.0007992832471653053]",-0.013835384956124156,-3.112961615127935,225.0,0.9999999999983763
"[-0.001407333578940795, -0.0014196057300736138, -0.0014312767832048237, -0.0014651432965664252, -0.0015411212147887327, -0.0016463912839890713, -0.0015436952261986025, -0.001389019586418851, -0.0008082326235732163]",-0.013835384956124156,-3.1267970000840593,226.0,0.9999999999992566
"[-0.0013943439978433988, -0.001407333578940795, -0.0014196057300736138, -0.0014475273121018998, -0.0015244253989798466, -0.001646945436852643, -0.0015553771916114617, -0.001410964507862069, -0.0008231943076922578]",-0.013835384956124156,-3.1406323850401834,227.0,0.9999999999994302
"[3.315523370527738e-05, 2.184657146171423e-05, 1.6758018073963327e-05, 2.3668901377438284e-05, 4.037242243161147e-05, -1.7284199055786386e-05, -5.9590807730941035e-05, -7.278667828915701e-05, -0.000144856996231953]",0.0,0.0,0.0,0.0
"[4.171169291876025e-05, 3.315523370527738e-05, 2.184657146171423e-05, 1.6326099956412775e-05, 4.57416416166635e-05, -1.6121769493139835e-05, -5.775906416512449e-05, -7.851490857658045e-05, -0.000138002684026954]",0.0,0.0,0.0,0.0
"[4.922738401027821e-05, 4.171169291876025e-05, 3.315523370527738e-05, 1.6758018073963327e-05, 4.8256026291518e-05, -1.3216665207536217e-05, -5.9869920710517225e-05, -9.327617633183564e-05, -0.00015110184727302984]",0.0,0.0,0.0,0.0
"[6.294261659115462e-05, 4.922738401027821e-05, 4.171169291876025e-05, 2.184657146171423e-05, 3.507765851628079e-05, -4.786560236536109e-07, -5.705003871520402e-05, -9.918348178291463e-05, -0.0001471376426729606]",0.0,0.0,0.0,0.0
"[7.498465120815698e-05, 6.294261659115462e-05, 4.922738401027821e-05, 3.315523370527738e-05, 2.3668901377438284e-05, 1.7578039782182577e-05, -5.8380588839175086e-05, -0.00010892476752349061, -0.0001482254814595534]",0.0,0.0,0.0,0.0
"[8.327715700194215e-05, 7.498465120815698e-05, 6.294261659115462e-05, 4.171169291876025e-05, 1.6326099956412775e-05, 3.234662222352577e-05, -5.2758965175261e-05, -0.0001037585371966962, -0.00013922067208425661]",0.0,0.0,0.0,0.0
"[0.00010166048990028429, 8.327715700194215e-05, 7.498465120815698e-05, 4.922738401027821e-05, 1.6758018073963327e-05, 3.9395445637309116e-05, -4.890927414023145e-05, -0.00010383579125051872, -0.00013765889422844642]",0.0,0.0,0.0,0.0
"[0.00011405212765114626, 0.00010166048990028429, 8.327715700194215e-05, 6.294261659115462e-05, 2.184657146171423e-05, 4.0862125068499315e-05, -5.2616528172081306e-05, -0.00010047397639068063, -0.00013076133692863456]",0.0,0.0,0.0,0.0
"[0.00012714658516431305, 0.00011405212765114626, 0.00010166048990028429, 7.498465120815698e-05, 3.315523370527738e-05, 4.037242243161147e-05, -5.570533000146428e-05, -9.789029885109605e-05, -0.00013350727957436276]",0.0,0.0,0.0,0.0
"[0.00013697924303160118, 0.00012714658516431305, 0.00011405212765114626, 8.327715700194215e-05, 4.171169291876025e-05, 4.57416416166635e-05, -5.357237792839934e-05, -8.961565435892047e-05, -0.00013071893113741675]",0.0,0.0,0.0,0.0
"[0.00014816101860594085, 0.00013697924303160118, 0.00012714658516431305, 0.00010166048990028429, 4.922738401027821e-05, 4.8256026291518e-05, -3.51181390925112e-05, -7.173405696589438e-05, -0.0001217239679192011]",0.0,0.0,0.0,0.0
"[0.0001539406263318023, 0.00014816101860594085, 0.00013697924303160118, 0.00011405212765114626, 6.294261659115462e-05, 3.507765851628079e-05, -3.307510552951874e-05, -7.105592198985395e-05, -0.00011452456214551692]",0.0,0.0,0.0,0.0
"[0.00015563782468308297, 0.0001539406263318023, 0.00014816101860594085, 0.00012714658516431305, 7.498465120815698e-05, 2.3668901377438284e-05, -2.7280869560931395e-05, -7.096312769139464e-05, -0.00010954057530758847]",0.0,0.0,0.0,0.0
"[0.00016126042732558, 0.00015563782468308297, 0.0001539406263318023, 0.00013697924303160118, 8.327715700194215e-05, 1.6326099956412775e-05, -2.859009459088523e-05, -6.776566815899538e-05, -9.860461198800676e-05]",0.0,0.0,0.0,0.0
"[0.00017014751913216943, 0.00016126042732558, 0.00015563782468308297, 0.00014816101860594085, 0.00010166048990028429, 1.6758018073963327e-05, -2.880500314411551e-05, -6.6630402357031e-05, -8.992247840608749e-05]",0.0,0.0,0.0,0.0
"[0.0001683811411168194, 0.00017014751913216943, 0.00016126042732558, 0.0001539406263318023, 0.00011405212765114626, 2.184657146171423e-05, -2.363931122506288e-05, -5.6223148297973585e-05, -8.794337120032835e-05]",0.0,0.0,0.0,0.0
"[0.0001720408778835442, 0.0001683811411168194, 0.00017014751913216943, 0.00015563782468308297, 0.00012714658516431305, 3.315523370527738e-05, -1.7284199055786386e-05, -4.957699841885876e-05, -7.846334275440949e-05]",0.0,0.0,0.0,0.0
"[0.0001829281695078702, 0.0001720408778835442, 0.0001683811411168194, 0.00016126042732558, 0.00013697924303160118, 4.171169291876025e-05, -1.6121769493139835e-05, -3.4325618473855985e-05, -8.069927922185893e-05]",0.0,0.0,0.0,0.0
"[0.00019285136728837784, 0.0001829281695078702, 0.0001720408778835442, 0.00017014751913216943, 0.00014816101860594085, 4.922738401027821e-05, -1.3216665207536217e-05, -2.0097482918432024e-05, -7.925755379795899e-05]",0.0,0.0,0.0,0.0
"[0.00020778408325366994, 0.00019285136728837784, 0.0001829281695078702, 0.0001683811411168194, 0.0001539406263318023, 6.294261659115462e-05, -4.786560236536109e-07, -4.916168246117196e-06, -7.60322337081102e-05]",0.0,0.0,0.0,0.0
"[0.00021467896162541875, 0.00020778408325366994, 0.00019285136728837784, 0.0001720408778835442, 0.00015563782468308297, 7.498465120815698e-05, 1.7578039782182577e-05, -2.7753423848392614e-06, -7.242431102118488e-05]",0.0,0.0,0.0,0.0
"[0.00021060426574839503, 0.00021467896162541875, 0.00020778408325366994, 0.0001829281695078702, 0.00016126042732558, 8.327715700194215e-05, 3.234662222352577e-05, -5.700296468430541e-06, -6.376876795521079e-05]",0.0,0.0,0.0,0.0
"[0.00020855188591917774, 0.00021060426574839503, 0.00021467896162541875, 0.00019285136728837784, 0.00017014751913216943, 0.00010166048990028429, 3.9395445637309116e-05, -1.1642570856334372e-05, -5.9508265399146704e-05]",0.0,0.0,0.0,0.0
"[0.00020688727555013056, 0.00020855188591917774, 0.00021060426574839503, 0.00020778408325366994, 0.0001683811411168194, 0.00011405212765114626, 4.0862125068499315e-05, -2.343793460174451e-05, -5.6726713456836096e-05]",0.0,0.0,0.0,0.0
"[0.00020443498076729905, 0.00020688727555013056, 0.00020855188591917774, 0.00021467896162541875, 0.0001720408778835442, 0.00012714658516431305, 4.037242243161147e-05, -2.8306533236243135e-05, -5.416337389293682e-05]",0.0,0.0,0.0,0.0
"[0.00020181111194570648, 0.00020443498076729905, 0.00020688727555013056, 0.00021060426574839503, 0.0001829281695078702, 0.00013697924303160118, 4.57416416166635e-05, -3.850234500676055e-05, -4.820132468633927e-05]",0.0,0.0,0.0,0.0
"[0.00019298902214426019, 0.00020181111194570648, 0.00020443498076729905, 0.00020855188591917774, 0.00019285136728837784, 0.00014816101860594085, 4.8256026291518e-05, -4.554070177538669e-05, -4.8374702531508324e-05]",0.0,0.0,0.0,0.0
"[0.00018402418229733456, 0.00019298902214426019, 0.00020181111194570648, 0.00020688727555013056, 0.00020778408325366994, 0.0001539406263318023, 3.507765851628079e-05, -5.5461342805192615e-05, -4.662501384775483e-05]",0.0,0.0,0.0,0.0
"[0.0001779197902770761, 0.00018402418229733456, 0.00019298902214426019, 0.00020443498076729905, 0.00021467896162541875, 0.00015563782468308297, 2.3668901377438284e-05, -5.332444494810539e-05, -4.197911392477823e-05]",0.0,0.0,0.0,0.0
"[0.00016451746112546974, 0.0001779197902770761, 0.00018402418229733456, 0.00020181111194570648, 0.00021060426574839503, 0.00016126042732558, 1.6326099956412775e-05, -6.980608974965438e-05, -4.22445169677622e-05]",0.0,0.0,0.0,0.0
"[0.00015199889318883003, 0.00016451746112546974, 0.0001779197902770761, 0.00019298902214426019, 0.00020855188591917774, 0.00017014751913216943, 1.6758018073963327e-05, -7.146116693100129e-05, -4.520166567209933e-05]",0.0,0.0,0.0,0.0
"[0.00014625796607518174, 0.00015199889318883003, 0.00016451746112546974, 0.00018402418229733456, 0.00020688727555013056, 0.0001683811411168194, 2.184657146171423e-05, -6.646723364393105e-05, -4.032851069570448e-05]",0.0,0.0,0.0,0.0
"[0.00013791954187043895, 0.00014625796607518174, 0.00015199889318883003, 0.0001779197902770761, 0.00020443498076729905, 0.0001720408778835442, 3.315523370527738e-05, -5.9590807730941035e-05, -4.104908335889221e-05]",0.0,0.0,0.0,0.0
"[0.0001299801694919521, 0.00013791954187043895, 0.00014625796607518174, 0.00016451746112546974, 0.00020181111194570648, 0.0001829281695078702, 4.171169291876025e-05, -5.775906416512449e-05, -4.264789415446002e-05]",0.0,0.0,0.0,0.0
"[0.00012603453815082983, 0.0001299801694919521, 0.00013791954187043895, 0.00015199889318883003, 0.00019298902214426019, 0.00019285136728837784, 4.922738401027821e-05, -5.9869920710517225e-05, -4.3543467739568336e-05]",0.0,0.0,0.0,0.0
"[0.0001299801509662153, 0.00012603453815082983, 0.0001299801694919521, 0.00014625796607518174, 0.00018402418229733456, 0.00020778408325366994, 6.294261659115462e-05, -5.705003871520402e-05, -4.360168389374533e-05]",0.0,0.0,0.0,0.0
"[0.00013578886190342078, 0.0001299801509662153, 0.00012603453815082983, 0.00013791954187043895, 0.0001779197902770761, 0.00021467896162541875, 7.498465120815698e-05, -5.8380588839175086e-05, -4.756715430642534e-05]",0.0,0.0,0.0,0.0
"[0.00014108984475400842, 0.00013578886190342078, 0.0001299801509662153, 0.0001299801694919521, 0.00016451746112546974, 0.00021060426574839503, 8.327715700194215e-05, -5.2758965175261e-05, -4.227039426414208e-05]",0.0,0.0,0.0,0.0
"[0.0001438559925857091, 0.00014108984475400842, 0.00013578886190342078, 0.00012603453815082983, 0.00015199889318883003, 0.00020855188591917774, 0.00010166048990028429, -4.890927414023145e-05, -4.5421952339094463e-05]",0.0,0.0,0.0,0.0
"[0.00014519812898834618, 0.0001438559925857091, 0.00014108984475400842, 0.0001299801509662153, 0.00014625796607518174, 0.00020688727555013056, 0.00011405212765114626, -5.2616528172081306e-05, -4.996090935441139e-05]",0.0,0.0,0.0,0.0
"[0.0001473271759680296, 0.00014519812898834618, 0.0001438559925857091, 0.00013578886190342078, 0.00013791954187043895, 0.00020443498076729905, 0.00012714658516431305, -5.570533000146428e-05, -5.145616304770938e-05]",0.0,0.0,0.0,0.0
"[0.00014605486442577196, 0.0001473271759680296, 0.00014519812898834618, 0.00014108984475400842, 0.0001299801694919521, 0.00020181111194570648, 0.00013697924303160118, -5.357237792839934e-05, -4.6028240379577165e-05]",0.0,0.0,0.0,0.0
"[0.00013819268102435755, 0.00014605486442577196, 0.0001473271759680296, 0.0001438559925857091, 0.00012603453815082983, 0.00019298902214426019, 0.00014816101860594085, -3.51181390925112e-05, -5.102237948628582e-05]",0.0,0.0,0.0,0.0
"[0.00014512983141599638, 0.00013819268102435755, 0.00014605486442577196, 0.00014519812898834618, 0.0001299801509662153, 0.00018402418229733456, 0.0001539406263318023, -3.307510552951874e-05, -4.651138403837449e-05]",0.0,0.0,0.0,0.0
"[0.000146262595455066, 0.00014512983141599638, 0.00013819268102435755, 0.0001473271759680296, 0.00013578886190342078, 0.0001779197902770761, 0.00015563782468308297, -2.7280869560931395e-05, -4.759863568305814e-05]",0.011523467784181288,0.0,0.0,0.006074195774441989
"[0.00014342102452230123, 0.000146262595455066, 0.00014512983141599638, 0.00014605486442577196, 0.00014108984475400842, 0.00016451746112546974, 0.00016126042732558, -2.859009459088523e-05, -4.906913492238497e-05]",0.011523467784181288,0.011523467784181288,1.0,0.006147991011791971
"[0.00013791776356538097, 0.00014342102452230123, 0.000146262595455066, 0.00013819268102435755, 0.0001438559925857091, 0.00015199889318883003, 0.00017014751913216943, -2.880500314411551e-05, -4.832216050296378e-05]",0.011523467784181288,0.023046935568362577,2.0,0.006080393746080392
"[0.00013638938780669195, 0.00013791776356538097, 0.00014342102452230123, 0.00014512983141599638, 0.00014519812898834618, 0.00014625796607518174, 0.0001683811411168194, -2.363931122506288e-05, -4.306401818861202e-05]",0.011523467784181288,0.03457040335254387,3.0,0.006274952520678113
"[0.00013539908883532416, 0.00013638938780669195, 0.00013791776356538097, 0.000146262595455066, 0.0001473271759680296, 0.00013791954187043895, 0.0001720408778835442, -1.7284199055786386e-05, -3.5087307489372145e-05]",0.011523467784181288,0.046093871136725154,4.0,0.005958185981196767
"[0.00013639455909474876, 0.00013539908883532416, 0.00013638938780669195, 0.00014342102452230123, 0.00014605486442577196, 0.0001299801694919521, 0.0001829281695078702, -1.6121769493139835e-05, -3.296481858064739e-05]",0.011523467784181288,0.05761733892090644,5.0,0.005196674617006303
"[0.00013457070131689955, 0.00013639455909474876, 0.00013539908883532416, 0.00013791776356538097, 0.00013819268102435755, 0.00012603453815082983, 0.00019285136728837784, -1.3216665207536217e-05, -3.949841648307933e-05]",0.011523467784181288,0.06914080670508774,6.0,0.004674639102146596
"[0.00012807346906926634, 0.00013457070131689955, 0.00013639455909474876, 0.00013638938780669195, 0.00014512983141599638, 0.0001299801509662153, 0.00020778408325366994, -4.786560236536109e-07, -4.360513600531982e-05]",0.011523467784181288,0.08066427448926902,7.0,0.004170353067231188
"[0.00012083742225011665, 0.00012807346906926634, 0.00013457070131689955, 0.00013539908883532416, 0.000146262595455066, 0.00013578886190342078, 0.00021467896162541875, 1.7578039782182577e-05, -4.970812453314618e-05]",0.011523467784181288,0.09218774227345031,8.0,0.0036299690866469425
"[0.00011255550611731598, 0.00012083742225011665, 0.00012807346906926634, 0.00013639455909474876, 0.00014342102452230123, 0.00014108984475400842, 0.00021060426574839503, 3.234662222352577e-05, -4.702684140562009e-05]",0.011523467784181288,0.10371121005763159,9.0,0.0032269606335531336
"[0.0001021193315402368, 0.00011255550611731598, 0.00012083742225011665, 0.00013457070131689955, 0.00013791776356538097, 0.0001438559925857091, 0.00020855188591917774, 3.9395445637309116e-05, -4.15648957935544e-05]",0.011523467784181288,0.11523467784181288,10.0,0.0033253239643681104
"[9.122033486790943e-05, 0.0001021193315402368, 0.00011255550611731598, 0.00012807346906926634, 0.00013638938780669195, 0.00014519812898834618, 0.00020688727555013056, 4.0862125068499315e-05, -4.057679861607007e-05]",0.011523467784181288,0.12675814562599416,11.0,0.003288360102895332
"[8.878899640695497e-05, 9.122033486790943e-05, 0.0001021193315402368, 0.00012083742225011665, 0.00013539908883532416, 0.0001473271759680296, 0.00020443498076729905, 4.037242243161147e-05, -4.560811305623735e-05]",0.011523467784181288,0.13828161341017547,12.0,0.00300297162463056
"[8.725952591970581e-05, 8.878899640695497e-05, 9.122033486790943e-05, 0.00011255550611731598, 0.00013639455909474876, 0.00014605486442577196, 0.00020181111194570648, 4.57416416166635e-05, -5.83213432481856e-05]",0.011523467784181288,0.14980508119435676,13.0,0.0030180133973796677
"[8.087473704015604e-05, 8.725952591970581e-05, 8.878899640695497e-05, 0.0001021193315402368, 0.00013457070131689955, 0.00013819268102435755, 0.00019298902214426019, 4.8256026291518e-05, -6.92126096841911e-05]",0.011523467784181288,0.16132854897853804,14.0,0.002893968062298911
"[7.880856188242342e-05, 8.087473704015604e-05, 8.725952591970581e-05, 9.122033486790943e-05, 0.00012807346906926634, 0.00014512983141599638, 0.00018402418229733456, 3.507765851628079e-05, -7.548740790964404e-05]",0.011523467784181288,0.17285201676271933,15.0,0.002861047645978353
"[7.5131452953972e-05, 7.880856188242342e-05, 8.087473704015604e-05, 8.878899640695497e-05, 0.00012083742225011665, 0.000146262595455066, 0.0001779197902770761, 2.3668901377438284e-05, -8.272610490080849e-05]",0.011523467784181288,0.18437548454690061,16.0,0.0030708556121625354
"[7.292615726353391e-05, 7.5131452953972e-05, 7.880856188242342e-05, 8.725952591970581e-05, 0.00011255550611731598, 0.00014342102452230123, 0.00016451746112546974, 1.6326099956412775e-05, -8.092345617704203e-05]",0.011523467784181288,0.1958989523310819,17.0,0.0032925187751498704
"[7.727145475834776e-05, 7.292615726353391e-05, 7.5131452953972e-05, 8.087473704015604e-05, 0.0001021193315402368, 0.00013791776356538097, 0.00015199889318883003, 1.6758018073963327e-05, -7.768993498876915e-05]",0.011523467784181288,0.20742242011526318,18.0,0.003540849006087197
"[8.349729298428633e-05, 7.727145475834776e-05, 7.292615726353391e-05, 7.880856188242342e-05, 9.122033486790943e-05, 0.00013638938780669195, 0.00014625796607518174, 2.184657146171423e-05, -7.436675911465587e-05]",0.011523467784181288,0.21894588789944447,19.0,0.004020148415417731
"[9.01225107591592e-05, 8.349729298428633e-05, 7.727145475834776e-05, 7.5131452953972e-05, 8.878899640695497e-05, 0.00013539908883532416, 0.00013791954187043895, 3.315523370527738e-05, -7.278667828915701e-05]",0.011523467784181288,0.23046935568362575,20.0,0.0037851198239205737
"[9.978048299538926e-05, 9.01225107591592e-05, 8.349729298428633e-05, 7.292615726353391e-05, 8.725952591970581e-05, 0.00013639455909474876, 0.0001299801694919521, 4.171169291876025e-05, -7.851490857658045e-05]",0.011523467784181288,0.24199282346780707,21.0,0.004066083564872821
"[9.947112093025226e-05, 9.978048299538926e-05, 9.01225107591592e-05, 7.727145475834776e-05, 8.087473704015604e-05, 0.00013457070131689955, 0.00012603453815082983, 4.922738401027821e-05, -9.327617633183564e-05]",0.011523467784181288,0.2535162912519883,22.0,0.005465396417475405
"[0.00010333305002309832, 9.947112093025226e-05, 9.978048299538926e-05, 8.349729298428633e-05, 7.880856188242342e-05, 0.00012807346906926634, 0.0001299801509662153, 6.294261659115462e-05, -9.918348178291463e-05]",0.011523467784181288,0.2650397590361696,23.0,0.006469359534062833
"[0.00011999477115944364, 0.00010333305002309832, 9.947112093025226e-05, 9.01225107591592e-05, 7.5131452953972e-05, 0.00012083742225011665, 0.00013578886190342078, 7.498465120815698e-05, -0.00010892476752349061]",0.011523467784181288,0.27656322682035095,24.0,0.009327459302064757
"[0.00013258956527255713, 0.00011999477115944364, 0.00010333305002309832, 9.978048299538926e-05, 7.292615726353391e-05, 0.00011255550611731598, 0.00014108984475400842, 8.327715700194215e-05, -0.0001037585371966962]",0.011523467784181288,0.28808669460453223,25.0,0.012556100646711876
"[0.00015158952337394313, 0.00013258956527255713, 0.00011999477115944364, 9.947112093025226e-05, 7.727145475834776e-05, 0.0001021193315402368, 0.0001438559925857091, 0.00010166048990028429, -0.00010383579125051872]",0.011523467784181288,0.2996101623887135,26.0,0.022829297608148624
"[0.00016822625632043162, 0.00015158952337394313, 0.00013258956527255713, 0.00010333305002309832, 8.349729298428633e-05, 9.122033486790943e-05, 0.00014519812898834618, 0.00011405212765114626, -0.00010047397639068063]",0.011523467784181288,0.3111336301728948,27.0,0.027490372477947576
"[0.0001929946023635922, 0.00016822625632043162, 0.00015158952337394313, 0.00011999477115944364, 9.01225107591592e-05, 8.878899640695497e-05, 0.0001473271759680296, 0.00012714658516431305, -9.789029885109605e-05]",0.011523467784181288,0.3226570979570761,28.0,0.02526686358806748
"[0.00020628213656512958, 0.0001929946023635922, 0.00016822625632043162, 0.00013258956527255713, 9.978048299538926e-05, 8.725952591970581e-05, 0.00014605486442577196, 0.00013697924303160118, -8.961565435892047e-05]",0.011523467784181288,0.3341805657412574,29.0,0.02711290904040955
"[0.0002085767697768143, 0.00020628213656512958, 0.0001929946023635922, 0.00015158952337394313, 9.947112093025226e-05, 8.087473704015604e-05, 0.00013819268102435755, 0.00014816101860594085, -7.173405696589438e-05]",0.011523467784181288,0.34570403352543866,30.0,0.02139997747749336
"[0.00021137489971021636, 0.0002085767697768143, 0.00020628213656512958, 0.00016822625632043162, 0.00010333305002309832, 7.880856188242342e-05, 0.00014512983141599638, 0.0001539406263318023, -7.105592198985395e-05]",0.011523467784181288,0.35722750130961994,31.0,0.023659932875622992
"[0.00020593685549588248, 0.00021137489971021636, 0.0002085767697768143, 0.0001929946023635922, 0.00011999477115944364, 7.5131452953972e-05, 0.000146262595455066, 0.00015563782468308297, -7.096312769139464e-05]",0.011523467784181288,0.36875096909380123,32.0,0.03233702220158029
"[0.00020657190942279283, 0.00020593685549588248, 0.00021137489971021636, 0.00020628213656512958, 0.00013258956527255713, 7.292615726353391e-05, 0.00014342102452230123, 0.00016126042732558, -6.776566815899538e-05]",0.011523467784181288,0.3802744368779825,33.0,0.0662355891665651
"[0.00021548979140543258, 0.00020657190942279283, 0.00020593685549588248, 0.0002085767697768143, 0.00015158952337394313, 7.727145475834776e-05, 0.00013791776356538097, 0.00017014751913216943, -6.6630402357031e-05]",0.011523467784181288,0.3917979046621638,34.0,0.11898685082009294
"[0.0002378230456473708, 0.00021548979140543258, 0.00020657190942279283, 0.00021137489971021636, 0.00016822625632043162, 8.349729298428633e-05, 0.00013638938780669195, 0.0001683811411168194, -5.6223148297973585e-05]",0.011523467784181288,0.4033213724463451,35.0,0.12117656245629774
"[0.0002601535361957485, 0.0002378230456473708, 0.00021548979140543258, 0.00020593685549588248, 0.0001929946023635922, 9.01225107591592e-05, 0.00013539908883532416, 0.0001720408778835442, -4.957699841885876e-05]",0.011523467784181288,0.41484484023052637,36.0,0.10520429179789992
"[0.0002682496183705931, 0.0002601535361957485, 0.0002378230456473708, 0.00020657190942279283, 0.00020628213656512958, 9.978048299538926e-05, 0.00013639455909474876, 0.0001829281695078702, -3.4325618473855985e-05]",0.011523467784181288,0.42636830801470765,37.0,0.12889668302887275
"[0.00026786714302078394, 0.0002682496183705931, 0.0002601535361957485, 0.00021548979140543258, 0.0002085767697768143, 9.947112093025226e-05, 0.00013457070131689955, 0.00019285136728837784, -2.0097482918432024e-05]",0.011523467784181288,0.43789177579888894,38.0,0.14275096616561708
"[0.0002725510706776357, 0.00026786714302078394, 0.0002682496183705931, 0.0002378230456473708, 0.00021137489971021636, 0.00010333305002309832, 0.00012807346906926634, 0.00020778408325366994, -4.916168246117196e-06]",0.011523467784181288,0.4494152435830702,39.0,0.19868620276684365
"[0.00027671927576158157, 0.0002725510706776357, 0.00026786714302078394, 0.0002601535361957485, 0.00020593685549588248, 0.00011999477115944364, 0.00012083742225011665, 0.00021467896162541875, -2.7753423848392614e-06]",0.011523467784181288,0.4609387113672515,40.0,0.23808535617980084
"[0.0002865501998747018, 0.00027671927576158157, 0.0002725510706776357, 0.0002682496183705931, 0.00020657190942279283, 0.00013258956527255713, 0.00011255550611731598, 0.00021060426574839503, -5.700296468430541e-06]",0.011523467784181288,0.47246217915143285,41.0,0.24002657480047537
"[0.0002946698085506152, 0.0002865501998747018, 0.00027671927576158157, 0.00026786714302078394, 0.00021548979140543258, 0.00015158952337394313, 0.0001021193315402368, 0.00020855188591917774, -1.1642570856334372e-05]",0.011523467784181288,0.48398564693561413,42.0,0.19886981275119564
"[0.0002977574819794219, 0.0002946698085506152, 0.0002865501998747018, 0.0002725510706776357, 0.0002378230456473708, 0.00016822625632043162, 9.122033486790943e-05, 0.00020688727555013056, -2.343793460174451e-05]",0.011523467784181288,0.4955091147197954,43.0,0.19139002329288543
"[0.00029425552793015315, 0.0002977574819794219, 0.0002946698085506152, 0.00027671927576158157, 0.0002601535361957485, 0.0001929946023635922, 8.878899640695497e-05, 0.00020443498076729905, -2.8306533236243135e-05]",0.011523467784181288,0.5070325825039766,44.0,0.1497880763164374
"[0.00029200289779487347, 0.00029425552793015315, 0.0002977574819794219, 0.0002865501998747018, 0.0002682496183705931, 0.00020628213656512958, 8.725952591970581e-05, 0.00020181111194570648, -3.850234500676055e-05]",0.011523467784181288,0.518556050288158,45.0,0.1771038941374402
"[0.0002853306272813749, 0.00029200289779487347, 0.00029425552793015315, 0.0002946698085506152, 0.00026786714302078394, 0.0002085767697768143, 8.087473704015604e-05, 0.00019298902214426019, -4.554070177538669e-05]",0.011523467784181288,0.5300795180723392,46.0,0.22337578766864735
"[0.00028675494134765224, 0.0002853306272813749, 0.00029200289779487347, 0.0002977574819794219, 0.0002725510706776357, 0.00021137489971021636, 7.880856188242342e-05, 0.00018402418229733456, -5.5461342805192615e-05]",0.011523467784181288,0.5416029858565206,47.0,0.2265784002856772
"[0.0002929345927248358, 0.00028675494134765224, 0.0002853306272813749, 0.00029425552793015315, 0.00027671927576158157, 0.00020593685549588248, 7.5131452953972e-05, 0.0001779197902770761, -5.332444494810539e-05]",0.011523467784181288,0.5531264536407019,48.0,0.2618538527776155
"[0.0002955651942219217, 0.0002929345927248358, 0.00028675494134765224, 0.00029200289779487347, 0.0002865501998747018, 0.00020657190942279283, 7.292615726353391e-05, 0.00016451746112546974, -6.980608974965438e-05]",0.011523467784181288,0.5646499214248831,49.0,0.3115059063511689
"[0.0003002268768809417, 0.0002955651942219217, 0.0002929345927248358, 0.0002853306272813749, 0.0002946698085506152, 0.00021548979140543258, 7.727145475834776e-05, 0.00015199889318883003, -7.146116693100129e-05]",0.011523467784181288,0.5761733892090645,50.0,0.29144525074489797
"[0.0003065744879824466, 0.0003002268768809417, 0.0002955651942219217, 0.00028675494134765224, 0.0002977574819794219, 0.0002378230456473708, 8.349729298428633e-05, 0.00014625796607518174, -6.646723364393105e-05]",0.011523467784181288,0.5876968569932457,51.0,0.2946416881356634
"[0.0003070798938663774, 0.0003065744879824466, 0.0003002268768809417, 0.0002929345927248358, 0.00029425552793015315, 0.0002601535361957485, 9.01225107591592e-05, 0.00013791954187043895, -5.9590807730941035e-05]",0.011523467784181288,0.599220324777427,52.0,0.408281502579179
"[0.0003076175924077022, 0.0003070798938663774, 0.0003065744879824466, 0.0002955651942219217, 0.00029200289779487347, 0.0002682496183705931, 9.978048299538926e-05, 0.0001299801694919521, -5.775906416512449e-05]",0.011523467784181288,0.6107437925616083,53.0,0.4881786029076073
"[0.00031725881264386155, 0.0003076175924077022, 0.0003070798938663774, 0.0003002268768809417, 0.0002853306272813749, 0.00026786714302078394, 9.947112093025226e-05, 0.00012603453815082983, -5.9869920710517225e-05]",0.011523467784181288,0.6222672603457896,54.0,0.5822734161488461
"[0.00032655423237830345, 0.00031725881264386155, 0.0003076175924077022, 0.0003065744879824466, 0.00028675494134765224, 0.0002725510706776357, 0.00010333305002309832, 0.0001299801509662153, -5.705003871520402e-05]",0.011523467784181288,0.6337907281299708,55.0,0.56799102716019
"[0.00033660009453504824, 0.00032655423237830345, 0.00031725881264386155, 0.0003070798938663774, 0.0002929345927248358, 0.00027671927576158157, 0.00011999477115944364, 0.00013578886190342078, -5.8380588839175086e-05]",0.011523467784181288,0.6453141959141522,56.0,0.670902232911987
"[0.0003391495041346602, 0.00033660009453504824, 0.00032655423237830345, 0.0003076175924077022, 0.0002955651942219217, 0.0002865501998747018, 0.00013258956527255713, 0.00014108984475400842, -5.2758965175261e-05]",0.011523467784181288,0.6568376636983334,57.0,0.7607314427932469
"[0.00034739381148548285, 0.0003391495041346602, 0.00033660009453504824, 0.00031725881264386155, 0.0003002268768809417, 0.0002946698085506152, 0.00015158952337394313, 0.0001438559925857091, -4.890927414023145e-05]",0.011523467784181288,0.6683611314825147,58.0,0.7878265613704439
"[0.00035767578885452446, 0.00034739381148548285, 0.0003391495041346602, 0.00032655423237830345, 0.0003065744879824466, 0.0002977574819794219, 0.00016822625632043162, 0.00014519812898834618, -5.2616528172081306e-05]",0.011523467784181288,0.679884599266696,59.0,0.7837059131908056
"[0.00036389261866064706, 0.00035767578885452446, 0.00034739381148548285, 0.00033660009453504824, 0.0003070798938663774, 0.00029425552793015315, 0.0001929946023635922, 0.0001473271759680296, -5.570533000146428e-05]",0.011523467784181288,0.6914080670508773,60.0,0.7891357456633548
"[0.00036581664565014715, 0.00036389261866064706, 0.00035767578885452446, 0.0003391495041346602, 0.0003076175924077022, 0.00029200289779487347, 0.00020628213656512958, 0.00014605486442577196, -5.357237792839934e-05]",0.011523467784181288,0.7029315348350585,61.0,0.8138569617763193
"[0.0003670095009861339, 0.00036581664565014715, 0.00036389261866064706, 0.00034739381148548285, 0.00031725881264386155, 0.0002853306272813749, 0.0002085767697768143, 0.00013819268102435755, -3.51181390925112e-05]",0.011523467784181288,0.7144550026192399,62.0,0.8303523111469598
"[0.000369975782577987, 0.0003670095009861339, 0.00036581664565014715, 0.00035767578885452446, 0.00032655423237830345, 0.00028675494134765224, 0.00021137489971021636, 0.00014512983141599638, -3.307510552951874e-05]",0.011523467784181288,0.7259784704034211,63.0,0.9182626395289848
"[0.00037287729233513204, 0.000369975782577987, 0.0003670095009861339, 0.00036389261866064706, 0.00033660009453504824, 0.0002929345927248358, 0.00020593685549588248, 0.000146262595455066, -2.7280869560931395e-05]",0.011523467784181288,0.7375019381876025,64.0,0.9711461226653548
"[0.0003866794879582467, 0.00037287729233513204, 0.000369975782577987, 0.00036581664565014715, 0.0003391495041346602, 0.0002955651942219217, 0.00020657190942279283, 0.00014342102452230123, -2.859009459088523e-05]",0.011523467784181288,0.7490254059717838,65.0,0.9843838179586787
"[0.000407653556196302, 0.0003866794879582467, 0.00037287729233513204, 0.0003670095009861339, 0.00034739381148548285, 0.0003002268768809417, 0.00021548979140543258, 0.00013791776356538097, -2.880500314411551e-05]",0.011523467784181288,0.760548873755965,66.0,0.9891955244158513
"[0.00042383482490419513, 0.000407653556196302, 0.0003866794879582467, 0.000369975782577987, 0.00035767578885452446, 0.0003065744879824466, 0.0002378230456473708, 0.00013638938780669195, -2.363931122506288e-05]",0.011523467784181288,0.7720723415401464,67.0,0.9931192277374086
"[0.0004346955296261478, 0.00042383482490419513, 0.000407653556196302, 0.00037287729233513204, 0.00036389261866064706, 0.0003070798938663774, 0.0002601535361957485, 0.00013539908883532416, -1.7284199055786386e-05]",0.011523467784181288,0.7835958093243276,68.0,0.9902649837848299
"[0.00044466474093290243, 0.0004346955296261478, 0.00042383482490419513, 0.0003866794879582467, 0.00036581664565014715, 0.0003076175924077022, 0.0002682496183705931, 0.00013639455909474876, -1.6121769493139835e-05]",0.011523467784181288,0.7951192771085089,69.0,0.9869590378367498
"[0.00044391275570905125, 0.00044466474093290243, 0.0004346955296261478, 0.000407653556196302, 0.0003670095009861339, 0.00031725881264386155, 0.00026786714302078394, 0.00013457070131689955, -1.3216665207536217e-05]",0.011523467784181288,0.8066427448926902,70.0,0.9899757766239915
"[0.0004397560595255597, 0.00044391275570905125, 0.00044466474093290243, 0.00042383482490419513, 0.000369975782577987, 0.00032655423237830345, 0.0002725510706776357, 0.00012807346906926634, -4.786560236536109e-07]",0.011523467784181288,0.8181662126768715,71.0,0.98424977974607
"[0.0004416137463275968, 0.0004397560595255597, 0.00044391275570905125, 0.0004346955296261478, 0.00037287729233513204, 0.00033660009453504824, 0.00027671927576158157, 0.00012083742225011665, 1.7578039782182577e-05]",0.011523467784181288,0.8296896804610527,72.0,0.977485890079526
"[0.0004363346091229829, 0.0004416137463275968, 0.0004397560595255597, 0.00044466474093290243, 0.0003866794879582467, 0.0003391495041346602, 0.0002865501998747018, 0.00011255550611731598, 3.234662222352577e-05]",0.011523467784181288,0.8412131482452341,73.0,0.9672303266553556
"[0.0004294567443254243, 0.0004363346091229829, 0.0004416137463275968, 0.00044391275570905125, 0.000407653556196302, 0.00034739381148548285, 0.0002946698085506152, 0.0001021193315402368, 3.9395445637309116e-05]",0.011523467784181288,0.8527366160294153,74.0,0.9636049499744601
"[0.0004215734205766699, 0.0004294567443254243, 0.0004363346091229829, 0.0004397560595255597, 0.00042383482490419513, 0.00035767578885452446, 0.0002977574819794219, 9.122033486790943e-05, 4.0862125068499315e-05]",0.011523467784181288,0.8642600838135966,75.0,0.939699637567264
"[0.0004170358135429553, 0.0004215734205766699, 0.0004294567443254243, 0.0004416137463275968, 0.0004346955296261478, 0.00036389261866064706, 0.00029425552793015315, 8.878899640695497e-05, 4.037242243161147e-05]",0.011523467784181288,0.8757835515977779,76.0,0.9182771542939849
"[0.00040803648838057916, 0.0004170358135429553, 0.0004215734205766699, 0.0004363346091229829, 0.00044466474093290243, 0.00036581664565014715, 0.00029200289779487347, 8.725952591970581e-05, 4.57416416166635e-05]",0.011523467784181288,0.8873070193819592,77.0,0.9247669063077323
"[0.0003999625005325664, 0.00040803648838057916, 0.0004170358135429553, 0.0004294567443254243, 0.00044391275570905125, 0.0003670095009861339, 0.0002853306272813749, 8.087473704015604e-05, 4.8256026291518e-05]",0.011523467784181288,0.8988304871661404,78.0,0.9146900797437807
"[0.00039800075376880044, 0.0003999625005325664, 0.00040803648838057916, 0.0004215734205766699, 0.0004397560595255597, 0.000369975782577987, 0.00028675494134765224, 7.880856188242342e-05, 3.507765851628079e-05]",0.011523467784181288,0.9103539549503218,79.0,0.9325145360309042
"[0.0003953261324053622, 0.00039800075376880044, 0.0003999625005325664, 0.0004170358135429553, 0.0004416137463275968, 0.00037287729233513204, 0.0002929345927248358, 7.5131452953972e-05, 2.3668901377438284e-05]",0.011523467784181288,0.921877422734503,80.0,0.940378795309859
"[0.00039777607306798116, 0.0003953261324053622, 0.00039800075376880044, 0.00040803648838057916, 0.0004363346091229829, 0.0003866794879582467, 0.0002955651942219217, 7.292615726353391e-05, 1.6326099956412775e-05]",0.011523467784181288,0.9334008905186844,81.0,0.9750817622678212
"[0.0004005453197903064, 0.00039777607306798116, 0.0003953261324053622, 0.0003999625005325664, 0.0004294567443254243, 0.000407653556196302, 0.0003002268768809417, 7.727145475834776e-05, 1.6758018073963327e-05]",0.011523467784181288,0.9449243583028657,82.0,0.9853116986248373
"[0.0004140248485005216, 0.0004005453197903064, 0.00039777607306798116, 0.00039800075376880044, 0.0004215734205766699, 0.00042383482490419513, 0.0003065744879824466, 8.349729298428633e-05, 2.184657146171423e-05]",0.011523467784181288,0.9564478260870469,83.0,0.9959931727695448
"[0.00042634980663225813, 0.0004140248485005216, 0.0004005453197903064, 0.0003953261324053622, 0.0004170358135429553, 0.0004346955296261478, 0.0003070798938663774, 9.01225107591592e-05, 3.315523370527738e-05]",0.011523467784181288,0.9679712938712283,84.0,0.9991872652597376
"[0.0004478038377112622, 0.00042634980663225813, 0.0004140248485005216, 0.00039777607306798116, 0.00040803648838057916, 0.00044466474093290243, 0.0003076175924077022, 9.978048299538926e-05, 4.171169291876025e-05]",0.011523467784181288,0.9794947616554095,85.0,0.9994104580687829
"[0.0004752342185861698, 0.0004478038377112622, 0.00042634980663225813, 0.0004005453197903064, 0.0003999625005325664, 0.00044391275570905125, 0.00031725881264386155, 9.947112093025226e-05, 4.922738401027821e-05]",0.011523467784181288,0.9910182294395908,86.0,0.9994474928523431
"[0.0004894861820184862, 0.0004752342185861698, 0.0004478038377112622, 0.0004140248485005216, 0.00039800075376880044, 0.0004397560595255597, 0.00032655423237830345, 0.00010333305002309832, 6.294261659115462e-05]",0.011523467784181288,1.0025416972237722,87.0,0.999448703767148
"[0.00049589498331117, 0.0004894861820184862, 0.0004752342185861698, 0.00042634980663225813, 0.0003953261324053622, 0.0004416137463275968, 0.00033660009453504824, 0.00011999477115944364, 7.498465120815698e-05]",0.011523467784181288,1.0140651650079533,88.0,0.9992725813763654
"[0.0004985308664481359, 0.00049589498331117, 0.0004894861820184862, 0.0004478038377112622, 0.00039777607306798116, 0.0004363346091229829, 0.0003391495041346602, 0.00013258956527255713, 8.327715700194215e-05]",0.011523467784181288,1.0255886327921346,89.0,0.9997762690849564
"[0.0004964910712916702, 0.0004985308664481359, 0.00049589498331117, 0.0004752342185861698, 0.0004005453197903064, 0.0004294567443254243, 0.00034739381148548285, 0.00015158952337394313, 0.00010166048990028429]",0.011523467784181288,1.037112100576316,90.0,0.9997424068963862
"[0.0005085317361743128, 0.0004964910712916702, 0.0004985308664481359, 0.0004894861820184862, 0.0004140248485005216, 0.0004215734205766699, 0.00035767578885452446, 0.00016822625632043162, 0.00011405212765114626]",0.011523467784181288,1.0486355683604973,91.0,0.9997996467785668
"[0.000511911041721776, 0.0005085317361743128, 0.0004964910712916702, 0.00049589498331117, 0.00042634980663225813, 0.0004170358135429553, 0.00036389261866064706, 0.0001929946023635922, 0.00012714658516431305]",0.011523467784181288,1.0601590361446784,92.0,0.9999412857918532
"[0.0005159485727261706, 0.000511911041721776, 0.0005085317361743128, 0.0004985308664481359, 0.0004478038377112622, 0.00040803648838057916, 0.00036581664565014715, 0.00020628213656512958, 0.00013697924303160118]",0.011523467784181288,1.0716825039288598,93.0,0.9999569138493618
"[0.000530594893935463, 0.0005159485727261706, 0.000511911041721776, 0.0004964910712916702, 0.0004752342185861698, 0.0003999625005325664, 0.0003670095009861339, 0.0002085767697768143, 0.00014816101860594085]",0.011523467784181288,1.0832059717130411,94.0,0.9999833949193433
"[0.0005396794161405326, 0.000530594893935463, 0.0005159485727261706, 0.0005085317361743128, 0.0004894861820184862, 0.00039800075376880044, 0.000369975782577987, 0.00021137489971021636, 0.0001539406263318023]",0.011523467784181288,1.0947294394972225,95.0,0.9999881995198706
"[0.0005530970880280255, 0.0005396794161405326, 0.000530594893935463, 0.000511911041721776, 0.00049589498331117, 0.0003953261324053622, 0.00037287729233513204, 0.00020593685549588248, 0.00015563782468308297]",0.011523467784181288,1.1062529072814038,96.0,0.9999792328261742
"[0.0005617536022076741, 0.0005530970880280255, 0.0005396794161405326, 0.0005159485727261706, 0.0004985308664481359, 0.00039777607306798116, 0.0003866794879582467, 0.00020657190942279283, 0.00016126042732558]",0.011523467784181288,1.117776375065585,97.0,0.9999900934705056
"[0.0005595881609821942, 0.0005617536022076741, 0.0005530970880280255, 0.000530594893935463, 0.0004964910712916702, 0.0004005453197903064, 0.000407653556196302, 0.00021548979140543258, 0.00017014751913216943]",0.011523467784181288,1.1292998428497663,98.0,0.9999963317601595
"[0.0005659479875570326, 0.0005595881609821942, 0.0005617536022076741, 0.0005396794161405326, 0.0005085317361743128, 0.0004140248485005216, 0.00042383482490419513, 0.0002378230456473708, 0.0001683811411168194]",0.011523467784181288,1.1408233106339476,99.0,0.9999971063386887
"[0.0005780887961692274, 0.0005659479875570326, 0.0005595881609821942, 0.0005530970880280255, 0.000511911041721776, 0.00042634980663225813, 0.0004346955296261478, 0.0002601535361957485, 0.0001720408778835442]",0.011523467784181288,1.152346778418129,100.0,0.999998247249392
"[0.0005851631013543747, 0.0005780887961692274, 0.0005659479875570326, 0.0005617536022076741, 0.0005159485727261706, 0.0004478038377112622, 0.00044466474093290243, 0.0002682496183705931, 0.0001829281695078702]",0.011523467784181288,1.16387024620231,101.0,0.9999988851588923
"[0.0005928076303636435, 0.0005851631013543747, 0.0005780887961692274, 0.0005595881609821942, 0.000530594893935463, 0.0004752342185861698, 0.00044391275570905125, 0.00026786714302078394, 0.00019285136728837784]",0.011523467784181288,1.1753937139864914,102.0,0.9999993752250631
"[0.0005999704842295947, 0.0005928076303636435, 0.0005851631013543747, 0.0005659479875570326, 0.0005396794161405326, 0.0004894861820184862, 0.0004397560595255597, 0.0002725510706776357, 0.00020778408325366994]",0.011523467784181288,1.1869171817706727,103.0,0.9999996447938103
"[0.0006082565418018859, 0.0005999704842295947, 0.0005928076303636435, 0.0005780887961692274, 0.0005530970880280255, 0.00049589498331117, 0.0004416137463275968, 0.00027671927576158157, 0.00021467896162541875]",0.011523467784181288,1.198440649554854,104.0,0.9999999624013918
"[0.0006168200193876327, 0.0006082565418018859, 0.0005999704842295947, 0.0005851631013543747, 0.0005617536022076741, 0.0004985308664481359, 0.0004363346091229829, 0.0002865501998747018, 0.00021060426574839503]",0.011523467784181288,1.2099641173390352,105.0,0.9999999929717832
"[0.0006405513049135692, 0.0006168200193876327, 0.0006082565418018859, 0.0005928076303636435, 0.0005595881609821942, 0.0004964910712916702, 0.0004294567443254243, 0.0002946698085506152, 0.00020855188591917774]",0.011523467784181288,1.2214875851232165,106.0,0.9999999967627895
"[0.0006641994370365989, 0.0006405513049135692, 0.0006168200193876327, 0.0005999704842295947, 0.0005659479875570326, 0.0005085317361743128, 0.0004215734205766699, 0.0002977574819794219, 0.00020688727555013056]",0.011523467784181288,1.2330110529073979,107.0,0.9999999968735476
"[0.0006796230748036978, 0.0006641994370365989, 0.0006405513049135692, 0.0006082565418018859, 0.0005780887961692274, 0.000511911041721776, 0.0004170358135429553, 0.00029425552793015315, 0.00020443498076729905]",0.011523467784181288,1.2445345206915792,108.0,0.9999999982016452
"[0.0006859269107200547, 0.0006796230748036978, 0.0006641994370365989, 0.0006168200193876327, 0.0005851631013543747, 0.0005159485727261706, 0.00040803648838057916, 0.00029200289779487347, 0.00020181111194570648]",0.011523467784181288,1.2560579884757603,109.0,0.9999999964060154
"[0.0006927874214722888, 0.0006859269107200547, 0.0006796230748036978, 0.0006405513049135692, 0.0005928076303636435, 0.000530594893935463, 0.0003999625005325664, 0.0002853306272813749, 0.00019298902214426019]",0.011523467784181288,1.2675814562599417,110.0,0.9999999957604966
"[0.0006900221109095653, 0.0006927874214722888, 0.0006859269107200547, 0.0006641994370365989, 0.0005999704842295947, 0.0005396794161405326, 0.00039800075376880044, 0.00028675494134765224, 0.00018402418229733456]",0.011523467784181288,1.279104924044123,111.0,0.9999999924201821
"[0.0006875276638189418, 0.0006900221109095653, 0.0006927874214722888, 0.0006796230748036978, 0.0006082565418018859, 0.0005530970880280255, 0.0003953261324053622, 0.0002929345927248358, 0.0001779197902770761]",0.011523467784181288,1.2906283918283044,112.0,0.9999999914138984
"[0.0006817231658276253, 0.0006875276638189418, 0.0006900221109095653, 0.0006859269107200547, 0.0006168200193876327, 0.0005617536022076741, 0.00039777607306798116, 0.0002955651942219217, 0.00016451746112546974]",0.011523467784181288,1.3021518596124857,113.0,0.9999999869057256
"[0.0006782561643978379, 0.0006817231658276253, 0.0006875276638189418, 0.0006927874214722888, 0.0006405513049135692, 0.0005595881609821942, 0.0004005453197903064, 0.0003002268768809417, 0.00015199889318883003]",0.011523467784181288,1.3136753273966668,114.0,0.9999999977466656
"[0.0006734143525508399, 0.0006782561643978379, 0.0006817231658276253, 0.0006900221109095653, 0.0006641994370365989, 0.0005659479875570326, 0.0004140248485005216, 0.0003065744879824466, 0.00014625796607518174]",0.011523467784181288,1.3251987951808482,115.0,0.9999999989028441
"[0.0006859639295451713, 0.0006734143525508399, 0.0006782561643978379, 0.0006875276638189418, 0.0006796230748036978, 0.0005780887961692274, 0.00042634980663225813, 0.0003070798938663774, 0.00013791954187043895]",0.011523467784181288,1.3367222629650295,116.0,0.9999999996747738
"[0.0006966978411239886, 0.0006859639295451713, 0.0006734143525508399, 0.0006817231658276253, 0.0006859269107200547, 0.0005851631013543747, 0.0004478038377112622, 0.0003076175924077022, 0.0001299801694919521]",0.011523467784181288,1.3482457307492108,117.0,0.9999999998963944
"[0.0007106206278676897, 0.0006966978411239886, 0.0006859639295451713, 0.0006782561643978379, 0.0006927874214722888, 0.0005928076303636435, 0.0004752342185861698, 0.00031725881264386155, 0.00012603453815082983]",0.011523467784181288,1.359769198533392,118.0,0.9999999999891714
"[0.0007249685267812154, 0.0007106206278676897, 0.0006966978411239886, 0.0006734143525508399, 0.0006900221109095653, 0.0005999704842295947, 0.0004894861820184862, 0.00032655423237830345, 0.0001299801509662153]",0.011523467784181288,1.3712926663175733,119.0,0.9999999999972071
"[0.0007497714773905205, 0.0007249685267812154, 0.0007106206278676897, 0.0006859639295451713, 0.0006875276638189418, 0.0006082565418018859, 0.00049589498331117, 0.00033660009453504824, 0.00013578886190342078]",0.011523467784181288,1.3828161341017546,120.0,0.9999999999975839
"[0.0007672667208193187, 0.0007497714773905205, 0.0007249685267812154, 0.0006966978411239886, 0.0006817231658276253, 0.0006168200193876327, 0.0004985308664481359, 0.0003391495041346602, 0.00014108984475400842]",0.011523467784181288,1.394339601885936,121.0,0.999999999997861
"[0.0007754867789955232, 0.0007672667208193187, 0.0007497714773905205, 0.0007106206278676897, 0.0006782561643978379, 0.0006405513049135692, 0.0004964910712916702, 0.00034739381148548285, 0.0001438559925857091]",0.011523467784181288,1.405863069670117,122.0,0.9999999999965928
"[0.0007796513423670721, 0.0007754867789955232, 0.0007672667208193187, 0.0007249685267812154, 0.0006734143525508399, 0.0006641994370365989, 0.0005085317361743128, 0.00035767578885452446, 0.00014519812898834618]",0.011523467784181288,1.4173865374542984,123.0,0.9999999999987684
"[0.0007781330667057189, 0.0007796513423670721, 0.0007754867789955232, 0.0007497714773905205, 0.0006859639295451713, 0.0006796230748036978, 0.000511911041721776, 0.00036389261866064706, 0.0001473271759680296]",0.011523467784181288,1.4289100052384798,124.0,0.9999999999979235
"[0.0007845122440572873, 0.0007781330667057189, 0.0007796513423670721, 0.0007672667208193187, 0.0006966978411239886, 0.0006859269107200547, 0.0005159485727261706, 0.00036581664565014715, 0.00014605486442577196]",0.011523467784181288,1.4404334730226611,125.0,0.9999999999958512
"[0.0007835129682250935, 0.0007845122440572873, 0.0007781330667057189, 0.0007754867789955232, 0.0007106206278676897, 0.0006927874214722888, 0.000530594893935463, 0.0003670095009861339, 0.00013819268102435755]",0.011523467784181288,1.4519569408068422,126.0,0.9999999999986492
"[0.0007781523765676958, 0.0007835129682250935, 0.0007845122440572873, 0.0007796513423670721, 0.0007249685267812154, 0.0006900221109095653, 0.0005396794161405326, 0.000369975782577987, 0.00014512983141599638]",0.011523467784181288,1.4634804085910236,127.0,0.9999999999990787
"[0.0007912722313250943, 0.0007781523765676958, 0.0007835129682250935, 0.0007781330667057189, 0.0007497714773905205, 0.0006875276638189418, 0.0005530970880280255, 0.00037287729233513204, 0.000146262595455066]",0.011523467784181288,1.475003876375205,128.0,0.9999999999997959
"[0.0008054210621653734, 0.0007912722313250943, 0.0007781523765676958, 0.0007845122440572873, 0.0007672667208193187, 0.0006817231658276253, 0.0005617536022076741, 0.0003866794879582467, 0.00014342102452230123]",0.011523467784181288,1.4865273441593863,129.0,0.9999999999992393
"[0.0008088855156651113, 0.0008054210621653734, 0.0007912722313250943, 0.0007835129682250935, 0.0007754867789955232, 0.0006782561643978379, 0.0005595881609821942, 0.000407653556196302, 0.00013791776356538097]",0.011523467784181288,1.4980508119435676,130.0,0.9999999999996034
"[0.0008010397692934909, 0.0008088855156651113, 0.0008054210621653734, 0.0007781523765676958, 0.0007796513423670721, 0.0006734143525508399, 0.0005659479875570326, 0.00042383482490419513, 0.00013638938780669195]",0.011523467784181288,1.5095742797277487,131.0,0.9999999999994258
"[0.0008019704602918667, 0.0008010397692934909, 0.0008088855156651113, 0.0007912722313250943, 0.0007781330667057189, 0.0006859639295451713, 0.0005780887961692274, 0.0004346955296261478, 0.00013539908883532416]",0.011523467784181288,1.52109774751193,132.0,0.999999999997739
"[0.0008116110637520433, 0.0008019704602918667, 0.0008010397692934909, 0.0008054210621653734, 0.0007845122440572873, 0.0006966978411239886, 0.0005851631013543747, 0.00044466474093290243, 0.00013639455909474876]",0.011523467784181288,1.5326212152961114,133.0,0.9999999999977938
"[0.0008277005489749072, 0.0008116110637520433, 0.0008019704602918667, 0.0008088855156651113, 0.0007835129682250935, 0.0007106206278676897, 0.0005928076303636435, 0.00044391275570905125, 0.00013457070131689955]",0.011523467784181288,1.5441446830802927,134.0,0.9999999999995136
"[0.0008454688202976153, 0.0008277005489749072, 0.0008116110637520433, 0.0008010397692934909, 0.0007781523765676958, 0.0007249685267812154, 0.0005999704842295947, 0.0004397560595255597, 0.00012807346906926634]",0.011523467784181288,1.5556681508644739,135.0,0.9999999999996602
"[0.000855452322834859, 0.0008454688202976153, 0.0008277005489749072, 0.0008019704602918667, 0.0007912722313250943, 0.0007497714773905205, 0.0006082565418018859, 0.0004416137463275968, 0.00012083742225011665]",0.011523467784181288,1.5671916186486552,136.0,0.9999999999976599
"[0.0008624277545665003, 0.000855452322834859, 0.0008454688202976153, 0.0008116110637520433, 0.0008054210621653734, 0.0007672667208193187, 0.0006168200193876327, 0.0004363346091229829, 0.00011255550611731598]",0.011523467784181288,1.5787150864328365,137.0,0.9999999999993966
"[0.0008802239214985375, 0.0008624277545665003, 0.000855452322834859, 0.0008277005489749072, 0.0008088855156651113, 0.0007754867789955232, 0.0006405513049135692, 0.0004294567443254243, 0.0001021193315402368]",0.011523467784181288,1.5902385542170179,138.0,0.9999999999958208
"[0.000891203938999643, 0.0008802239214985375, 0.0008624277545665003, 0.0008454688202976153, 0.0008010397692934909, 0.0007796513423670721, 0.0006641994370365989, 0.0004215734205766699, 9.122033486790943e-05]",0.011523467784181288,1.601762022001199,139.0,0.9999999999625045
"[0.0009122326913244304, 0.000891203938999643, 0.0008802239214985375, 0.000855452322834859, 0.0008019704602918667, 0.0007781330667057189, 0.0006796230748036978, 0.0004170358135429553, 8.878899640695497e-05]",0.011523467784181288,1.6132854897853803,140.0,0.999999999995668
"[0.0009387612277519979, 0.0009122326913244304, 0.000891203938999643, 0.0008624277545665003, 0.0008116110637520433, 0.0007845122440572873, 0.0006859269107200547, 0.00040803648838057916, 8.725952591970581e-05]",0.011523467784181288,1.6248089575695617,141.0,0.9999999999975004
"[0.000955959560195475, 0.0009387612277519979, 0.0009122326913244304, 0.0008802239214985375, 0.0008277005489749072, 0.0007835129682250935, 0.0006927874214722888, 0.0003999625005325664, 8.087473704015604e-05]",0.011523467784181288,1.636332425353743,142.0,0.9999999999986686
"[0.0009682791529350705, 0.000955959560195475, 0.0009387612277519979, 0.000891203938999643, 0.0008454688202976153, 0.0007781523765676958, 0.0006900221109095653, 0.00039800075376880044, 7.880856188242342e-05]",0.011523467784181288,1.6478558931379241,143.0,0.9999999999983247
"[0.0009773773876025043, 0.0009682791529350705, 0.000955959560195475, 0.0009122326913244304, 0.000855452322834859, 0.0007912722313250943, 0.0006875276638189418, 0.0003953261324053622, 7.5131452953972e-05]",0.011523467784181288,1.6593793609221055,144.0,0.9999999999993852
"[0.0009882183667569739, 0.0009773773876025043, 0.0009682791529350705, 0.0009387612277519979, 0.0008624277545665003, 0.0008054210621653734, 0.0006817231658276253, 0.00039777607306798116, 7.292615726353391e-05]",0.011523467784181288,1.6709028287062868,145.0,0.999999999997143
"[0.0009928789992700302, 0.0009882183667569739, 0.0009773773876025043, 0.000955959560195475, 0.0008802239214985375, 0.0008088855156651113, 0.0006782561643978379, 0.0004005453197903064, 7.727145475834776e-05]",0.011523467784181288,1.6824262964904682,146.0,0.9999999999994418
"[0.0010041557205222116, 0.0009928789992700302, 0.0009882183667569739, 0.0009682791529350705, 0.000891203938999643, 0.0008010397692934909, 0.0006734143525508399, 0.0004140248485005216, 8.349729298428633e-05]",0.011523467784181288,1.6939497642746495,147.0,0.9999999999990432
"[0.0010089857139957412, 0.0010041557205222116, 0.0009928789992700302, 0.0009773773876025043, 0.0009122326913244304, 0.0008019704602918667, 0.0006859639295451713, 0.00042634980663225813, 9.01225107591592e-05]",0.011523467784181288,1.7054732320588306,148.0,0.9999999999922835
"[0.0010179442541286916, 0.0010089857139957412, 0.0010041557205222116, 0.0009882183667569739, 0.0009387612277519979, 0.0008116110637520433, 0.0006966978411239886, 0.0004478038377112622, 9.978048299538926e-05]",0.011523467784181288,1.716996699843012,149.0,0.9999999999966733
"[0.001035984675016561, 0.0010179442541286916, 0.0010089857139957412, 0.0009928789992700302, 0.000955959560195475, 0.0008277005489749072, 0.0007106206278676897, 0.0004752342185861698, 9.947112093025226e-05]",0.011523467784181288,1.7285201676271933,150.0,0.9999999999939695
"[0.0010477588020358542, 0.001035984675016561, 0.0010179442541286916, 0.0010041557205222116, 0.0009682791529350705, 0.0008454688202976153, 0.0007249685267812154, 0.0004894861820184862, 0.00010333305002309832]",0.011523467784181288,1.7400436354113746,151.0,0.9999999999936027
"[0.0010589904877368714, 0.0010477588020358542, 0.001035984675016561, 0.0010089857139957412, 0.0009773773876025043, 0.000855452322834859, 0.0007497714773905205, 0.00049589498331117, 0.00011999477115944364]",0.011523467784181288,1.7515671031955558,152.0,0.9999999999983119
"[0.0010707795827056105, 0.0010589904877368714, 0.0010477588020358542, 0.0010179442541286916, 0.0009882183667569739, 0.0008624277545665003, 0.0007672667208193187, 0.0004985308664481359, 0.00013258956527255713]",0.011523467784181288,1.763090570979737,153.0,0.9999999999997227
"[0.0010765387547650262, 0.0010707795827056105, 0.0010589904877368714, 0.001035984675016561, 0.0009928789992700302, 0.0008802239214985375, 0.0007754867789955232, 0.0004964910712916702, 0.00015158952337394313]",0.011523467784181288,1.7746140387639184,154.0,0.9999999999996445
"[0.0010694086500892522, 0.0010765387547650262, 0.0010707795827056105, 0.0010477588020358542, 0.0010041557205222116, 0.000891203938999643, 0.0007796513423670721, 0.0005085317361743128, 0.00016822625632043162]",0.011523467784181288,1.7861375065480998,155.0,0.9999999999992762
"[0.0010627964410128894, 0.0010694086500892522, 0.0010765387547650262, 0.0010589904877368714, 0.0010089857139957412, 0.0009122326913244304, 0.0007781330667057189, 0.000511911041721776, 0.0001929946023635922]",0.011523467784181288,1.797660974332281,156.0,0.9999999999992988
"[0.0010611192960156485, 0.0010627964410128894, 0.0010694086500892522, 0.0010707795827056105, 0.0010179442541286916, 0.0009387612277519979, 0.0007845122440572873, 0.0005159485727261706, 0.00020628213656512958]",0.011523467784181288,1.8091844421164622,157.0,0.9999999999992142
"[0.0010612779158026212, 0.0010611192960156485, 0.0010627964410128894, 0.0010765387547650262, 0.001035984675016561, 0.000955959560195475, 0.0007835129682250935, 0.000530594893935463, 0.0002085767697768143]",0.011523467784181288,1.8207079099006436,158.0,0.9999999999995814
"[0.0010654699534386057, 0.0010612779158026212, 0.0010611192960156485, 0.0010694086500892522, 0.0010477588020358542, 0.0009682791529350705, 0.0007781523765676958, 0.0005396794161405326, 0.00021137489971021636]",0.011523467784181288,1.832231377684825,159.0,0.9999999999997207
"[0.001065508990399964, 0.0010654699534386057, 0.0010612779158026212, 0.0010627964410128894, 0.0010589904877368714, 0.0009773773876025043, 0.0007912722313250943, 0.0005530970880280255, 0.00020593685549588248]",0.011523467784181288,1.843754845469006,160.0,0.999999999999764
"[0.0010614721643695446, 0.001065508990399964, 0.0010654699534386057, 0.0010611192960156485, 0.0010707795827056105, 0.0009882183667569739, 0.0008054210621653734, 0.0005617536022076741, 0.00020657190942279283]",0.011523467784181288,1.8552783132531874,161.0,0.9999999999996602
"[0.0010542086831078867, 0.0010614721643695446, 0.001065508990399964, 0.0010612779158026212, 0.0010765387547650262, 0.0009928789992700302, 0.0008088855156651113, 0.0005595881609821942, 0.00021548979140543258]",0.011523467784181288,1.8668017810373687,162.0,0.9999999999994501
"[0.0010488404030289506, 0.0010542086831078867, 0.0010614721643695446, 0.0010654699534386057, 0.0010694086500892522, 0.0010041557205222116, 0.0008010397692934909, 0.0005659479875570326, 0.0002378230456473708]",0.011523467784181288,1.87832524882155,163.0,0.999999999992785
"[0.00104822661788785, 0.0010488404030289506, 0.0010542086831078867, 0.001065508990399964, 0.0010627964410128894, 0.0010089857139957412, 0.0008019704602918667, 0.0005780887961692274, 0.0002601535361957485]",0.011523467784181288,1.8898487166057314,164.0,0.9999999999887748
"[0.0010587864482381531, 0.00104822661788785, 0.0010488404030289506, 0.0010614721643695446, 0.0010611192960156485, 0.0010179442541286916, 0.0008116110637520433, 0.0005851631013543747, 0.0002682496183705931]",0.011523467784181288,1.9013721843899125,165.0,0.999999999975136
"[0.0010730321308395116, 0.0010587864482381531, 0.00104822661788785, 0.0010542086831078867, 0.0010612779158026212, 0.001035984675016561, 0.0008277005489749072, 0.0005928076303636435, 0.00026786714302078394]",0.011523467784181288,1.9128956521740939,166.0,0.9999999999159185
"[0.001090245471194485, 0.0010730321308395116, 0.0010587864482381531, 0.0010488404030289506, 0.0010654699534386057, 0.0010477588020358542, 0.0008454688202976153, 0.0005999704842295947, 0.0002725510706776357]",0.011523467784181288,1.9244191199582752,167.0,0.9999999999967386
"[0.0011092123711607883, 0.001090245471194485, 0.0010730321308395116, 0.00104822661788785, 0.001065508990399964, 0.0010589904877368714, 0.000855452322834859, 0.0006082565418018859, 0.00027671927576158157]",0.011523467784181288,1.9359425877424565,168.0,0.9999999999977496
"[0.001117199711097416, 0.0011092123711607883, 0.001090245471194485, 0.0010587864482381531, 0.0010614721643695446, 0.0010707795827056105, 0.0008624277545665003, 0.0006168200193876327, 0.0002865501998747018]",0.011523467784181288,1.9474660555266377,169.0,0.9999999999995668
"[0.0011231338248077207, 0.001117199711097416, 0.0011092123711607883, 0.0010730321308395116, 0.0010542086831078867, 0.0010765387547650262, 0.0008802239214985375, 0.0006405513049135692, 0.0002946698085506152]",0.011523467784181288,1.958989523310819,170.0,0.9999999999992596
"[0.001119181830784341, 0.0011231338248077207, 0.001117199711097416, 0.001090245471194485, 0.0010488404030289506, 0.0010694086500892522, 0.000891203938999643, 0.0006641994370365989, 0.0002977574819794219]",0.011523467784181288,1.9705129910950003,171.0,0.999999999998852
"[0.0011179133190655042, 0.001119181830784341, 0.0011231338248077207, 0.0011092123711607883, 0.00104822661788785, 0.0010627964410128894, 0.0009122326913244304, 0.0006796230748036978, 0.00029425552793015315]",0.011523467784181288,1.9820364588791817,172.0,0.9999999999963163
"[0.001117708589670743, 0.0011179133190655042, 0.001119181830784341, 0.001117199711097416, 0.0010587864482381531, 0.0010611192960156485, 0.0009387612277519979, 0.0006859269107200547, 0.00029200289779487347]",0.011523467784181288,1.9935599266633628,173.0,0.9999999999988338
"[0.0011209281576681784, 0.001117708589670743, 0.0011179133190655042, 0.0011231338248077207, 0.0010730321308395116, 0.0010612779158026212, 0.000955959560195475, 0.0006927874214722888, 0.0002853306272813749]",0.011523467784181288,2.0050833944475444,174.0,0.9999999999995746
"[0.0011202819645344075, 0.0011209281576681784, 0.001117708589670743, 0.001119181830784341, 0.001090245471194485, 0.0010654699534386057, 0.0009682791529350705, 0.0006900221109095653, 0.00028675494134765224]",0.011523467784181288,2.0166068622317255,175.0,0.999999999999738
"[0.001116870729576977, 0.0011202819645344075, 0.0011209281576681784, 0.0011179133190655042, 0.0011092123711607883, 0.001065508990399964, 0.0009773773876025043, 0.0006875276638189418, 0.0002929345927248358]",0.011523467784181288,2.0281303300159066,176.0,0.999999999999658
"[0.0011092005180975966, 0.001116870729576977, 0.0011202819645344075, 0.001117708589670743, 0.001117199711097416, 0.0010614721643695446, 0.0009882183667569739, 0.0006817231658276253, 0.0002955651942219217]",0.011523467784181288,2.039653797800088,177.0,0.9999999999997049
"[0.0011047076157657866, 0.0011092005180975966, 0.001116870729576977, 0.0011209281576681784, 0.0011231338248077207, 0.0010542086831078867, 0.0009928789992700302, 0.0006782561643978379, 0.0003002268768809417]",0.011523467784181288,2.0511772655842693,178.0,0.9999999999995722
"[0.0010989982318557522, 0.0011047076157657866, 0.0011092005180975966, 0.0011202819645344075, 0.001119181830784341, 0.0010488404030289506, 0.0010041557205222116, 0.0006734143525508399, 0.0003065744879824466]",0.011523467784181288,2.062700733368451,179.0,0.9999999999973235
"[0.0010956755158201686, 0.0010989982318557522, 0.0011047076157657866, 0.001116870729576977, 0.0011179133190655042, 0.00104822661788785, 0.0010089857139957412, 0.0006859639295451713, 0.0003070798938663774]",0.011523467784181288,2.074224201152632,180.0,0.9999999999920594
"[0.001100514946471549, 0.0010956755158201686, 0.0010989982318557522, 0.0011092005180975966, 0.001117708589670743, 0.0010587864482381531, 0.0010179442541286916, 0.0006966978411239886, 0.0003076175924077022]",0.011523467784181288,2.085747668936813,181.0,0.9999999999964836
"[0.0011100068502356132, 0.001100514946471549, 0.0010956755158201686, 0.0011047076157657866, 0.0011209281576681784, 0.0010730321308395116, 0.001035984675016561, 0.0007106206278676897, 0.00031725881264386155]",0.011523467784181288,2.0972711367209946,182.0,0.9999999999774932
"[0.0011172192062920505, 0.0011100068502356132, 0.001100514946471549, 0.0010989982318557522, 0.0011202819645344075, 0.001090245471194485, 0.0010477588020358542, 0.0007249685267812154, 0.00032655423237830345]",0.011523467784181288,2.1087946045051758,183.0,0.9999999999504562
"[0.0011327306169485267, 0.0011172192062920505, 0.0011100068502356132, 0.0010956755158201686, 0.001116870729576977, 0.0011092123711607883, 0.0010589904877368714, 0.0007497714773905205, 0.00033660009453504824]",0.011523467784181288,2.120318072289357,184.0,0.9999999999925813
"[0.0011523811672700082, 0.0011327306169485267, 0.0011172192062920505, 0.001100514946471549, 0.0011092005180975966, 0.001117199711097416, 0.0010707795827056105, 0.0007672667208193187, 0.0003391495041346602]",0.011523467784181288,2.1318415400735384,185.0,0.999999999994458
"[0.0011662525369905113, 0.0011523811672700082, 0.0011327306169485267, 0.0011100068502356132, 0.0011047076157657866, 0.0011231338248077207, 0.0010765387547650262, 0.0007754867789955232, 0.00034739381148548285]",0.011523467784181288,2.1433650078577196,186.0,0.9999999999983112
"[0.0011781776149567059, 0.0011662525369905113, 0.0011523811672700082, 0.0011172192062920505, 0.0010989982318557522, 0.001119181830784341, 0.0010694086500892522, 0.0007796513423670721, 0.00035767578885452446]",0.011523467784181288,2.154888475641901,187.0,0.9999999999987936
"[0.0011845498292299152, 0.0011781776149567059, 0.0011662525369905113, 0.0011327306169485267, 0.0010956755158201686, 0.0011179133190655042, 0.0010627964410128894, 0.0007781330667057189, 0.00036389261866064706]",0.011523467784181288,2.1664119434260822,188.0,0.9999999999954418
"[0.0011872042352201885, 0.0011845498292299152, 0.0011781776149567059, 0.0011523811672700082, 0.001100514946471549, 0.001117708589670743, 0.0010611192960156485, 0.0007845122440572873, 0.00036581664565014715]",0.011523467784181288,2.1779354112102634,189.0,0.9999999999983212
"[0.0011944356211109903, 0.0011872042352201885, 0.0011845498292299152, 0.0011662525369905113, 0.0011100068502356132, 0.0011209281576681784, 0.0010612779158026212, 0.0007835129682250935, 0.0003670095009861339]",0.011523467784181288,2.189458878994445,190.0,0.9999999999665264
"[0.0011985191242068665, 0.0011944356211109903, 0.0011872042352201885, 0.0011781776149567059, 0.0011172192062920505, 0.0011202819645344075, 0.0010654699534386057, 0.0007781523765676958, 0.000369975782577987]",0.011523467784181288,2.200982346778626,191.0,0.9999999999962644
"[0.0012139657602186946, 0.0011985191242068665, 0.0011944356211109903, 0.0011845498292299152, 0.0011327306169485267, 0.001116870729576977, 0.001065508990399964, 0.0007912722313250943, 0.00037287729233513204]",0.011523467784181288,2.2125058145628076,192.0,0.999999999999165
"[0.0012213283446356807, 0.0012139657602186946, 0.0011985191242068665, 0.0011872042352201885, 0.0011523811672700082, 0.0011092005180975966, 0.0010614721643695446, 0.0008054210621653734, 0.0003866794879582467]",0.011523467784181288,2.2240292823469887,193.0,0.9999999999990848
"[0.001219274251454777, 0.0012213283446356807, 0.0012139657602186946, 0.0011944356211109903, 0.0011662525369905113, 0.0011047076157657866, 0.0010542086831078867, 0.0008088855156651113, 0.000407653556196302]",0.011523467784181288,2.23555275013117,194.0,0.9999999999984927
"[0.0012149308294914488, 0.001219274251454777, 0.0012213283446356807, 0.0011985191242068665, 0.0011781776149567059, 0.0010989982318557522, 0.0010488404030289506, 0.0008010397692934909, 0.00042383482490419513]",0.011523467784181288,2.2470762179153514,195.0,0.9999999999980391
"[0.0012130991806930769, 0.0012149308294914488, 0.001219274251454777, 0.0012139657602186946, 0.0011845498292299152, 0.0010956755158201686, 0.00104822661788785, 0.0008019704602918667, 0.0004346955296261478]",0.011523467784181288,2.2585996856995325,196.0,0.9999999999995212
"[0.0012143144701799605, 0.0012130991806930769, 0.0012149308294914488, 0.0012213283446356807, 0.0011872042352201885, 0.001100514946471549, 0.0010587864482381531, 0.0008116110637520433, 0.00044466474093290243]",0.011523467784181288,2.2701231534837136,197.0,0.9999999999995016
"[0.0012103310814002136, 0.0012143144701799605, 0.0012130991806930769, 0.001219274251454777, 0.0011944356211109903, 0.0011100068502356132, 0.0010730321308395116, 0.0008277005489749072, 0.00044391275570905125]",0.011523467784181288,2.281646621267895,198.0,0.9999999999996222
"[0.0012032658433615104, 0.0012103310814002136, 0.0012143144701799605, 0.0012149308294914488, 0.0011985191242068665, 0.0011172192062920505, 0.001090245471194485, 0.0008454688202976153, 0.0004397560595255597]",0.011523467784181288,2.2931700890520763,199.0,0.9999999999992419
"[0.0011940527425355568, 0.0012032658433615104, 0.0012103310814002136, 0.0012130991806930769, 0.0012139657602186946, 0.0011327306169485267, 0.0011092123711607883, 0.000855452322834859, 0.0004416137463275968]",0.011523467784181288,2.304693556836258,200.0,0.9999999999991148
"[0.0011895363755061352, 0.0011940527425355568, 0.0012032658433615104, 0.0012143144701799605, 0.0012213283446356807, 0.0011523811672700082, 0.001117199711097416, 0.0008624277545665003, 0.0004363346091229829]",0.011523467784181288,2.316217024620439,201.0,0.9999999999992799
"[0.0011855056909920564, 0.0011895363755061352, 0.0011940527425355568, 0.0012103310814002136, 0.001219274251454777, 0.0011662525369905113, 0.0011231338248077207, 0.0008802239214985375, 0.0004294567443254243]",0.011523467784181288,2.32774049240462,202.0,0.9999999999983452
"[0.0011819344611524243, 0.0011855056909920564, 0.0011895363755061352, 0.0012032658433615104, 0.0012149308294914488, 0.0011781776149567059, 0.001119181830784341, 0.000891203938999643, 0.0004215734205766699]",0.011523467784181288,2.3392639601888017,203.0,0.9999999999962115
"[0.0011831081860888873, 0.0011819344611524243, 0.0011855056909920564, 0.0011940527425355568, 0.0012130991806930769, 0.0011845498292299152, 0.0011179133190655042, 0.0009122326913244304, 0.0004170358135429553]",0.011523467784181288,2.350787427972983,204.0,0.9999999999983811
"[0.0011874026093684866, 0.0011831081860888873, 0.0011819344611524243, 0.0011895363755061352, 0.0012143144701799605, 0.0011872042352201885, 0.001117708589670743, 0.0009387612277519979, 0.00040803648838057916]",0.011523467784181288,2.362310895757164,205.0,0.9999999999978214
"[0.0011863019501034424, 0.0011874026093684866, 0.0011831081860888873, 0.0011855056909920564, 0.0012103310814002136, 0.0011944356211109903, 0.0011209281576681784, 0.000955959560195475, 0.0003999625005325664]",0.011523467784181288,2.3738343635413455,206.0,0.9999999999982458
"[0.001184540866563818, 0.0011863019501034424, 0.0011874026093684866, 0.0011819344611524243, 0.0012032658433615104, 0.0011985191242068665, 0.0011202819645344075, 0.0009682791529350705, 0.00039800075376880044]",0.011523467784181288,2.3853578313255266,207.0,0.9999999999988326
"[0.0011846179810600104, 0.001184540866563818, 0.0011863019501034424, 0.0011831081860888873, 0.0011940527425355568, 0.0012139657602186946, 0.001116870729576977, 0.0009773773876025043, 0.0003953261324053622]",0.011523467784181288,2.396881299109708,208.0,0.9999999999991595
"[0.0011799930151436557, 0.0011846179810600104, 0.001184540866563818, 0.0011874026093684866, 0.0011895363755061352, 0.0012213283446356807, 0.0011092005180975966, 0.0009882183667569739, 0.00039777607306798116]",0.011523467784181288,2.4084047668938893,209.0,0.999999999999053
"[0.0011721161501252772, 0.0011799930151436557, 0.0011846179810600104, 0.0011863019501034424, 0.0011855056909920564, 0.001219274251454777, 0.0011047076157657866, 0.0009928789992700302, 0.0004005453197903064]",0.011523467784181288,2.4199282346780704,210.0,0.9999999999994733
"[0.0011657026450508808, 0.0011721161501252772, 0.0011799930151436557, 0.001184540866563818, 0.0011819344611524243, 0.0012149308294914488, 0.0010989982318557522, 0.0010041557205222116, 0.0004140248485005216]",0.011523467784181288,2.431451702462252,211.0,0.9999999999992433
"[0.001155429182435872, 0.0011657026450508808, 0.0011721161501252772, 0.0011846179810600104, 0.0011831081860888873, 0.0012130991806930769, 0.0010956755158201686, 0.0010089857139957412, 0.00042634980663225813]",0.011523467784181288,2.442975170246433,212.0,0.9999999999993393
"[0.001147639714115976, 0.001155429182435872, 0.0011657026450508808, 0.0011799930151436557, 0.0011874026093684866, 0.0012143144701799605, 0.001100514946471549, 0.0010179442541286916, 0.0004478038377112622]",0.011523467784181288,2.4544986380306146,213.0,0.999999999999615
"[0.0011396195459515248, 0.001147639714115976, 0.001155429182435872, 0.0011721161501252772, 0.0011863019501034424, 0.0012103310814002136, 0.0011100068502356132, 0.001035984675016561, 0.0004752342185861698]",0.011523467784181288,2.4660221058147958,214.0,0.9999999999993254
"[0.0011270290806842669, 0.0011396195459515248, 0.001147639714115976, 0.0011657026450508808, 0.001184540866563818, 0.0012032658433615104, 0.0011172192062920505, 0.0010477588020358542, 0.0004894861820184862]",0.011523467784181288,2.477545573598977,215.0,0.9999999999989732
"[0.0011180611939575324, 0.0011270290806842669, 0.0011396195459515248, 0.001155429182435872, 0.0011846179810600104, 0.0011940527425355568, 0.0011327306169485267, 0.0010589904877368714, 0.00049589498331117]",0.011523467784181288,2.4890690413831584,216.0,0.9999999999969282
"[0.0011111638479326268, 0.0011180611939575324, 0.0011270290806842669, 0.001147639714115976, 0.0011799930151436557, 0.0011895363755061352, 0.0011523811672700082, 0.0010707795827056105, 0.0004985308664481359]",0.011523467784181288,2.5005925091673395,217.0,0.9999999999980186
"[0.001108974124551063, 0.0011111638479326268, 0.0011180611939575324, 0.0011396195459515248, 0.0011721161501252772, 0.0011855056909920564, 0.0011662525369905113, 0.0010765387547650262, 0.0004964910712916702]",0.011523467784181288,2.5121159769515207,218.0,0.9999999999890672
"[0.0011076774896373097, 0.001108974124551063, 0.0011111638479326268, 0.0011270290806842669, 0.0011657026450508808, 0.0011819344611524243, 0.0011781776149567059, 0.0010694086500892522, 0.0005085317361743128]",0.011523467784181288,2.5236394447357022,219.0,0.9999999999832123
"[0.0011156742581165868, 0.0011076774896373097, 0.001108974124551063, 0.0011180611939575324, 0.001155429182435872, 0.0011831081860888873, 0.0011845498292299152, 0.0010627964410128894, 0.000511911041721776]",0.011523467784181288,2.5351629125198833,220.0,0.9999999999871602
"[0.0011250186311405298, 0.0011156742581165868, 0.0011076774896373097, 0.0011111638479326268, 0.001147639714115976, 0.0011874026093684866, 0.0011872042352201885, 0.0010611192960156485, 0.0005159485727261706]",0.011523467784181288,2.546686380304065,221.0,0.9999999999985592
"[0.001130018404899183, 0.0011250186311405298, 0.0011156742581165868, 0.001108974124551063, 0.0011396195459515248, 0.0011863019501034424, 0.0011944356211109903, 0.0010612779158026212, 0.000530594893935463]",0.011523467784181288,2.558209848088246,222.0,0.9999999999989939
"[0.0011278186534711297, 0.001130018404899183, 0.0011250186311405298, 0.0011076774896373097, 0.0011270290806842669, 0.001184540866563818, 0.0011985191242068665, 0.0010654699534386057, 0.0005396794161405326]",0.011523467784181288,2.569733315872427,223.0,0.999999999996412
"[0.0011229142833121628, 0.0011278186534711297, 0.001130018404899183, 0.0011156742581165868, 0.0011180611939575324, 0.0011846179810600104, 0.0012139657602186946, 0.001065508990399964, 0.0005530970880280255]",0.011523467784181288,2.5812567836566087,224.0,0.9999999999996148
"[0.0011218704374736943, 0.0011229142833121628, 0.0011278186534711297, 0.0011250186311405298, 0.0011111638479326268, 0.0011799930151436557, 0.0012213283446356807, 0.0010614721643695446, 0.0005617536022076741]",0.011523467784181288,2.59278025144079,225.0,0.9999999999993683
"[0.0011113213587885076, 0.0011218704374736943, 0.0011229142833121628, 0.001130018404899183, 0.001108974124551063, 0.0011721161501252772, 0.001219274251454777, 0.0010542086831078867, 0.0005595881609821942]",0.011523467784181288,2.6043037192249714,226.0,0.9999999999992675
"[0.0011043195459957565, 0.0011113213587885076, 0.0011218704374736943, 0.0011278186534711297, 0.0011076774896373097, 0.0011657026450508808, 0.0012149308294914488, 0.0010488404030289506, 0.0005659479875570326]",0.011523467784181288,2.6158271870091525,227.0,0.9999999999976341
"[0.0010988834455797091, 0.0011043195459957565, 0.0011113213587885076, 0.0011229142833121628, 0.0011156742581165868, 0.001155429182435872, 0.0012130991806930769, 0.00104822661788785, 0.0005780887961692274]",0.011523467784181288,2.6273506547933336,228.0,0.9999999999927061
"[0.0011014451092097282, 0.0010988834455797091, 0.0011043195459957565, 0.0011218704374736943, 0.0011250186311405298, 0.001147639714115976, 0.0012143144701799605, 0.0010587864482381531, 0.0005851631013543747]",0.011523467784181288,2.638874122577515,229.0,0.9999999998578741
"[0.0011076277619180303, 0.0011014451092097282, 0.0010988834455797091, 0.0011113213587885076, 0.001130018404899183, 0.0011396195459515248, 0.0012103310814002136, 0.0010730321308395116, 0.0005928076303636435]",0.011523467784181288,2.6503975903616963,230.0,0.9999999993603527
"[0.0011208542543902687, 0.0011076277619180303, 0.0011014451092097282, 0.0011043195459957565, 0.0011278186534711297, 0.0011270290806842669, 0.0012032658433615104, 0.001090245471194485, 0.0005999704842295947]",0.011523467784181288,2.6619210581458774,231.0,0.999999999777964
"[0.0011372476384616872, 0.0011208542543902687, 0.0011076277619180303, 0.0010988834455797091, 0.0011229142833121628, 0.0011180611939575324, 0.0011940527425355568, 0.0011092123711607883, 0.0006082565418018859]",0.011523467784181288,2.673444525930059,232.0,0.9999999995000689
"[0.0011511301717362376, 0.0011372476384616872, 0.0011208542543902687, 0.0011014451092097282, 0.0011218704374736943, 0.0011111638479326268, 0.0011895363755061352, 0.001117199711097416, 0.0006168200193876327]",0.011523467784181288,2.68496799371424,233.0,0.9999999995183856
"[0.001167680603824292, 0.0011511301717362376, 0.0011372476384616872, 0.0011076277619180303, 0.0011113213587885076, 0.001108974124551063, 0.0011855056909920564, 0.0011231338248077207, 0.0006405513049135692]",0.011523467784181288,2.6964914614984217,234.0,0.9999999999564247
"[0.001186405447616976, 0.001167680603824292, 0.0011511301717362376, 0.0011208542543902687, 0.0011043195459957565, 0.0011076774896373097, 0.0011819344611524243, 0.001119181830784341, 0.0006641994370365989]",0.011523467784181288,2.708014929282603,235.0,0.9999999999275058
"[0.0011986114493296113, 0.001186405447616976, 0.001167680603824292, 0.0011372476384616872, 0.0010988834455797091, 0.0011156742581165868, 0.0011831081860888873, 0.0011179133190655042, 0.0006796230748036978]",0.011523467784181288,2.719538397066784,236.0,0.9999999999936348
"[0.0012132738080510997, 0.0011986114493296113, 0.001186405447616976, 0.0011511301717362376, 0.0011014451092097282, 0.0011250186311405298, 0.0011874026093684866, 0.001117708589670743, 0.0006859269107200547]",0.011523467784181288,2.7310618648509655,237.0,0.9999999999884878
"[0.0012217891690860007, 0.0012132738080510997, 0.0011986114493296113, 0.001167680603824292, 0.0011076277619180303, 0.001130018404899183, 0.0011863019501034424, 0.0011209281576681784, 0.0006927874214722888]",0.011523467784181288,2.7425853326351466,238.0,0.9999999984937891
"[0.0012328945731615389, 0.0012217891690860007, 0.0012132738080510997, 0.001186405447616976, 0.0011208542543902687, 0.0011278186534711297, 0.001184540866563818, 0.0011202819645344075, 0.0006900221109095653]",0.011523467784181288,2.7541088004193277,239.0,0.9999999985179375
"[0.001257617531990719, 0.0012328945731615389, 0.0012217891690860007, 0.0011986114493296113, 0.0011372476384616872, 0.0011229142833121628, 0.0011846179810600104, 0.001116870729576977, 0.0006875276638189418]",0.011523467784181288,2.7656322682035093,240.0,0.9999999985518917
"[0.0012784052609703745, 0.001257617531990719, 0.0012328945731615389, 0.0012132738080510997, 0.0011511301717362376, 0.0011218704374736943, 0.0011799930151436557, 0.0011092005180975966, 0.0006817231658276253]",0.011523467784181288,2.7771557359876904,241.0,0.9999999999264344
